11.344262899408
#INFO: **** input file is /Users/phungngocduy/Documents/1_De_tai_KOBMP2/khanh/NguyenBan_khongchinh_he/DFT_nguyenban/dft_dimond_he.py ****
import pyscf.pbc.tools.pyscf_ase as pyscf_ase
import pyscf.pbc.gto as pbcgto
import pyscf.pbc.dft as pbcdft
import pandas as pd  # Thêm thư viện pandas
import numpy
import sys  # Xuất file log

import os
from ase.build import bulk
from ase.dft.kpoints import sc_special_points as special_points, get_bandpath
import datetime


class Tee:
    def __init__(self, filename):
        self.file = open(filename, "w")
        self.stdout = sys.stdout

    def write(self, data):
        self.stdout.write(data)
        self.file.write(data)

    def flush(self):
        self.stdout.flush()
        self.file.flush()


kpointx = 4
kpointy = 4
kpointz = 4

npoints1 = 110

# Generate a unique filename using the current timestamp
output_filename = f"Dimond_tzvp_pbe_{kpointx}X{kpointy}X{kpointz}_DFT_{datetime.datetime.now().strftime('%Y%m%d_%H%M%S')}.txt"

# Initialize Tee to write to both terminal and file
sys.stdout = Tee(output_filename)

# c = bulk('Si', 'diamond', a=5.431) # Tương tự
#c = bulk('Ge', 'diamond', a=5.658)
c = bulk('C', 'diamond', a=3.5668)
print(c.get_volume())

cell = pbcgto.Cell()
cell.atom = pyscf_ase.ase_atoms_to_pyscf(c)
cell.a = c.cell

cell.basis = 'gth-tzvp'
cell.pseudo = 'gth-pbe'
cell.verbose = 5
# cell.exp_to_discard = 0.1  # Loại bỏ các hàm cơ sở có exponent < 0.1, tránh tràn số (Chỗ đã chỉnh sửa)
#cell.a = numpy.array(cell.a).tolist()
#cell.build(None, None)
#cell.precision = 1e-14
#cell.rcut = 35.88
cell.build()

points = special_points['fcc']
G = points['G']
X = points['X']
W = points['W']
K = points['K']
L = points['L']
band_kpts, kpath, sp_points = get_bandpath([L, G, X, W, K, G], c.cell, npoints=npoints1)
band_kpts = cell.get_abs_kpts(band_kpts)

#
# band structure from Gamma point sampling
#
"""
mf = pbcdft.RKS(cell)
print(mf.kernel())

e_kn = mf.get_bands(band_kpts)[0]
vbmax = -99
for en in e_kn:
    vb_k = en[cell.nelectron // 2 - 1]
    if vb_k > vbmax:
        vbmax = vb_k
e_kn = [en - vbmax for en in e_kn]
"""
#
# band structure from 222 k-point sampling
#

kmf = pbcdft.KRKS(cell, cell.make_kpts([kpointx, kpointy, kpointz]))
print(kmf.kernel())

e_kn_2 = kmf.get_bands(band_kpts)[0]
vbmax = -99
for en in e_kn_2:
    vb_k = en[cell.nelectron // 2 - 1]
    if vb_k > vbmax:
        vbmax = vb_k
e_kn_2 = [en - vbmax for en in e_kn_2]

au2ev = 27.21139  # Hệ số chuyển đổi Hartree → eV

# Tạo DataFrame chứa kết quả
nbands = cell.nao_nr()
band_data = []

# Thu thập dữ liệu cho từng k-point
for i, k in enumerate(kpath):
    row = {'kpath': k}
    for band_idx in range(nbands):
        #row[f'band_{band_idx}_gamma'] = e_kn[i][band_idx] * au2ev
        row[f'band_{band_idx}_222'] = e_kn_2[i][band_idx] * au2ev
    band_data.append(row)

# Tạo DataFrame từ dữ liệu
df_bands = pd.DataFrame(band_data)

# Tạo DataFrame cho các điểm đặc biệt
df_special_points = pd.DataFrame({
    'label': ['L', 'Gamma', 'X', 'W', 'K', 'Gamma'],
    'position': sp_points
})

# Lưu kết quả vào file Excel
timestamp = datetime.datetime.now().strftime('%Y%m%d_%H%M%S')
filename = os.path.join(os.getcwd(), f"Dimond_tzvp_pbe_{kpointx}x{kpointy}x{kpointz}_DFT_{timestamp}.xlsx")
with pd.ExcelWriter(filename) as writer:
    df_bands.to_excel(writer, sheet_name='Band Energies', index=False)
    df_special_points.to_excel(writer, sheet_name='Special Points', index=False)

print(f"Kết quả đã được lưu vào file {filename}")#INFO: ******************** input file end ********************


System: uname_result(system='Darwin', node='MacBook-Pro-cua-Phung.local', release='25.0.0', version='Darwin Kernel Version 25.0.0: Mon Aug 25 21:17:45 PDT 2025; root:xnu-12377.1.9~3/RELEASE_ARM64_T8103', machine='arm64')  Threads 1
Python 3.11.8 | packaged by conda-forge | (main, Feb 16 2024, 20:49:36) [Clang 16.0.6 ]
numpy 1.26.4  scipy 1.11.4  h5py 3.9.0
Date: Fri Sep 19 14:56:08 2025
PySCF version 2.7.0
PySCF path  /opt/anaconda3/lib/python3.11/site-packages/pyscf

[CONFIG] conf_file None
[INPUT] verbose = 5
[INPUT] max_memory = 4000 
[INPUT] num. atoms = 2
[INPUT] num. electrons = 8
[INPUT] charge = 0
[INPUT] spin (= nelec alpha-beta = 2S) = 0
[INPUT] symmetry False subgroup None
[INPUT] Mole.unit = angstrom
[INPUT] Symbol           X                Y                Z      unit          X                Y                Z       unit  Magmom
[INPUT]  1 C      0.000000000000   0.000000000000   0.000000000000 AA    0.000000000000   0.000000000000   0.000000000000 Bohr   0.0
[INPUT]  2 C      0.891700000000   0.891700000000   0.891700000000 AA    1.685068785275   1.685068785275   1.685068785275 Bohr   0.0
[INPUT] ---------------- BASIS SET ---------------- 
[INPUT] l, kappa, [nprim/nctr], expnt,             c_1 c_2 ...
[INPUT] C
[INPUT] 0    0    [5    /3   ]  5.3685662937      0.0974901974    0    0
                                1.9830691554      0.1041996677    0    0
                                0.6978346167      -0.3645093878    0    0
                                0.2430968816      -0.6336931464    1    0
                                0.0812865018      -0.1676727564    0    1
[INPUT] 1    0    [5    /3   ]  5.3685662937      -0.0510969367    0    0
                                1.9830691554      -0.1693035193    0    0
                                0.6978346167      -0.357993393    0    0
                                0.2430968816      -0.4327616531    1    0
                                0.0812865018      -0.2457672757    0    1
[INPUT] 2    0    [1    /1   ]  0.55                 1

Ewald components = 1.03801047765584, -14.3374600154978, 0.51232039221771
nuclear repulsion = -12.7871291456242
number of shells = 6
number of NR pGTOs = 50
number of NR cGTOs = 34
basis = gth-tzvp
ecp = {}
CPU time:         2.71
lattice vectors  a1 [0.000000000, 3.370137571, 3.370137571]
                 a2 [3.370137571, 0.000000000, 3.370137571]
                 a3 [3.370137571, 3.370137571, 0.000000000]
dimension = 3
low_dim_ft_type = None
Cell volume = 76.5549
rcut = 26.46645368697346 (nimgs = [7 7 7])
lattice sum = 2135 cells
precision = 1e-08
pseudo = gth-pbe
ke_cutoff = 502.106041190294
    = [51 51 51] mesh (132651 PWs)


******** <class 'pyscf.pbc.dft.krks.KRKS'> ********
method = KRKS
initial guess = minao
damping factor = 0
level_shift factor = 0
DIIS = <class 'pyscf.scf.diis.CDIIS'>
diis_start_cycle = 1
diis_space = 8
diis_damp = 0
SCF conv_tol = 1e-07
SCF conv_tol_grad = None
SCF max_cycles = 50
direct_scf = True
direct_scf_tol = 1e-13
chkfile to save SCF result = /var/folders/6s/wvr4jbnj67583gh8hszcx5bh0000gn/T/tmphhaazv4x
max_memory 4000 MB (current use 0 MB)


******** PBC SCF flags ********
N kpts = 64
kpts = [[ 0.00000000e+00  0.00000000e+00  0.00000000e+00]
 [ 2.33046321e-01  2.33046321e-01 -2.33046321e-01]
 [ 4.66092643e-01  4.66092643e-01 -4.66092643e-01]
 [ 6.99138964e-01  6.99138964e-01 -6.99138964e-01]
 [ 2.33046321e-01 -2.33046321e-01  2.33046321e-01]
 [ 4.66092643e-01  0.00000000e+00  0.00000000e+00]
 [ 6.99138964e-01  2.33046321e-01 -2.33046321e-01]
 [ 9.32185286e-01  4.66092643e-01 -4.66092643e-01]
 [ 4.66092643e-01 -4.66092643e-01  4.66092643e-01]
 [ 6.99138964e-01 -2.33046321e-01  2.33046321e-01]
 [ 9.32185286e-01  0.00000000e+00  0.00000000e+00]
 [ 1.16523161e+00  2.33046321e-01 -2.33046321e-01]
 [ 6.99138964e-01 -6.99138964e-01  6.99138964e-01]
 [ 9.32185286e-01 -4.66092643e-01  4.66092643e-01]
 [ 1.16523161e+00 -2.33046321e-01  2.33046321e-01]
 [ 1.39827793e+00 -5.55111512e-17  5.55111512e-17]
 [-2.33046321e-01  2.33046321e-01  2.33046321e-01]
 [ 0.00000000e+00  4.66092643e-01  0.00000000e+00]
 [ 2.33046321e-01  6.99138964e-01 -2.33046321e-01]
 [ 4.66092643e-01  9.32185286e-01 -4.66092643e-01]
 [ 0.00000000e+00  0.00000000e+00  4.66092643e-01]
 [ 2.33046321e-01  2.33046321e-01  2.33046321e-01]
 [ 4.66092643e-01  4.66092643e-01  0.00000000e+00]
 [ 6.99138964e-01  6.99138964e-01 -2.33046321e-01]
 [ 2.33046321e-01 -2.33046321e-01  6.99138964e-01]
 [ 4.66092643e-01  0.00000000e+00  4.66092643e-01]
 [ 6.99138964e-01  2.33046321e-01  2.33046321e-01]
 [ 9.32185286e-01  4.66092643e-01  5.55111512e-17]
 [ 4.66092643e-01 -4.66092643e-01  9.32185286e-01]
 [ 6.99138964e-01 -2.33046321e-01  6.99138964e-01]
 [ 9.32185286e-01  0.00000000e+00  4.66092643e-01]
 [ 1.16523161e+00  2.33046321e-01  2.33046321e-01]
 [-4.66092643e-01  4.66092643e-01  4.66092643e-01]
 [-2.33046321e-01  6.99138964e-01  2.33046321e-01]
 [ 0.00000000e+00  9.32185286e-01  0.00000000e+00]
 [ 2.33046321e-01  1.16523161e+00 -2.33046321e-01]
 [-2.33046321e-01  2.33046321e-01  6.99138964e-01]
 [ 0.00000000e+00  4.66092643e-01  4.66092643e-01]
 [ 2.33046321e-01  6.99138964e-01  2.33046321e-01]
 [ 4.66092643e-01  9.32185286e-01  5.55111512e-17]
 [ 0.00000000e+00  0.00000000e+00  9.32185286e-01]
 [ 2.33046321e-01  2.33046321e-01  6.99138964e-01]
 [ 4.66092643e-01  4.66092643e-01  4.66092643e-01]
 [ 6.99138964e-01  6.99138964e-01  2.33046321e-01]
 [ 2.33046321e-01 -2.33046321e-01  1.16523161e+00]
 [ 4.66092643e-01  0.00000000e+00  9.32185286e-01]
 [ 6.99138964e-01  2.33046321e-01  6.99138964e-01]
 [ 9.32185286e-01  4.66092643e-01  4.66092643e-01]
 [-6.99138964e-01  6.99138964e-01  6.99138964e-01]
 [-4.66092643e-01  9.32185286e-01  4.66092643e-01]
 [-2.33046321e-01  1.16523161e+00  2.33046321e-01]
 [-5.55111512e-17  1.39827793e+00  5.55111512e-17]
 [-4.66092643e-01  4.66092643e-01  9.32185286e-01]
 [-2.33046321e-01  6.99138964e-01  6.99138964e-01]
 [-5.55111512e-17  9.32185286e-01  4.66092643e-01]
 [ 2.33046321e-01  1.16523161e+00  2.33046321e-01]
 [-2.33046321e-01  2.33046321e-01  1.16523161e+00]
 [-5.55111512e-17  4.66092643e-01  9.32185286e-01]
 [ 2.33046321e-01  6.99138964e-01  6.99138964e-01]
 [ 4.66092643e-01  9.32185286e-01  4.66092643e-01]
 [-5.55111512e-17  5.55111512e-17  1.39827793e+00]
 [ 2.33046321e-01  2.33046321e-01  1.16523161e+00]
 [ 4.66092643e-01  4.66092643e-01  9.32185286e-01]
 [ 6.99138964e-01  6.99138964e-01  6.99138964e-01]]
Exchange divergence treatment (exxdiv) = ewald
Ewald components = 1.91010858017955e-11, -0.142344034861904, 0.0573166810231177
    madelung (= occupied orbital energy shift) = 0.17005470763936958
    Total energy shift due to Ewald probe charge = -1/2 * Nelec*madelung = -0.680218830557
DF object = <pyscf.pbc.df.fft.FFTDF object at 0x124119a10>
XC functionals = LDA,VWN
small_rho_cutoff = 1e-07
Uniform grid, mesh = [51 51 51]

WARN: Singularity detected in overlap matrix (condition number = 9.82e+10). SCF may be inaccurate and hard to converge.

Set gradient conv threshold to 0.000316228
nelec by numeric integration = 7.999990638101629
    CPU time for vxc     16.33 sec, wall time     14.91 sec
    CPU time for vj and vk     28.84 sec, wall time     25.66 sec
E1 = (3.871713969714238+1.0938146794165053e-18j)  Ecoul = 0.6341564446948154  Exc = -3.4275162834136497
init E= -11.7087750146288
    CPU time for initialize scf     69.73 sec, wall time     60.52 sec
HOMO = 0.440994095587  LUMO = 0.624419016411
     k-point                  mo_energy
   0 ( 0.000  0.000  0.000)   [-0.32881179  0.4409941   0.4409941   0.4409941 ] [0.66049809 0.66049809 0.6604981  0.93298118 1.18428172 1.467011
 1.467011   1.50553194 1.50553194 1.50553198 1.76369007 2.19654723
 2.19654727 2.19655026 2.96829783 2.96829783 2.96829791 3.22293639
 3.22293639 3.48915501 3.48915501 3.48915502 4.17354661 4.17354677
 4.17359197 4.98903824 4.98903922 4.98923246 8.88875549 9.21909028]
   1 (-0.000 -0.000  0.250)   [-0.26709809  0.20944669  0.38011511  0.38011511] [0.73965728 0.73965728 0.75157733 0.98385506 1.2308285  1.31108865
 1.31108886 1.41056741 1.93700814 1.93700883 2.06419099 2.064191
 2.07169547 2.14371174 2.78517206 2.78517238 3.08508453 3.11153203
 3.11153354 3.3148889  3.31488956 3.33331998 3.64598414 4.09327822
 4.09329113 4.28021945 4.28023071 4.32899274 8.97197518 9.15951399]
   2 (-0.000 -0.000  0.500)   [-0.12286631 -0.03165826  0.3419505   0.3419505 ] [0.76875494 0.76875494 0.77788644 1.03582922 1.26137157 1.3506359
 1.42691805 1.42691808 1.7463187  1.74631871 2.16746455 2.53585163
 2.59131767 2.59131773 2.66883454 2.66883469 2.7056206  2.70562066
 3.16334238 3.31833504 3.31833507 3.33008097 3.81451511 3.98074693
 3.98074694 4.37220069 4.37220225 4.93337476 9.03883488 9.13568167]
   3 ( 0.000  0.000  0.750)   [-0.26709809  0.20944669  0.38011511  0.38011511] [0.73965728 0.73965728 0.75157733 0.98385506 1.2308285  1.31108865
 1.31108886 1.41056741 1.93700814 1.93700883 2.06419099 2.064191
 2.07169547 2.14371175 2.78517206 2.78517238 3.08508455 3.11153203
 3.11153354 3.3148889  3.31488955 3.33331999 3.64598415 4.09327819
 4.09329111 4.28021943 4.2802307  4.32899274 8.97197518 9.15951399]
   4 ( 0.000  0.250 -0.000)   [-0.26709809  0.20944669  0.38011511  0.38011511] [0.73965728 0.73965728 0.75157733 0.98385506 1.23082852 1.31108865
 1.31108886 1.41056739 1.93700814 1.93700883 2.064191   2.064191
 2.07169553 2.1437117  2.78517205 2.78517237 3.08508435 3.11153203
 3.11153354 3.3148889  3.31488956 3.33332012 3.64598405 4.09327812
 4.09329107 4.28021941 4.28023065 4.32899272 8.97197526 9.15951394]
   5 ( 0.000  0.250  0.250)   [-0.24648882  0.27975939  0.29732008  0.29732025] [0.62441902 0.84483853 0.87211525 0.87211563 1.19746474 1.2777967
 1.58334201 1.68856976 1.68860311 1.80297657 1.981183   1.98126409
 2.15032247 2.58575692 2.61580167 2.97471335 2.97505527 3.05545226
 3.05585904 3.07571312 3.19780768 3.37310858 3.60672126 4.04490309
 4.09264176 4.09488062 4.79108203 4.79809184 8.97004896 9.15140066]
   6 (-0.000  0.250  0.500)   [-0.11237848  0.05805109  0.20438134  0.26972933] [0.68842322 0.87941689 0.91919698 0.93748224 1.20154744 1.31711744
 1.48963169 1.62949014 1.81551698 2.00891259 2.11258321 2.27338547
 2.4054527  2.42559638 2.44894055 2.64323099 2.77164539 2.87953288
 3.03650459 3.08946644 3.22839606 3.52528059 3.75696461 3.87740221
 3.9616977  4.10473379 4.23927035 4.5484695  9.01338787 9.07899726]
   7 (-0.000  0.250  0.750)   [-0.16801707  0.1315608   0.17535164  0.33538302] [0.75185998 0.81883744 0.90256242 0.96054628 1.18453076 1.25247703
 1.36369719 1.71057029 1.80956485 2.02316827 2.04095819 2.04481592
 2.41564865 2.57785828 2.62963627 2.72410708 2.7366341  2.91038533
 3.09789695 3.122264   3.22995003 3.48419742 3.55892004 3.56271761
 4.00942312 4.02493941 4.18462309 4.55765367 9.00844203 9.093462  ]
   8 ( 0.000  0.500 -0.000)   [-0.12286631 -0.03165826  0.3419505   0.3419505 ] [0.76875494 0.76875494 0.77788644 1.03582922 1.26137156 1.3506359
 1.42691805 1.42691808 1.7463187  1.74631871 2.16746464 2.53585164
 2.59131768 2.59131773 2.66883454 2.66883469 2.7056206  2.70562066
 3.1633424  3.31833504 3.31833507 3.33008108 3.81451505 3.98074693
 3.98074694 4.37220072 4.37220228 4.93337432 9.03883487 9.13568174]
   9 ( 0.000  0.500  0.250)   [-0.11237848  0.05805109  0.20438134  0.26972933] [0.68842323 0.87941689 0.91919698 0.93748224 1.20154744 1.31711744
 1.48963169 1.62949015 1.81551697 2.00891259 2.11258321 2.27338547
 2.40545267 2.42559638 2.44894055 2.643231   2.77164545 2.87953288
 3.03650444 3.08946642 3.22839603 3.52528054 3.7569648  3.87740236
 3.96169763 4.10473367 4.23927011 4.54846911 9.01338783 9.07899728]
  10 ( 0.000  0.500  0.500)   [-0.01519162 -0.01519162  0.21923638  0.21923638] [0.64424078 0.64424078 1.05557004 1.0555719  1.30186997 1.30186997
 1.67145653 1.67145653 1.94003335 1.94003335 2.27398205 2.27398205
 2.32694053 2.32768582 2.32768586 2.32830023 2.48114515 2.48114515
 3.20308999 3.20622126 3.35285832 3.35285834 3.40007364 3.40007366
 4.24952112 4.24952115 4.60073873 4.60277813 9.03337413 9.03337459]
  11 (-0.000  0.500  0.750)   [-0.11237848  0.05805109  0.20438134  0.26972933] [0.68842323 0.87941689 0.91919698 0.93748224 1.20154744 1.31711744
 1.48963169 1.62949015 1.81551697 2.00891259 2.11258321 2.27338547
 2.40545268 2.42559638 2.44894054 2.643231   2.77164547 2.87953289
 3.03650437 3.08946643 3.22839601 3.52528054 3.75696471 3.87740253
 3.9616977  4.10473387 4.23926994 4.54846867 9.01338784 9.07899727]
  12 (-0.000  0.750  0.000)   [-0.26709809  0.20944669  0.38011511  0.38011511] [0.73965728 0.73965728 0.75157733 0.98385506 1.23082852 1.31108865
 1.31108886 1.41056739 1.93700814 1.93700883 2.064191   2.064191
 2.07169552 2.14371165 2.78517205 2.78517237 3.0850843  3.11153203
 3.11153354 3.3148889  3.31488956 3.33332007 3.64598406 4.09327813
 4.09329105 4.28021942 4.28023063 4.32899271 8.97197526 9.15951394]
  13 ( 0.000  0.750  0.250)   [-0.16801707  0.1315608   0.17535164  0.33538302] [0.75185998 0.81883744 0.90256242 0.96054628 1.18453076 1.25247703
 1.36369719 1.71057029 1.80956485 2.02316827 2.04095819 2.04481593
 2.41564865 2.5778583  2.62963627 2.72410714 2.7366341  2.91038533
 3.09789696 3.122264   3.22995008 3.48419743 3.55892004 3.56271758
 4.00942311 4.02493941 4.18462314 4.55765366 9.00844203 9.09346201]
  14 (-0.000  0.750  0.500)   [-0.11237848  0.05805109  0.20438134  0.26972933] [0.68842322 0.87941689 0.91919698 0.93748224 1.20154744 1.31711744
 1.48963169 1.62949014 1.81551698 2.00891259 2.11258321 2.27338547
 2.40545272 2.42559638 2.44894056 2.64323099 2.77164544 2.87953288
 3.03650458 3.08946645 3.22839606 3.52528062 3.75696461 3.87740244
 3.96169775 4.10473392 4.23927034 4.54846941 9.01338787 9.07899726]
  15 ( 0.000  0.750  0.750)   [-0.24648882  0.27975939  0.29732008  0.29732025] [0.62441902 0.84483853 0.87211525 0.87211563 1.19746474 1.2777967
 1.58334201 1.68856975 1.68860311 1.80297657 1.98118297 1.98126411
 2.15032247 2.58575692 2.61580167 2.97471316 2.97505536 3.05545202
 3.05585915 3.07571312 3.19780768 3.37310858 3.60672126 4.04490309
 4.09263996 4.09488141 4.79107551 4.79809477 8.97004896 9.15140066]
  16 ( 0.250  0.000  0.000)   [-0.26709809  0.20944669  0.38011511  0.38011511] [0.73965728 0.73965728 0.75157733 0.98385506 1.23082852 1.31108865
 1.31108886 1.41056739 1.93700814 1.93700883 2.064191   2.064191
 2.0716955  2.14371109 2.78517206 2.78517237 3.08508341 3.11153204
 3.11153355 3.31488891 3.31488956 3.33331922 3.64598393 4.09327815
 4.09329113 4.28021944 4.2802307  4.32899264 8.97197519 9.1595139 ]
  17 ( 0.250  0.000  0.250)   [-0.24648882  0.27975939  0.29732008  0.29732025] [0.62441902 0.84483853 0.87211525 0.87211563 1.19746474 1.2777967
 1.58334201 1.68856977 1.68860309 1.80297657 1.98118303 1.98126406
 2.15032247 2.58575692 2.61580167 2.97471358 2.97505508 3.05545256
 3.05585878 3.07571312 3.19780767 3.37310858 3.60672126 4.04490309
 4.09264397 4.0948787  4.79108997 4.79808482 8.97004896 9.15140066]
  18 ( 0.250 -0.000  0.500)   [-0.11237848  0.05805109  0.20438134  0.26972933] [0.68842322 0.87941689 0.91919698 0.93748224 1.20154744 1.31711744
 1.48963169 1.62949014 1.81551698 2.00891259 2.11258321 2.27338547
 2.4054527  2.42559638 2.44894053 2.64323098 2.77164536 2.87953288
 3.03650458 3.08946644 3.22839607 3.5252806  3.75696461 3.87740229
 3.96169769 4.10473376 4.23927036 4.54846946 9.01338786 9.07899725]
  19 ( 0.250 -0.000  0.750)   [-0.16801707  0.1315608   0.17535164  0.33538302] [0.75185998 0.81883744 0.90256242 0.96054628 1.18453076 1.25247703
 1.36369719 1.71057028 1.80956484 2.02316828 2.04095819 2.04481589
 2.41564865 2.57785822 2.62963628 2.72410689 2.7366341  2.91038533
 3.09789688 3.122264   3.22994988 3.48419736 3.55891999 3.5627181
 4.00942324 4.02493948 4.18462292 4.55765382 9.00844203 9.09346196]
  20 ( 0.250  0.250  0.000)   [-0.24648882  0.27975939  0.29732008  0.29732025] [0.62441902 0.84483853 0.87211526 0.87211563 1.19746474 1.2777967
 1.58334201 1.68856975 1.68860312 1.80297658 1.98118311 1.98126415
 2.15032246 2.58575692 2.61580168 2.97471366 2.97505552 3.05545227
 3.0558592  3.07571313 3.1978077  3.37310858 3.60672128 4.0449031
 4.09264362 4.09488292 4.79108703 4.79809915 8.970049   9.15140068]
  21 ( 0.250  0.250  0.250)   [-0.26709809  0.20944668  0.38011511  0.38011511] [0.73965728 0.73965728 0.75157732 0.98385506 1.23082849 1.31108883
 1.31108883 1.41056707 1.93700804 1.93700805 2.064191   2.064191
 2.07169628 2.1437003  2.78517259 2.78517259 3.08505587 3.11153256
 3.11153257 3.31488826 3.31488828 3.33330034 3.6459636  4.09325962
 4.09325971 4.28020646 4.28020652 4.32899355 8.97197513 9.1595132 ]
  22 ( 0.250  0.250  0.500)   [-0.16801707  0.1315608   0.17535164  0.33538302] [0.75185998 0.81883744 0.90256242 0.96054628 1.18453075 1.25247704
 1.3636972  1.71056523 1.80956289 2.02316733 2.04095792 2.04479989
 2.41564866 2.5778339  2.62962839 2.72404494 2.73663415 2.91038533
 3.09788482 3.12226391 3.22990728 3.48418052 3.55890777 3.5626924
 4.00941784 4.02492692 4.18458552 4.55764817 9.00844198 9.09345757]
  23 ( 0.250  0.250  0.750)   [-0.11237849  0.05805109  0.20438134  0.26972934] [0.68842324 0.87941689 0.91919698 0.93748224 1.20154744 1.31711746
 1.48963186 1.62949115 1.81551953 2.00892156 2.11258325 2.27338562
 2.4054535  2.4255964  2.44894841 2.6432321  2.77164733 2.87954067
 3.03653561 3.08947626 3.22840856 3.52529987 3.75701774 3.87744175
 3.96174251 4.10486059 4.23933653 4.54859191 9.01338782 9.0789976 ]
  24 ( 0.250  0.500 -0.000)   [-0.11237848  0.05805109  0.20438134  0.26972933] [0.68842322 0.87941689 0.91919698 0.93748223 1.20154744 1.31711744
 1.48963169 1.62949013 1.81551698 2.00891259 2.11258321 2.27338547
 2.40545272 2.42559638 2.44894035 2.64323102 2.77164552 2.8795329
 3.03650418 3.08946647 3.22839608 3.52528056 3.75696473 3.87740236
 3.96169779 4.10473401 4.23926978 4.54846908 9.01338787 9.07899735]
  25 ( 0.250  0.500  0.250)   [-0.16801707  0.1315608   0.17535164  0.33538302] [0.75185998 0.81883744 0.90256242 0.96054628 1.18453076 1.25247704
 1.3636972  1.71056518 1.80956286 2.02316733 2.04095794 2.04479997
 2.41564866 2.57783396 2.62962853 2.7240447  2.73663415 2.91038533
 3.09788469 3.12226391 3.22990704 3.48418062 3.55890761 3.56269255
 4.00941787 4.02492659 4.18458544 4.55764781 9.00844194 9.09345748]
  26 ( 0.250  0.500  0.500)   [-0.11237849  0.05805109  0.20438134  0.26972934] [0.68842321 0.87941689 0.91919699 0.93748223 1.20154744 1.31711741
 1.48963203 1.62948877 1.81552234 2.00890226 2.11258334 2.27338576
 2.40545374 2.42559642 2.44893023 2.64322956 2.77164592 2.87954928
 3.03646539 3.08948685 3.22838051 3.5252625  3.75690426 3.87737933
 3.96179158 4.10500031 4.239191   4.54830622 9.01338796 9.07899656]
  27 ( 0.250  0.500  0.750)   [0.01147941 0.01147941 0.15119381 0.15119381] [0.852498   0.852498   0.90138682 0.90138682 1.23445412 1.23445413
 1.5939052  1.5939053  2.07899166 2.07899632 2.19006937 2.19006965
 2.31868565 2.31868568 2.5308936  2.53090156 2.61858449 2.61858458
 3.15068848 3.15069339 3.38128378 3.38128408 3.72194985 3.72195007
 4.07503658 4.07511346 4.44477838 4.44477862 9.01132893 9.01132942]
  28 ( 0.250  0.750 -0.000)   [-0.16801707  0.1315608   0.17535164  0.33538302] [0.75185998 0.81883744 0.90256242 0.96054628 1.18453076 1.25247703
 1.36369719 1.71057033 1.80956484 2.02316828 2.04095818 2.04481581
 2.41564865 2.57785812 2.62963625 2.72410663 2.7366341  2.91038533
 3.09789681 3.12226399 3.22994987 3.48419715 3.55892002 3.56271837
 4.00942326 4.02493959 4.18462293 4.55765419 9.00844204 9.09346191]
  29 ( 0.250  0.750  0.250)   [-0.11237848  0.05805109  0.20438134  0.26972934] [0.68842324 0.87941689 0.91919698 0.93748225 1.20154744 1.31711745
 1.48963186 1.62949117 1.81551953 2.00892156 2.11258326 2.27338562
 2.40545347 2.4255964  2.44894838 2.64323212 2.77164739 2.8795407
 3.03653528 3.08947627 3.22840847 3.52529985 3.75701773 3.87744166
 3.96174242 4.10486058 4.23933639 4.54859126 9.01338785 9.07899761]
  30 ( 0.250  0.750  0.500)   [0.01147941 0.01147941 0.15119381 0.15119381] [0.852498   0.852498   0.90138682 0.90138682 1.23445412 1.23445413
 1.5939052  1.59390531 2.07899166 2.07899632 2.19006933 2.19006959
 2.31868565 2.31868568 2.53089358 2.53090156 2.6185845  2.61858458
 3.15068841 3.15069324 3.38128378 3.38128408 3.7219499  3.72195011
 4.07503663 4.07511331 4.44477838 4.44477862 9.01132885 9.01132932]
  31 ( 0.250  0.750  0.750)   [-0.11237848  0.05805109  0.20438134  0.26972934] [0.68842324 0.87941689 0.91919698 0.93748225 1.20154744 1.31711745
 1.48963186 1.62949117 1.81551953 2.00892156 2.11258326 2.27338562
 2.40545347 2.4255964  2.44894834 2.64323212 2.77164735 2.87954069
 3.03653522 3.08947626 3.22840845 3.52529988 3.75701776 3.87744172
 3.96174236 4.10486041 4.23933639 4.5485909  9.01338785 9.0789976 ]
  32 ( 0.500  0.000  0.000)   [-0.12286631 -0.03165826  0.3419505   0.3419505 ] [0.76875494 0.76875494 0.77788644 1.03582922 1.26137156 1.3506359
 1.42691805 1.42691808 1.7463187  1.74631871 2.16746466 2.53585165
 2.59131768 2.59131773 2.66883453 2.66883469 2.7056206  2.70562066
 3.1633424  3.31833504 3.31833507 3.33008114 3.81451624 3.98074693
 3.98074694 4.37220069 4.37220226 4.93337456 9.03883486 9.13568175]
  33 ( 0.500  0.000  0.250)   [-0.11237848  0.05805109  0.20438134  0.26972933] [0.68842323 0.87941689 0.91919698 0.93748224 1.20154744 1.31711744
 1.48963169 1.62949015 1.81551697 2.00891261 2.11258321 2.27338547
 2.40545267 2.42559638 2.44894051 2.643231   2.77164541 2.87953289
 3.0365044  3.08946644 3.22839604 3.52528059 3.75696487 3.87740248
 3.96169774 4.104734   4.23927013 4.54846908 9.01338783 9.07899727]
  34 ( 0.500  0.000  0.500)   [-0.01519162 -0.01519162  0.21923638  0.21923638] [0.64424078 0.64424078 1.05557004 1.0555719  1.30186997 1.30186997
 1.67145653 1.67145653 1.94003335 1.94003335 2.27398205 2.27398205
 2.32694139 2.32768582 2.32768586 2.32829887 2.48114515 2.48114515
 3.20309262 3.20621709 3.35285832 3.35285834 3.40007364 3.40007366
 4.24952112 4.24952115 4.60074119 4.60277426 9.03337413 9.03337459]
  35 ( 0.500 -0.000  0.750)   [-0.11237848  0.05805109  0.20438134  0.26972933] [0.68842323 0.87941689 0.91919698 0.93748224 1.20154744 1.31711744
 1.48963169 1.62949015 1.81551697 2.00891261 2.11258321 2.27338547
 2.40545267 2.42559638 2.44894051 2.643231   2.77164541 2.87953289
 3.03650439 3.08946645 3.22839603 3.52528059 3.75696487 3.87740253
 3.96169776 4.10473404 4.23927011 4.54846897 9.01338783 9.07899727]
  36 ( 0.500  0.250  0.000)   [-0.11237848  0.05805109  0.20438134  0.26972933] [0.68842322 0.87941689 0.91919698 0.93748223 1.20154744 1.31711744
 1.48963169 1.62949013 1.81551698 2.00891259 2.11258321 2.27338547
 2.40545271 2.42559638 2.44894036 2.64323102 2.77164552 2.87953291
 3.03650415 3.08946647 3.22839607 3.52528053 3.75696471 3.87740225
 3.96169781 4.10473405 4.2392697  4.54846901 9.01338787 9.07899736]
  37 ( 0.500  0.250  0.250)   [-0.16801707  0.1315608   0.17535164  0.33538302] [0.75185998 0.81883744 0.90256242 0.96054628 1.18453076 1.25247704
 1.3636972  1.71056517 1.80956284 2.02316734 2.04095794 2.04479995
 2.41564866 2.57783392 2.62962848 2.72404455 2.73663415 2.91038533
 3.09788457 3.12226391 3.22990692 3.48418057 3.5589075  3.56269307
 4.00941799 4.02492647 4.18458531 4.55764771 9.00844194 9.09345746]
  38 ( 0.500  0.250  0.500)   [-0.11237849  0.05805109  0.20438134  0.26972934] [0.68842321 0.87941689 0.91919699 0.93748223 1.20154744 1.31711741
 1.48963203 1.62948877 1.81552234 2.00890225 2.11258334 2.27338576
 2.40545374 2.42559642 2.44893021 2.64322956 2.77164593 2.87954928
 3.03646531 3.08948685 3.22838047 3.52526244 3.75690409 3.87737912
 3.96179156 4.10500025 4.23919077 4.5483057  9.01338796 9.07899657]
  39 ( 0.500  0.250  0.750)   [0.01147941 0.01147941 0.15119381 0.15119381] [0.852498   0.852498   0.90138682 0.90138682 1.23445412 1.23445413
 1.5939052  1.5939053  2.07899166 2.07899632 2.19006937 2.19006965
 2.31868565 2.31868568 2.53089359 2.53090156 2.61858449 2.61858458
 3.1506885  3.1506934  3.38128378 3.38128408 3.72194986 3.72195007
 4.07503656 4.07511341 4.44477838 4.44477862 9.01132893 9.01132942]
  40 ( 0.500  0.500  0.000)   [-0.01519162 -0.01519162  0.21923638  0.21923638] [0.64424078 0.64424078 1.05557004 1.05557188 1.30186997 1.30186997
 1.67145653 1.67145653 1.94003335 1.94003335 2.27398205 2.27398205
 2.32694068 2.32768583 2.32768593 2.32829752 2.48114515 2.48114515
 3.20309029 3.20621309 3.35285831 3.35285834 3.40007364 3.40007366
 4.24952111 4.24952112 4.60073886 4.60276958 9.03337419 9.03337465]
  41 ( 0.500  0.500  0.250)   [-0.11237849  0.05805109  0.20438134  0.26972934] [0.68842322 0.87941689 0.91919699 0.93748223 1.20154743 1.31711742
 1.48963203 1.62948877 1.81552234 2.00890225 2.11258334 2.27338576
 2.40545374 2.42559641 2.44893022 2.64322955 2.77164586 2.87954923
 3.03646538 3.08948681 3.22838045 3.52526233 3.75690395 3.87737917
 3.96179164 4.10500026 4.2391903  4.5483049  9.01338793 9.07899648]
  42 ( 0.500  0.500  0.500)   [-0.12286631 -0.03165826  0.3419505   0.3419505 ] [0.76875495 0.76875495 0.77788647 1.03582921 1.26137168 1.35063562
 1.42691815 1.42691815 1.74631842 1.74631842 2.16745737 2.53585269
 2.5913162  2.5913162  2.66883512 2.66883512 2.70562081 2.70562081
 3.16334153 3.31833424 3.31833424 3.33009215 3.81469711 3.98074697
 3.98074697 4.37215449 4.37215451 4.93327416 9.03883504 9.13568053]
  43 ( 0.500  0.500  0.750)   [-0.11237849  0.05805109  0.20438134  0.26972934] [0.68842322 0.87941689 0.91919699 0.93748223 1.20154743 1.31711742
 1.48963203 1.62948877 1.81552234 2.00890226 2.11258334 2.27338576
 2.40545374 2.42559641 2.44893025 2.64322956 2.77164588 2.87954923
 3.03646548 3.08948681 3.22838049 3.52526236 3.75690409 3.87737918
 3.96179165 4.10500027 4.23919054 4.54830559 9.01338793 9.07899649]
  44 ( 0.500  0.750 -0.000)   [-0.11237848  0.05805109  0.20438134  0.26972933] [0.68842322 0.87941689 0.91919698 0.93748223 1.20154744 1.31711744
 1.48963169 1.62949013 1.81551698 2.00891259 2.11258321 2.27338547
 2.40545271 2.42559638 2.44894034 2.64323102 2.7716455  2.8795329
 3.03650413 3.08946647 3.22839607 3.52528056 3.75696472 3.87740234
 3.96169777 4.10473395 4.23926969 4.54846891 9.01338787 9.07899736]
  45 ( 0.500  0.750  0.250)   [0.01147941 0.01147941 0.15119381 0.15119381] [0.852498   0.852498   0.90138682 0.90138682 1.23445412 1.23445413
 1.5939052  1.5939053  2.07899166 2.07899632 2.19006937 2.19006965
 2.31868565 2.31868568 2.5308936  2.53090156 2.61858449 2.61858458
 3.1506885  3.15069339 3.38128378 3.38128408 3.72194986 3.72195007
 4.07503661 4.07511341 4.44477838 4.44477862 9.01132893 9.01132942]
  46 ( 0.500  0.750  0.500)   [-0.11237849  0.05805109  0.20438134  0.26972934] [0.68842321 0.87941689 0.91919699 0.93748223 1.20154744 1.31711741
 1.48963203 1.62948877 1.81552234 2.00890227 2.11258334 2.27338576
 2.40545374 2.42559642 2.44893026 2.64322956 2.77164596 2.87954928
 3.03646548 3.08948684 3.22838052 3.52526251 3.75690436 3.87737922
 3.96179152 4.10500011 4.23919119 4.54830663 9.01338796 9.07899658]
  47 ( 0.500  0.750  0.750)   [-0.16801707  0.1315608   0.17535164  0.33538302] [0.75185998 0.81883744 0.90256242 0.96054628 1.18453076 1.25247704
 1.3636972  1.71056517 1.80956285 2.02316734 2.04095794 2.04479994
 2.41564866 2.57783389 2.6296285  2.72404449 2.73663415 2.91038533
 3.09788459 3.12226391 3.22990687 3.48418055 3.55890753 3.56269301
 4.00941798 4.02492653 4.18458526 4.55764778 9.00844194 9.09345745]
  48 ( 0.750 -0.000 -0.000)   [-0.26709809  0.20944669  0.38011511  0.38011511] [0.73965728 0.73965728 0.75157733 0.98385506 1.23082852 1.31108865
 1.31108886 1.41056739 1.93700814 1.93700883 2.064191   2.064191
 2.0716955  2.1437112  2.78517205 2.78517237 3.08508357 3.11153203
 3.11153355 3.31488891 3.31488956 3.33331938 3.64598393 4.09327811
 4.09329114 4.28021941 4.28023071 4.32899266 8.9719752  9.15951391]
  49 ( 0.750  0.000  0.250)   [-0.16801707  0.1315608   0.17535164  0.33538302] [0.75185998 0.81883744 0.90256242 0.96054628 1.18453076 1.25247703
 1.36369719 1.71057029 1.80956484 2.02316828 2.04095819 2.04481591
 2.41564865 2.57785825 2.62963628 2.72410699 2.7366341  2.91038533
 3.09789688 3.122264   3.22994996 3.4841974  3.55891999 3.56271812
 4.00942324 4.0249395  4.18462302 4.55765386 9.00844203 9.09346198]
  50 ( 0.750 -0.000  0.500)   [-0.11237848  0.05805109  0.20438134  0.26972933] [0.68842322 0.87941689 0.91919698 0.93748224 1.20154744 1.31711744
 1.48963169 1.62949015 1.81551698 2.0089126  2.11258321 2.27338547
 2.40545271 2.42559638 2.44894055 2.64323098 2.77164539 2.87953288
 3.03650463 3.08946645 3.22839609 3.52528063 3.75696471 3.87740241
 3.96169776 4.10473397 4.23927049 4.5484698  9.01338786 9.07899725]
  51 ( 0.750  0.000  0.750)   [-0.24648882  0.27975939  0.29732008  0.29732025] [0.62441902 0.84483853 0.87211525 0.87211563 1.19746474 1.2777967
 1.58334201 1.68856976 1.68860309 1.80297657 1.98118301 1.98126404
 2.15032247 2.58575692 2.61580167 2.97471342 2.97505496 3.05545237
 3.05585863 3.07571312 3.19780767 3.37310858 3.60672126 4.04490309
 4.09264248 4.09487757 4.79108458 4.79808061 8.97004896 9.15140066]
  52 ( 0.750  0.250  0.000)   [-0.16801707  0.1315608   0.17535164  0.33538302] [0.75185998 0.81883744 0.90256242 0.96054628 1.18453076 1.25247703
 1.36369719 1.71057034 1.80956484 2.02316828 2.04095818 2.04481583
 2.41564865 2.57785815 2.62963623 2.72410671 2.7366341  2.91038533
 3.09789678 3.12226399 3.22994993 3.48419717 3.55891998 3.56271835
 4.00942325 4.02493955 4.184623   4.55765417 9.00844204 9.09346193]
  53 ( 0.750  0.250  0.250)   [-0.11237848  0.05805109  0.20438134  0.26972934] [0.68842324 0.87941689 0.91919698 0.93748225 1.20154744 1.31711745
 1.48963186 1.62949117 1.81551953 2.00892155 2.11258326 2.27338562
 2.40545347 2.4255964  2.44894832 2.64323212 2.77164735 2.87954071
 3.03653514 3.08947627 3.22840843 3.52529982 3.75701757 3.87744166
 3.96174245 4.1048607  4.23933612 4.54859046 9.01338785 9.0789976 ]
  54 ( 0.750  0.250  0.500)   [0.01147941 0.01147941 0.15119381 0.15119381] [0.852498   0.852498   0.90138682 0.90138682 1.23445412 1.23445413
 1.5939052  1.59390531 2.07899166 2.07899632 2.19006933 2.19006959
 2.31868565 2.31868568 2.53089358 2.53090156 2.6185845  2.61858458
 3.15068842 3.15069323 3.38128378 3.38128408 3.7219499  3.72195011
 4.07503664 4.07511331 4.44477838 4.44477862 9.01132885 9.01132932]
  55 ( 0.750  0.250  0.750)   [-0.11237848  0.05805109  0.20438134  0.26972934] [0.68842324 0.87941689 0.91919698 0.93748225 1.20154744 1.31711745
 1.48963186 1.62949117 1.81551953 2.00892155 2.11258326 2.27338562
 2.40545347 2.4255964  2.44894837 2.64323212 2.77164738 2.87954071
 3.03653524 3.08947627 3.22840845 3.52529983 3.75701767 3.87744156
 3.96174246 4.10486071 4.2393363  4.54859099 9.01338785 9.07899761]
  56 ( 0.750  0.500 -0.000)   [-0.11237848  0.05805109  0.20438134  0.26972933] [0.68842322 0.87941689 0.91919698 0.93748223 1.20154744 1.31711744
 1.48963169 1.62949013 1.81551698 2.0089126  2.11258321 2.27338547
 2.40545273 2.42559638 2.44894037 2.64323102 2.77164556 2.8795329
 3.03650423 3.08946647 3.2283961  3.52528061 3.75696483 3.87740257
 3.96169777 4.10473394 4.23926991 4.54846937 9.01338787 9.07899736]
  57 ( 0.750  0.500  0.250)   [0.01147941 0.01147941 0.15119381 0.15119381] [0.852498   0.852498   0.90138682 0.90138682 1.23445412 1.23445413
 1.5939052  1.5939053  2.07899166 2.07899632 2.19006937 2.19006965
 2.31868565 2.31868568 2.53089359 2.53090157 2.61858449 2.61858458
 3.15068848 3.1506934  3.38128378 3.38128408 3.72194985 3.72195007
 4.07503656 4.07511349 4.44477838 4.44477862 9.01132893 9.01132942]
  58 ( 0.750  0.500  0.500)   [-0.11237849  0.05805109  0.20438134  0.26972934] [0.68842321 0.87941689 0.91919699 0.93748223 1.20154744 1.31711741
 1.48963203 1.62948877 1.81552234 2.00890226 2.11258334 2.27338576
 2.40545374 2.42559642 2.44893023 2.64322956 2.77164592 2.87954928
 3.03646538 3.08948684 3.2283805  3.52526248 3.75690422 3.87737926
 3.96179154 4.10500018 4.23919095 4.54830615 9.01338796 9.07899656]
  59 ( 0.750  0.500  0.750)   [-0.16801707  0.1315608   0.17535164  0.33538302] [0.75185998 0.81883744 0.90256242 0.96054628 1.18453076 1.25247704
 1.3636972  1.71056518 1.80956285 2.02316733 2.04095794 2.04479996
 2.41564866 2.57783394 2.6296285  2.72404465 2.73663415 2.91038533
 3.09788464 3.12226391 3.229907   3.4841806  3.55890756 3.56269256
 4.00941788 4.02492651 4.1845854  4.55764773 9.00844194 9.09345747]
  60 ( 0.750  0.750  0.000)   [-0.24648882  0.27975939  0.29732008  0.29732025] [0.62441902 0.84483853 0.87211526 0.87211563 1.19746474 1.2777967
 1.58334201 1.68856974 1.68860312 1.80297658 1.98118308 1.98126415
 2.15032246 2.58575692 2.61580168 2.97471345 2.97505554 3.05545201
 3.05585921 3.07571313 3.1978077  3.37310858 3.60672128 4.0449031
 4.09264167 4.09488307 4.79107996 4.79809971 8.970049   9.15140068]
  61 ( 0.750  0.750  0.250)   [-0.11237849  0.05805109  0.20438134  0.26972934] [0.68842324 0.87941689 0.91919698 0.93748224 1.20154744 1.31711746
 1.48963186 1.62949115 1.81551953 2.00892155 2.11258325 2.27338562
 2.4054535  2.4255964  2.4489484  2.6432321  2.77164734 2.87954068
 3.03653556 3.08947626 3.22840853 3.52529985 3.75701766 3.87744173
 3.96174255 4.10486071 4.23933641 4.54859156 9.01338783 9.0789976 ]
  62 ( 0.750  0.750  0.500)   [-0.16801707  0.1315608   0.17535164  0.33538302] [0.75185998 0.81883744 0.90256242 0.96054628 1.18453075 1.25247704
 1.3636972  1.71056523 1.80956289 2.02316733 2.04095792 2.04479988
 2.41564866 2.57783389 2.6296284  2.72404491 2.73663415 2.91038533
 3.09788483 3.12226391 3.22990726 3.48418051 3.55890779 3.56269239
 4.00941784 4.02492697 4.18458549 4.55764824 9.00844198 9.09345756]
  63 ( 0.750  0.750  0.750)   [-0.26709809  0.20944668  0.38011511  0.38011511] [0.73965728 0.73965728 0.75157732 0.98385506 1.23082849 1.31108883
 1.31108883 1.41056707 1.93700804 1.93700805 2.064191   2.064191
 2.07169629 2.14370036 2.78517259 2.78517259 3.08505596 3.11153256
 3.11153257 3.31488826 3.31488828 3.33330043 3.64596361 4.0932596
 4.09325968 4.28020644 4.28020651 4.32899355 8.97197514 9.1595132 ]
nelec by numeric integration = 7.999999999110545
    CPU time for vxc     16.48 sec, wall time     14.64 sec
    CPU time for vj and vk     28.54 sec, wall time     25.41 sec
E1 = (3.9512890802728595+3.7637977620913563e-14j)  Ecoul = 1.0530974178835102  Exc = -3.56667835530846
cycle= 1 E= -11.3494210027763  delta_E= 0.359  |g|=  1.4  |ddm|= 4.35e+05
    CPU time for cycle= 1     45.55 sec, wall time     40.21 sec
HOMO = 0.508795782301  LUMO = 0.659711105941
     k-point                  mo_energy
   0 ( 0.000  0.000  0.000)   [-0.29290727  0.50879576  0.50879578  0.50879578] [0.7082151  0.7082151  0.70821511 0.99553772 1.18805017 1.48772515
 1.48772515 1.49535044 1.49535044 1.4953505  1.74317089 2.23768431
 2.23768435 2.23768823 3.00992424 3.00992425 3.00992432 3.26021937
 3.26021937 3.53773614 3.53773614 3.53773615 4.19810569 4.19810586
 4.19815413 5.03086956 5.03087053 5.03105983 9.01282325 9.33868775]
   1 (-0.000 -0.000  0.250)   [-0.22952219  0.25971445  0.44281558  0.4428156 ] [0.79021511 0.79021512 0.80278574 1.03932046 1.24477791 1.31666952
 1.31666979 1.41943803 1.9448567  1.94485744 2.08211709 2.10643694
 2.10643694 2.14636976 2.82171101 2.82171139 3.12333011 3.15559841
 3.15560017 3.34974396 3.34974479 3.37043437 3.68279211 4.11910095
 4.11911397 4.31854222 4.31855284 4.37677673 9.09502358 9.28046068]
   2 (-0.000 -0.000  0.500)   [-0.07495678  0.00290904  0.40345255  0.40345257] [0.81155571 0.81155573 0.82850283 1.06787143 1.29369075 1.38237194
 1.44909858 1.44909862 1.76775543 1.76775544 2.17117595 2.57949183
 2.63618609 2.63618616 2.67978404 2.67978419 2.74649694 2.74649698
 3.19543333 3.35108696 3.351087   3.36622125 3.83250159 4.0111601
 4.01116011 4.40012498 4.40012651 4.98959264 9.15786255 9.2566155 ]
   3 ( 0.000  0.000  0.750)   [-0.22952219  0.25971445  0.44281558  0.4428156 ] [0.79021511 0.79021512 0.80278574 1.03932046 1.24477791 1.31666952
 1.31666979 1.41943803 1.9448567  1.94485744 2.0821171  2.10643694
 2.10643694 2.14636978 2.82171101 2.82171139 3.12333014 3.15559841
 3.15560017 3.34974396 3.34974479 3.3704344  3.68279211 4.11910093
 4.11911395 4.3185422  4.31855283 4.37677672 9.09502358 9.28046068]
   4 ( 0.000  0.250 -0.000)   [-0.22952218  0.25971445  0.44281558  0.4428156 ] [0.79021511 0.79021512 0.80278574 1.03932046 1.24477793 1.31666952
 1.31666979 1.41943801 1.9448567  1.94485744 2.08211723 2.10643694
 2.10643695 2.14636973 2.82171101 2.82171139 3.12333005 3.15559841
 3.15560017 3.34974396 3.3497448  3.37043462 3.68279207 4.11910083
 4.11911394 4.31854217 4.3185528  4.37677671 9.09502367 9.28046063]
   5 ( 0.000  0.250  0.250)   [-0.20827653  0.34142716  0.35237618  0.35237635] [0.65971111 0.86694462 0.93417323 0.93417344 1.24065291 1.30249742
 1.6050255  1.68361817 1.68365642 1.79799836 2.01301767 2.01312628
 2.18220513 2.61662896 2.65556853 3.01235189 3.01265889 3.09333686
 3.09773809 3.09824712 3.21732346 3.40046765 3.64621506 4.09390696
 4.12446125 4.12676673 4.82759421 4.83443787 9.09304843 9.27283833]
   6 (-0.000  0.250  0.500)   [-0.06802234  0.10357565  0.2537504   0.32436692] [0.7161911  0.91655223 0.97726552 0.99605348 1.24260705 1.36650492
 1.5075517  1.62909355 1.83688324 2.02436163 2.1360076  2.29437329
 2.4305742  2.46041494 2.47220085 2.67535266 2.79315116 2.91128151
 3.06419787 3.1229424  3.25821918 3.55454952 3.79253281 3.91882599
 4.00026583 4.12544766 4.28076462 4.59898202 9.13475168 9.19957969]
   7 (-0.000  0.250  0.750)   [-0.12657564  0.18321491  0.21911366  0.39526832] [0.78773016 0.87305644 0.95841949 1.01322304 1.21305074 1.25686422
 1.40585208 1.70770317 1.81887326 2.05635888 2.06469216 2.06787733
 2.45747658 2.61529564 2.65409871 2.74537447 2.74691753 2.95250011
 3.11236197 3.15834427 3.27208715 3.52316473 3.58451474 3.5870323
 4.03200992 4.06220242 4.23271927 4.60087622 9.13034538 9.21475738]
   8 ( 0.000  0.500 -0.000)   [-0.07495678  0.00290904  0.40345255  0.40345256] [0.81155571 0.81155573 0.82850283 1.06787143 1.29369074 1.38237195
 1.44909858 1.44909862 1.76775543 1.76775544 2.17117604 2.57949183
 2.63618609 2.63618615 2.67978404 2.67978419 2.74649694 2.74649698
 3.19543334 3.35108696 3.351087   3.36622135 3.83250149 4.0111601
 4.01116011 4.40012499 4.40012654 4.98959217 9.15786254 9.25661557]
   9 ( 0.000  0.500  0.250)   [-0.06802234  0.10357566  0.2537504   0.32436692] [0.7161911  0.91655224 0.97726552 0.99605348 1.24260705 1.36650492
 1.5075517  1.62909357 1.83688323 2.02436163 2.1360076  2.29437329
 2.43057418 2.46041494 2.47220086 2.67535267 2.79315122 2.91128151
 3.06419771 3.12294238 3.25821915 3.55454948 3.79253302 3.91882614
 4.00026576 4.12544753 4.28076438 4.59898165 9.13475165 9.19957971]
  10 ( 0.000  0.500  0.500)   [0.03211361 0.03211364 0.27080729 0.2708073 ] [0.66473941 0.66473943 1.12844048 1.12844201 1.35214064 1.35214077
 1.68560102 1.68560103 1.96481777 1.96481778 2.29835017 2.29835017
 2.32666816 2.32816027 2.33520302 2.33520334 2.50382727 2.50382734
 3.23944302 3.2424929  3.39929133 3.39929149 3.44550925 3.44550927
 4.29624085 4.29624127 4.63479375 4.63678245 9.15489718 9.15531747]
  11 (-0.000  0.500  0.750)   [-0.06802234  0.10357566  0.2537504   0.32436692] [0.7161911  0.91655224 0.97726552 0.99605348 1.24260705 1.36650492
 1.5075517  1.62909356 1.83688323 2.02436162 2.1360076  2.29437329
 2.4305742  2.46041494 2.47220084 2.67535267 2.79315124 2.91128152
 3.06419763 3.12294239 3.25821913 3.55454948 3.79253292 3.9188263
 4.00026582 4.12544772 4.28076422 4.5989812  9.13475165 9.1995797 ]
  12 (-0.000  0.750  0.000)   [-0.22952218  0.25971445  0.44281558  0.4428156 ] [0.79021511 0.79021512 0.80278574 1.03932046 1.24477793 1.31666952
 1.31666979 1.41943801 1.9448567  1.94485745 2.08211721 2.10643694
 2.10643695 2.1463697  2.82171101 2.82171139 3.12333    3.15559841
 3.15560017 3.34974396 3.3497448  3.37043457 3.68279207 4.11910084
 4.11911392 4.31854217 4.31855279 4.37677669 9.09502366 9.28046063]
  13 ( 0.000  0.750  0.250)   [-0.12657564  0.18321491  0.21911366  0.39526832] [0.78773016 0.87305644 0.95841949 1.01322304 1.21305074 1.25686422
 1.40585208 1.70770317 1.81887326 2.05635888 2.06469217 2.06787733
 2.45747658 2.61529567 2.65409872 2.74537447 2.74691758 2.95250011
 3.11236198 3.15834427 3.27208719 3.52316475 3.58451475 3.58703226
 4.03200991 4.06220243 4.23271932 4.60087622 9.13034538 9.21475739]
  14 (-0.000  0.750  0.500)   [-0.06802234  0.10357565  0.2537504   0.32436692] [0.7161911  0.91655223 0.97726552 0.99605348 1.24260705 1.36650492
 1.5075517  1.62909355 1.83688324 2.02436164 2.1360076  2.29437329
 2.43057422 2.46041494 2.47220085 2.67535266 2.7931512  2.91128152
 3.06419786 3.12294241 3.25821918 3.55454955 3.79253282 3.91882622
 4.00026587 4.12544779 4.2807646  4.59898192 9.13475168 9.19957969]
  15 ( 0.000  0.750  0.750)   [-0.20827653  0.34142716  0.35237618  0.35237635] [0.65971111 0.86694462 0.93417323 0.93417344 1.24065291 1.30249742
 1.6050255  1.68361815 1.68365643 1.79799836 2.01301763 2.0131263
 2.18220513 2.61662896 2.65556853 3.01235171 3.01265897 3.09333686
 3.09773779 3.09824726 3.21732346 3.40046765 3.64621506 4.09390696
 4.12445938 4.12676756 4.8275878  4.83444075 9.09304843 9.27283833]
  16 ( 0.250  0.000  0.000)   [-0.22952218  0.25971445  0.44281558  0.4428156 ] [0.79021511 0.79021512 0.80278574 1.03932046 1.24477793 1.31666952
 1.31666979 1.41943801 1.9448567  1.94485744 2.08211702 2.10643694
 2.10643695 2.14636925 2.82171101 2.82171139 3.12332911 3.15559841
 3.15560017 3.34974396 3.3497448  3.37043366 3.68279198 4.11910086
 4.119114   4.31854219 4.31855285 4.37677662 9.09502359 9.28046059]
  17 ( 0.250  0.000  0.250)   [-0.20827653  0.34142716  0.35237618  0.35237635] [0.65971111 0.86694462 0.93417323 0.93417344 1.24065291 1.30249742
 1.6050255  1.68361818 1.68365641 1.79799836 2.01301772 2.01312623
 2.18220513 2.61662896 2.65556853 3.0123521  3.01265872 3.09333686
 3.09773848 3.09824679 3.21732346 3.40046765 3.64621506 4.09390696
 4.12446354 4.12676475 4.82760203 4.83443096 9.09304843 9.27283833]
  18 ( 0.250 -0.000  0.500)   [-0.06802234  0.10357565  0.2537504   0.32436692] [0.7161911  0.91655223 0.97726552 0.99605348 1.24260705 1.36650492
 1.5075517  1.62909356 1.83688324 2.02436164 2.1360076  2.29437329
 2.4305742  2.46041494 2.47220083 2.67535265 2.79315113 2.91128151
 3.06419787 3.12294239 3.25821919 3.55454955 3.79253285 3.91882608
 4.00026581 4.12544761 4.28076464 4.59898203 9.13475167 9.19957968]
  19 ( 0.250 -0.000  0.750)   [-0.12657564  0.18321491  0.21911366  0.39526832] [0.78773016 0.87305644 0.95841949 1.01322304 1.21305074 1.25686422
 1.40585208 1.70770315 1.81887325 2.05635889 2.06469212 2.06787733
 2.45747658 2.61529556 2.65409871 2.74537447 2.74691734 2.95250011
 3.11236189 3.15834428 3.27208697 3.52316467 3.5845147  3.58703274
 4.03201001 4.06220248 4.2327191  4.60087635 9.13034537 9.21475734]
  20 ( 0.250  0.250  0.000)   [-0.20827653  0.34142716  0.35237619  0.35237635] [0.65971111 0.86694462 0.93417324 0.93417345 1.24065291 1.30249742
 1.6050255  1.68361816 1.68365644 1.79799836 2.01301781 2.01312634
 2.18220512 2.61662896 2.65556854 3.01235219 3.01265913 3.09333687
 3.09773815 3.09824733 3.21732349 3.40046765 3.64621508 4.09390697
 4.12446316 4.12676912 4.82759912 4.83444504 9.09304847 9.27283835]
  21 ( 0.250  0.250  0.250)   [-0.2295222   0.25971444  0.4428156   0.4428156 ] [0.79021512 0.79021512 0.80278574 1.03932045 1.24477785 1.31666973
 1.31666973 1.41943769 1.94485652 1.94485652 2.08211741 2.10643694
 2.10643694 2.14635793 2.82171156 2.82171156 3.12330171 3.15559891
 3.15559892 3.34974319 3.34974321 3.37041339 3.68277391 4.11908197
 4.11908205 4.31852988 4.31852993 4.3767776  9.09502354 9.28045984]
  22 ( 0.250  0.250  0.500)   [-0.12657564  0.18321489  0.21911367  0.39526833] [0.78773017 0.87305643 0.95841947 1.01322305 1.21305073 1.25686422
 1.40585207 1.70769694 1.81887095 2.0563577  2.06467452 2.0678769
 2.45747659 2.6152655  2.65408978 2.74537451 2.74686268 2.95250011
 3.11235024 3.15834411 3.27204377 3.52314813 3.58450368 3.58700685
 4.03200509 4.06218986 4.23268331 4.60087082 9.13034532 9.21475282]
  23 ( 0.250  0.250  0.750)   [-0.06802234  0.10357566  0.25375038  0.32436693] [0.71619112 0.91655222 0.97726551 0.99605347 1.24260706 1.36650496
 1.5075519  1.62909481 1.83688641 2.02437216 2.13600783 2.29437345
 2.43057464 2.46041497 2.47220974 2.67535354 2.79315306 2.91129021
 3.0642326  3.1229531  3.25823223 3.55456994 3.79258934 3.91885873
 4.00030898 4.12557362 4.28082758 4.59910344 9.13475163 9.19958   ]
  24 ( 0.250  0.500 -0.000)   [-0.06802234  0.10357566  0.2537504   0.32436692] [0.7161911  0.91655223 0.97726552 0.99605348 1.24260705 1.36650492
 1.5075517  1.62909354 1.83688324 2.02436164 2.13600758 2.29437329
 2.43057423 2.46041494 2.47220065 2.67535268 2.79315129 2.91128154
 3.06419746 3.12294243 3.2582192  3.55454951 3.79253299 3.91882613
 4.00026591 4.12544785 4.2807641  4.59898167 9.13475168 9.19957978]
  25 ( 0.250  0.500  0.250)   [-0.12657564  0.18321489  0.21911367  0.39526833] [0.78773017 0.87305643 0.95841947 1.01322304 1.21305073 1.25686422
 1.40585207 1.70769689 1.81887091 2.0563577  2.06467461 2.06787693
 2.45747659 2.61526556 2.6540899  2.74537451 2.74686248 2.95250011
 3.11235008 3.15834411 3.27204352 3.52314823 3.58450351 3.58700706
 4.03200514 4.0621895  4.23268325 4.60087043 9.13034528 9.21475273]
  26 ( 0.250  0.500  0.500)   [-0.06802233  0.10357564  0.2537504   0.32436693] [0.71619111 0.91655222 0.97726552 0.99605349 1.24260704 1.36650487
 1.5075521  1.62909186 1.83688987 2.02434945 2.13600775 2.29437363
 2.43057618 2.46041501 2.47218905 2.67535154 2.79315146 2.91129982
 3.06415437 3.12296467 3.2582032  3.55453033 3.79246913 3.91880952
 4.00035624 4.12571245 4.28068933 4.5988202  9.13475178 9.19957903]
  27 ( 0.250  0.500  0.750)   [0.06394919 0.06394922 0.1902483  0.19024831] [0.88407829 0.88407834 0.9594785  0.95947858 1.28553796 1.28553803
 1.61163707 1.6116372  2.09198951 2.09199504 2.20364316 2.20364354
 2.34733885 2.3473389  2.56539742 2.56540591 2.65324689 2.65324703
 3.16082587 3.16083077 3.40642086 3.40642119 3.77032317 3.77032365
 4.11549616 4.11557175 4.48869654 4.48869688 9.13176619 9.13218425]
  28 ( 0.250  0.750 -0.000)   [-0.12657564  0.18321491  0.21911366  0.39526832] [0.78773016 0.87305644 0.95841949 1.01322304 1.21305074 1.25686422
 1.40585207 1.7077032  1.81887325 2.05635889 2.06469203 2.06787732
 2.45747658 2.61529544 2.65409869 2.74537447 2.7469171  2.95250011
 3.11236184 3.15834427 3.27208696 3.52316446 3.58451473 3.58703299
 4.03201003 4.06220261 4.23271911 4.60087675 9.13034539 9.21475728]
  29 ( 0.250  0.750  0.250)   [-0.06802234  0.10357566  0.25375038  0.32436693] [0.71619112 0.91655222 0.97726551 0.99605347 1.24260706 1.36650495
 1.5075519  1.62909483 1.8368864  2.02437216 2.13600783 2.29437345
 2.43057462 2.46041497 2.47220972 2.67535356 2.79315311 2.91129024
 3.06423225 3.12295311 3.25823215 3.55456992 3.79258934 3.91885867
 4.00030889 4.12557359 4.28082744 4.5991028  9.13475166 9.19958002]
  30 ( 0.250  0.750  0.500)   [0.06394919 0.06394922 0.1902483  0.19024831] [0.88407829 0.88407834 0.9594785  0.95947859 1.28553796 1.28553803
 1.61163707 1.61163721 2.09198951 2.09199505 2.20364312 2.20364348
 2.34733885 2.3473389  2.56539741 2.5654059  2.65324689 2.65324703
 3.16082581 3.16083062 3.40642086 3.40642119 3.77032321 3.77032369
 4.11549622 4.11557159 4.48869654 4.48869688 9.1317661  9.13218416]
  31 ( 0.250  0.750  0.750)   [-0.06802234  0.10357566  0.25375038  0.32436693] [0.71619112 0.91655222 0.97726551 0.99605347 1.24260706 1.36650495
 1.5075519  1.62909483 1.8368864  2.02437216 2.13600783 2.29437345
 2.43057461 2.46041497 2.47220968 2.67535355 2.79315307 2.91129023
 3.0642322  3.1229531  3.25823212 3.55456996 3.79258937 3.91885871
 4.00030883 4.12557343 4.28082744 4.59910243 9.13475166 9.19958001]
  32 ( 0.500  0.000  0.000)   [-0.07495678  0.00290904  0.40345255  0.40345256] [0.81155571 0.81155573 0.82850283 1.06787143 1.29369074 1.38237195
 1.44909858 1.44909862 1.76775543 1.76775544 2.17117606 2.57949185
 2.63618609 2.63618615 2.67978404 2.67978419 2.74649694 2.74649698
 3.19543335 3.35108696 3.351087   3.36622142 3.83250265 4.0111601
 4.01116011 4.40012497 4.40012653 4.98959242 9.15786253 9.25661558]
  33 ( 0.500  0.000  0.250)   [-0.06802234  0.10357566  0.2537504   0.32436692] [0.7161911  0.91655224 0.97726552 0.99605348 1.24260705 1.36650492
 1.5075517  1.62909356 1.83688323 2.02436165 2.1360076  2.29437329
 2.43057417 2.46041494 2.4722008  2.67535267 2.79315117 2.91128153
 3.06419766 3.1229424  3.25821916 3.55454952 3.79253307 3.91882621
 4.00026586 4.12544785 4.28076436 4.59898154 9.13475164 9.1995797 ]
  34 ( 0.500  0.000  0.500)   [0.03211361 0.03211364 0.27080729 0.2708073 ] [0.66473941 0.66473943 1.12844048 1.12844201 1.35214064 1.35214077
 1.68560102 1.68560103 1.96481777 1.96481778 2.29835017 2.29835017
 2.3266691  2.32815877 2.33520302 2.33520334 2.50382727 2.50382734
 3.2394456  3.24248878 3.39929133 3.39929149 3.44550925 3.44550927
 4.29624085 4.29624127 4.63479617 4.63677864 9.15489718 9.15531747]
  35 ( 0.500 -0.000  0.750)   [-0.06802234  0.10357566  0.2537504   0.32436692] [0.7161911  0.91655224 0.97726552 0.99605348 1.24260705 1.36650492
 1.5075517  1.62909356 1.83688323 2.02436165 2.1360076  2.29437329
 2.43057417 2.46041494 2.4722008  2.67535267 2.79315118 2.91128153
 3.06419764 3.1229424  3.25821915 3.55454952 3.79253306 3.91882626
 4.00026588 4.1254479  4.28076434 4.59898143 9.13475164 9.1995797 ]
  36 ( 0.500  0.250  0.000)   [-0.06802234  0.10357566  0.2537504   0.32436692] [0.7161911  0.91655223 0.97726552 0.99605348 1.24260705 1.36650492
 1.5075517  1.62909354 1.83688324 2.02436164 2.13600758 2.29437329
 2.43057422 2.46041494 2.47220065 2.67535269 2.79315128 2.91128154
 3.06419742 3.12294243 3.25821919 3.55454948 3.79253295 3.91882603
 4.00026593 4.12544791 4.28076401 4.59898157 9.13475168 9.19957979]
  37 ( 0.500  0.250  0.250)   [-0.12657564  0.18321489  0.21911367  0.39526833] [0.78773017 0.87305643 0.95841947 1.01322304 1.21305073 1.25686422
 1.40585207 1.70769687 1.81887089 2.05635771 2.06467458 2.06787693
 2.45747659 2.6152655  2.65408985 2.74537451 2.74686234 2.95250011
 3.11234997 3.15834411 3.2720434  3.52314818 3.58450342 3.5870076
 4.03200525 4.06218938 4.23268311 4.60087033 9.13034528 9.21475271]
  38 ( 0.500  0.250  0.500)   [-0.06802233  0.10357564  0.2537504   0.32436693] [0.71619111 0.91655222 0.97726552 0.99605349 1.24260704 1.36650487
 1.5075521  1.62909186 1.83688987 2.02434943 2.13600774 2.29437363
 2.43057617 2.46041501 2.47218903 2.67535154 2.79315147 2.91129982
 3.06415428 3.12296467 3.25820316 3.55453027 3.79246894 3.91880935
 4.00035621 4.12571236 4.28068911 4.59881966 9.13475178 9.19957904]
  39 ( 0.500  0.250  0.750)   [0.06394919 0.06394922 0.1902483  0.19024831] [0.88407829 0.88407834 0.9594785  0.95947858 1.28553796 1.28553803
 1.61163707 1.6116372  2.09198951 2.09199504 2.20364316 2.20364354
 2.34733885 2.3473389  2.56539742 2.56540591 2.65324689 2.65324702
 3.16082589 3.16083077 3.40642086 3.40642119 3.77032318 3.77032365
 4.11549615 4.1155717  4.48869654 4.48869688 9.13176619 9.13218425]
  40 ( 0.500  0.500  0.000)   [0.03211361 0.03211364 0.27080729 0.2708073 ] [0.6647394  0.66473943 1.12844048 1.12844199 1.35214064 1.35214077
 1.68560103 1.68560103 1.96481777 1.96481778 2.29835017 2.29835017
 2.32666834 2.32815727 2.33520305 2.33520339 2.50382727 2.50382734
 3.23944333 3.24248484 3.39929133 3.39929148 3.44550925 3.44550927
 4.29624083 4.29624125 4.63479391 4.63677404 9.15489724 9.15531753]
  41 ( 0.500  0.500  0.250)   [-0.06802234  0.10357564  0.2537504   0.32436693] [0.71619111 0.91655223 0.97726552 0.99605349 1.24260703 1.36650488
 1.5075521  1.62909185 1.83688986 2.02434942 2.13600775 2.29437363
 2.4305762  2.46041501 2.47218902 2.67535153 2.7931514  2.91129976
 3.06415434 3.12296463 3.25820314 3.55453015 3.79246879 3.91880937
 4.00035629 4.12571238 4.28068867 4.59881887 9.13475174 9.19957895]
  42 ( 0.500  0.500  0.500)   [-0.07495677  0.00290901  0.40345256  0.40345256] [0.81155572 0.81155572 0.82850284 1.0678714  1.29369086 1.3823716
 1.4490987  1.4490987  1.76775504 1.76775504 2.17116843 2.57949296
 2.63618434 2.63618434 2.67978465 2.67978466 2.7464971  2.7464971
 3.19543241 3.35108605 3.35108605 3.36623365 3.83268237 4.01116013
 4.01116013 4.40007925 4.40007926 4.98949255 9.15786267 9.25661435]
  43 ( 0.500  0.500  0.750)   [-0.06802234  0.10357564  0.2537504   0.32436693] [0.71619111 0.91655223 0.97726552 0.99605349 1.24260703 1.36650488
 1.5075521  1.62909186 1.83688986 2.02434943 2.13600775 2.29437363
 2.4305762  2.46041501 2.47218905 2.67535154 2.79315143 2.91129976
 3.06415445 3.12296463 3.25820318 3.55453018 3.79246894 3.91880938
 4.0003563  4.1257124  4.28068889 4.59881956 9.13475174 9.19957896]
  44 ( 0.500  0.750 -0.000)   [-0.06802234  0.10357566  0.2537504   0.32436692] [0.7161911  0.91655223 0.97726552 0.99605348 1.24260705 1.36650492
 1.5075517  1.62909354 1.83688324 2.02436165 2.13600758 2.29437329
 2.43057422 2.46041494 2.47220064 2.67535268 2.79315126 2.91128153
 3.0641974  3.12294242 3.2582192  3.55454951 3.79253298 3.91882611
 4.00026589 4.1254478  4.28076401 4.59898147 9.13475168 9.19957978]
  45 ( 0.500  0.750  0.250)   [0.06394919 0.06394922 0.1902483  0.19024831] [0.88407829 0.88407834 0.9594785  0.95947858 1.28553796 1.28553803
 1.61163707 1.6116372  2.09198952 2.09199504 2.20364316 2.20364354
 2.34733885 2.3473389  2.56539743 2.56540591 2.65324689 2.65324702
 3.16082589 3.16083076 3.40642086 3.40642119 3.77032318 3.77032365
 4.1154962  4.11557169 4.48869654 4.48869688 9.13176619 9.13218425]
  46 ( 0.500  0.750  0.500)   [-0.06802233  0.10357564  0.2537504   0.32436693] [0.71619111 0.91655222 0.97726552 0.99605349 1.24260704 1.36650487
 1.5075521  1.62909186 1.83688986 2.02434945 2.13600774 2.29437363
 2.43057618 2.46041501 2.47218908 2.67535154 2.7931515  2.91129981
 3.06415445 3.12296466 3.25820321 3.55453034 3.79246922 3.91880942
 4.00035616 4.12571221 4.28068951 4.59882059 9.13475178 9.19957905]
  47 ( 0.500  0.750  0.750)   [-0.12657564  0.18321489  0.21911367  0.39526833] [0.78773017 0.87305643 0.95841947 1.01322304 1.21305073 1.25686422
 1.40585207 1.70769687 1.8188709  2.05635771 2.06467457 2.06787693
 2.45747659 2.61526547 2.65408987 2.74537451 2.7468623  2.95250011
 3.11234999 3.15834411 3.27204336 3.52314816 3.58450344 3.58700756
 4.03200524 4.06218943 4.23268307 4.6008704  9.13034528 9.2147527 ]
  48 ( 0.750 -0.000 -0.000)   [-0.22952218  0.25971445  0.44281558  0.4428156 ] [0.79021511 0.79021512 0.80278574 1.03932046 1.24477793 1.31666952
 1.31666979 1.41943801 1.9448567  1.94485744 2.08211707 2.10643694
 2.10643695 2.14636935 2.82171101 2.82171139 3.12332929 3.15559841
 3.15560017 3.34974396 3.3497448  3.37043384 3.68279197 4.11910082
 4.11911401 4.31854216 4.31855286 4.37677664 9.0950236  9.28046059]
  49 ( 0.750  0.000  0.250)   [-0.12657564  0.18321491  0.21911366  0.39526832] [0.78773016 0.87305644 0.95841949 1.01322304 1.21305074 1.25686422
 1.40585208 1.70770316 1.81887325 2.05635889 2.06469214 2.06787733
 2.45747658 2.6152956  2.65409871 2.74537447 2.74691743 2.95250011
 3.11236188 3.15834428 3.27208706 3.5231647  3.58451469 3.58703275
 4.03201001 4.06220249 4.23271919 4.60087638 9.13034537 9.21475736]
  50 ( 0.750 -0.000  0.500)   [-0.06802234  0.10357565  0.2537504   0.32436692] [0.7161911  0.91655223 0.97726552 0.99605348 1.24260705 1.36650492
 1.5075517  1.62909356 1.83688324 2.02436165 2.1360076  2.29437329
 2.43057421 2.46041494 2.47220085 2.67535265 2.79315115 2.91128152
 3.06419793 3.12294241 3.25821921 3.55454958 3.79253294 3.91882618
 4.00026588 4.12544782 4.28076477 4.59898236 9.13475167 9.19957968]
  51 ( 0.750  0.000  0.750)   [-0.20827653  0.34142716  0.35237618  0.35237635] [0.65971111 0.86694462 0.93417323 0.93417344 1.24065291 1.30249742
 1.6050255  1.68361817 1.6836564  1.79799836 2.01301769 2.0131262
 2.18220513 2.61662896 2.65556853 3.01235195 3.01265861 3.09333686
 3.09773823 3.0982466  3.21732346 3.40046765 3.64621506 4.09390696
 4.12446199 4.12676357 4.82759672 4.83442682 9.09304843 9.27283833]
  52 ( 0.750  0.250  0.000)   [-0.12657564  0.18321491  0.21911366  0.39526832] [0.78773016 0.87305644 0.95841949 1.01322304 1.21305074 1.25686422
 1.40585207 1.70770321 1.81887325 2.05635889 2.06469205 2.06787732
 2.45747658 2.61529547 2.65409867 2.74537447 2.74691717 2.95250011
 3.11236181 3.15834427 3.27208702 3.52316448 3.58451469 3.58703298
 4.03201002 4.06220256 4.23271917 4.60087671 9.13034539 9.2147573 ]
  53 ( 0.750  0.250  0.250)   [-0.06802234  0.10357566  0.25375038  0.32436693] [0.71619112 0.91655222 0.97726551 0.99605347 1.24260706 1.36650495
 1.5075519  1.62909483 1.8368864  2.02437215 2.13600783 2.29437345
 2.43057462 2.46041497 2.47220966 2.67535355 2.79315307 2.91129025
 3.0642321  3.12295312 3.2582321  3.5545699  3.79258917 3.91885866
 4.00030893 4.12557372 4.28082718 4.599102   9.13475166 9.19958001]
  54 ( 0.750  0.250  0.500)   [0.06394919 0.06394922 0.1902483  0.19024831] [0.88407829 0.88407834 0.9594785  0.95947859 1.28553796 1.28553803
 1.61163707 1.61163721 2.09198951 2.09199505 2.20364312 2.20364348
 2.34733885 2.3473389  2.56539741 2.5654059  2.65324689 2.65324703
 3.16082582 3.16083061 3.40642086 3.40642119 3.77032321 3.77032369
 4.11549622 4.11557159 4.48869654 4.48869688 9.1317661  9.13218416]
  55 ( 0.750  0.250  0.750)   [-0.06802234  0.10357566  0.25375038  0.32436693] [0.71619112 0.91655222 0.97726551 0.99605347 1.24260706 1.36650495
 1.5075519  1.62909483 1.8368864  2.02437215 2.13600783 2.29437345
 2.43057461 2.46041497 2.47220971 2.67535355 2.79315311 2.91129025
 3.0642322  3.12295312 3.25823212 3.5545699  3.79258926 3.91885858
 4.00030893 4.12557372 4.28082735 4.59910253 9.13475166 9.19958002]
  56 ( 0.750  0.500 -0.000)   [-0.06802234  0.10357566  0.2537504   0.32436692] [0.7161911  0.91655223 0.97726552 0.99605348 1.24260705 1.36650492
 1.5075517  1.62909354 1.83688324 2.02436166 2.13600759 2.29437329
 2.43057425 2.46041494 2.47220067 2.67535269 2.79315133 2.91128153
 3.06419751 3.12294242 3.25821923 3.55454956 3.79253309 3.91882633
 4.00026589 4.12544778 4.28076423 4.59898197 9.13475168 9.19957979]
  57 ( 0.750  0.500  0.250)   [0.06394919 0.06394922 0.1902483  0.19024831] [0.88407829 0.88407834 0.9594785  0.95947858 1.28553796 1.28553803
 1.61163707 1.6116372  2.09198951 2.09199504 2.20364316 2.20364354
 2.34733885 2.3473389  2.56539742 2.56540591 2.65324689 2.65324702
 3.16082587 3.16083077 3.40642086 3.40642119 3.77032317 3.77032365
 4.11549614 4.11557178 4.48869654 4.48869688 9.13176619 9.13218425]
  58 ( 0.750  0.500  0.500)   [-0.06802233  0.10357564  0.2537504   0.32436693] [0.71619111 0.91655222 0.97726552 0.99605349 1.24260704 1.36650487
 1.5075521  1.62909186 1.83688986 2.02434944 2.13600774 2.29437363
 2.43057618 2.46041501 2.47218904 2.67535154 2.79315147 2.91129981
 3.06415435 3.12296467 3.2582032  3.55453031 3.79246907 3.91880947
 4.0003562  4.12571232 4.28068927 4.5988201  9.13475178 9.19957903]
  59 ( 0.750  0.500  0.750)   [-0.12657564  0.18321489  0.21911367  0.39526833] [0.78773017 0.87305643 0.95841947 1.01322304 1.21305073 1.25686422
 1.40585207 1.70769688 1.8188709  2.0563577  2.0646746  2.06787693
 2.45747659 2.61526554 2.65408987 2.74537451 2.74686244 2.95250011
 3.11235003 3.15834411 3.27204348 3.52314821 3.58450346 3.58700708
 4.03200514 4.06218941 4.2326832  4.60087033 9.13034528 9.21475272]
  60 ( 0.750  0.750  0.000)   [-0.20827653  0.34142716  0.35237619  0.35237635] [0.65971111 0.86694462 0.93417324 0.93417345 1.24065291 1.30249742
 1.6050255  1.68361815 1.68365644 1.79799836 2.01301776 2.01312635
 2.18220512 2.61662896 2.65556854 3.012352   3.01265914 3.09333687
 3.09773782 3.09824736 3.21732349 3.40046765 3.64621508 4.09390697
 4.12446113 4.12676927 4.82759217 4.83444559 9.09304847 9.27283835]
  61 ( 0.750  0.750  0.250)   [-0.06802234  0.10357566  0.25375038  0.32436693] [0.71619112 0.91655222 0.97726551 0.99605347 1.24260706 1.36650496
 1.5075519  1.62909481 1.83688641 2.02437215 2.13600783 2.29437345
 2.43057465 2.46041497 2.47220973 2.67535354 2.79315306 2.91129022
 3.06423255 3.12295311 3.25823221 3.55456992 3.79258925 3.91885871
 4.00030902 4.12557374 4.28082746 4.59910308 9.13475163 9.19958   ]
  62 ( 0.750  0.750  0.500)   [-0.12657564  0.18321489  0.21911367  0.39526833] [0.78773017 0.87305643 0.95841947 1.01322305 1.21305073 1.25686422
 1.40585207 1.70769693 1.81887095 2.0563577  2.06467452 2.0678769
 2.45747659 2.61526549 2.6540898  2.74537451 2.74686266 2.95250011
 3.11235024 3.15834411 3.27204375 3.52314812 3.58450369 3.58700686
 4.0320051  4.0621899  4.23268329 4.60087087 9.13034532 9.21475281]
  63 ( 0.750  0.750  0.750)   [-0.2295222   0.25971444  0.4428156   0.4428156 ] [0.79021512 0.79021512 0.80278574 1.03932045 1.24477785 1.31666973
 1.31666973 1.41943769 1.94485652 1.94485652 2.08211742 2.10643694
 2.10643694 2.14635796 2.82171156 2.82171156 3.12330178 3.15559891
 3.15559892 3.34974319 3.34974321 3.37041347 3.68277391 4.11908195
 4.11908203 4.31852986 4.31852992 4.3767776  9.09502354 9.28045985]
nelec by numeric integration = 7.999999998513832
    CPU time for vxc     16.08 sec, wall time     14.16 sec
    CPU time for vj and vk     28.11 sec, wall time     24.30 sec
E1 = (4.0354259112267155-7.853706427600818e-14j)  Ecoul = 0.9157585404693993  Exc = -3.520394277139002
cycle= 2 E= -11.3563389710671  delta_E= -0.00692  |g|= 0.453  |ddm|= 6.02e+04
    CPU time for cycle= 2     44.72 sec, wall time     38.62 sec
HOMO = 0.493045010191  LUMO = 0.651544754591
     k-point                  mo_energy
   0 ( 0.000  0.000  0.000)   [-0.30094774  0.49304499  0.49304501  0.49304501] [0.69704389 0.69704389 0.6970439  0.98095225 1.18633994 1.48317922
 1.48317922 1.49727999 1.49727999 1.49728004 1.74695461 2.22691581
 2.22691584 2.2269195  3.0004071  3.0004071  3.00040717 3.25196117
 3.25196117 3.52475092 3.52475092 3.52475093 4.19217597 4.19217614
 4.19222384 5.0201536  5.02015457 5.02034468 8.98020616 9.30726304]
   1 (-0.000 -0.000  0.250)   [-0.23792741  0.24824128  0.42830111  0.42830113] [0.77835107 0.77835108 0.79081037 1.02664919 1.24063822 1.31531902
 1.31531928 1.41597527 1.94281771 1.94281845 2.08034189 2.09587402
 2.09587403 2.14383203 2.81271142 2.81271179 3.11381242 3.1451106
 3.14511231 3.34115083 3.34115161 3.36155708 3.67275875 4.11279807
 4.11281113 4.30907448 4.30908521 4.3648782  9.06269718 9.24868112]
   2 (-0.000 -0.000  0.500)   [-0.08578259 -0.00485453  0.38920075  0.38920076] [0.80167572 0.80167574 0.81676371 1.06115721 1.28510761 1.37284394
 1.44333852 1.44333856 1.76295318 1.76295319 2.16950867 2.56942027
 2.62508176 2.62508182 2.67712544 2.6771256  2.73596467 2.7359647
 3.18793854 3.34344833 3.34344837 3.35634888 3.82764315 4.00401371
 4.00401372 4.39247302 4.39247456 4.9750869  9.12662505 9.22487462]
   3 ( 0.000  0.000  0.750)   [-0.23792741  0.24824128  0.42830111  0.42830113] [0.77835107 0.77835108 0.79081037 1.02664919 1.24063822 1.31531902
 1.31531928 1.41597527 1.94281771 1.94281845 2.08034189 2.09587402
 2.09587403 2.14383204 2.81271142 2.81271179 3.11381244 3.1451106
 3.14511231 3.34115083 3.34115161 3.3615571  3.67275875 4.11279805
 4.11281111 4.30907446 4.30908519 4.36487819 9.06269718 9.24868112]
   4 ( 0.000  0.250 -0.000)   [-0.2379274   0.24824129  0.42830111  0.42830113] [0.77835107 0.77835108 0.79081037 1.02664918 1.24063824 1.31531902
 1.31531928 1.41597525 1.94281771 1.94281845 2.080342   2.09587402
 2.09587403 2.14383198 2.81271142 2.81271178 3.11381232 3.1451106
 3.14511231 3.34115083 3.34115162 3.36155728 3.6727587  4.11279797
 4.11281109 4.30907444 4.30908516 4.36487817 9.06269727 9.24868107]
   5 ( 0.000  0.250  0.250)   [-0.21683086  0.32721857  0.33969836  0.33969853] [0.65154475 0.86238176 0.91942438 0.91942462 1.2294025  1.2957399
 1.60026754 1.68422009 1.68425716 1.79885222 2.00519843 2.00530052
 2.17394164 2.60982546 2.64584528 3.00319407 3.00350764 3.08696336
 3.08744737 3.08868794 3.21246779 3.39343263 3.63682629 4.08210458
 4.11604753 4.11834342 4.8182801  4.82515943 9.06074067 9.2409366 ]
   6 (-0.000  0.250  0.500)   [-0.07798851  0.09327224  0.24242522  0.31178183] [0.70993101 0.90822992 0.96357248 0.98181666 1.23214446 1.35364479
 1.5029315  1.62861448 1.83202636 2.0204565  2.12987174 2.28937267
 2.42462878 2.45217633 2.46647348 2.66755988 2.78788909 2.90356426
 3.05727514 3.11426794 3.25089853 3.5476772  3.78349127 3.9076921
 3.99035592 4.12012108 4.27022017 4.58604429 9.10288548 9.16792379]
   7 (-0.000  0.250  0.750)   [-0.13586501  0.17145172  0.209115    0.38142153] [0.77963585 0.86028986 0.94534383 1.00076206 1.2053857  1.25576473
 1.39467575 1.70778902 1.81652892 2.047975   2.05991475 2.06118278
 2.44804815 2.60635305 2.64790576 2.74105142 2.74296235 2.94136596
 3.10873614 3.15007869 3.26176486 3.51329034 3.57812305 3.58052034
 4.02659773 4.0525104  4.22061695 4.58959941 9.0983375  9.18289678]
   8 ( 0.000  0.500 -0.000)   [-0.08578259 -0.00485453  0.38920075  0.38920076] [0.80167572 0.80167574 0.81676371 1.0611572  1.2851076  1.37284395
 1.44333852 1.44333855 1.76295318 1.76295319 2.16950876 2.56942027
 2.62508176 2.62508182 2.67712544 2.6771256  2.73596467 2.73596471
 3.18793855 3.34344833 3.34344837 3.35634899 3.8276431  4.00401371
 4.00401372 4.39247304 4.39247459 4.97508646 9.12662504 9.22487468]
   9 ( 0.000  0.500  0.250)   [-0.07798851  0.09327224  0.24242522  0.31178183] [0.70993101 0.90822992 0.96357248 0.98181666 1.23214446 1.35364479
 1.5029315  1.6286145  1.83202635 2.02045649 2.12987174 2.28937267
 2.42462875 2.45217633 2.46647349 2.6675599  2.78788916 2.90356426
 3.05727498 3.11426792 3.2508985  3.54767716 3.78349146 3.90769224
 3.99035585 4.12012095 4.27021993 4.5860439  9.10288545 9.16792381]
  10 ( 0.000  0.500  0.500)   [0.02143178 0.02143181 0.25894647 0.25894647] [0.66005331 0.66005334 1.110888   1.1108896  1.33928689 1.33928696
 1.68188738 1.68188738 1.9593767  1.95937673 2.2926979  2.2926979
 2.32648639 2.32794834 2.33276722 2.33276757 2.49851246 2.49851254
 3.23023608 3.23330351 3.38875065 3.38875078 3.43324486 3.43324488
 4.2839711  4.28397146 4.62631448 4.62831571 9.12293265 9.12334274]
  11 (-0.000  0.500  0.750)   [-0.07798851  0.09327224  0.24242522  0.31178183] [0.70993101 0.90822992 0.96357248 0.98181666 1.23214446 1.35364479
 1.5029315  1.62861449 1.83202635 2.02045648 2.12987174 2.28937267
 2.42462877 2.45217633 2.46647347 2.6675599  2.78788917 2.90356426
 3.0572749  3.11426793 3.25089849 3.54767716 3.78349136 3.9076924
 3.99035591 4.12012115 4.27021976 4.58604346 9.10288545 9.16792381]
  12 (-0.000  0.750  0.000)   [-0.2379274   0.24824129  0.42830111  0.42830113] [0.77835107 0.77835108 0.79081037 1.02664918 1.24063824 1.31531902
 1.31531928 1.41597525 1.94281771 1.94281845 2.08034198 2.09587402
 2.09587403 2.14383195 2.81271142 2.81271178 3.11381228 3.1451106
 3.14511231 3.34115083 3.34115161 3.36155724 3.6727587  4.11279798
 4.11281107 4.30907444 4.30908514 4.36487816 9.06269726 9.24868107]
  13 ( 0.000  0.750  0.250)   [-0.13586501  0.17145172  0.209115    0.38142153] [0.77963585 0.86028986 0.94534383 1.00076206 1.2053857  1.25576473
 1.39467575 1.70778902 1.81652892 2.047975   2.05991476 2.06118278
 2.44804815 2.60635308 2.64790576 2.74105147 2.74296235 2.94136596
 3.10873615 3.15007869 3.2617649  3.51329036 3.57812306 3.58052032
 4.02659772 4.0525104  4.220617   4.5895994  9.0983375  9.18289679]
  14 (-0.000  0.750  0.500)   [-0.07798851  0.09327224  0.24242522  0.31178183] [0.70993101 0.90822992 0.96357248 0.98181666 1.23214446 1.35364479
 1.5029315  1.62861448 1.83202636 2.0204565  2.12987174 2.28937267
 2.4246288  2.45217633 2.46647348 2.66755989 2.78788914 2.90356426
 3.05727513 3.11426794 3.25089853 3.54767724 3.78349127 3.90769233
 3.99035597 4.12012121 4.27022015 4.58604419 9.10288548 9.16792379]
  15 ( 0.000  0.750  0.750)   [-0.21683086  0.32721857  0.33969836  0.33969853] [0.65154475 0.86238176 0.91942438 0.91942462 1.2294025  1.2957399
 1.60026754 1.68422008 1.68425716 1.79885222 2.00519839 2.00530054
 2.17394164 2.60982546 2.64584528 3.00319389 3.00350772 3.08696307
 3.08744749 3.08868794 3.21246779 3.39343263 3.63682629 4.08210458
 4.11604568 4.11834424 4.81827366 4.82516231 9.06074067 9.2409366 ]
  16 ( 0.250  0.000  0.000)   [-0.2379274   0.24824129  0.42830111  0.42830113] [0.77835107 0.77835108 0.79081037 1.02664918 1.24063824 1.31531902
 1.31531928 1.41597525 1.94281771 1.94281845 2.08034187 2.09587402
 2.09587403 2.1438315  2.81271142 2.81271179 3.11381142 3.14511061
 3.14511232 3.34115084 3.34115162 3.36155639 3.6727586  4.11279797
 4.11281116 4.30907445 4.30908521 4.3648781  9.06269719 9.24868104]
  17 ( 0.250  0.000  0.250)   [-0.21683086  0.32721857  0.33969836  0.33969853] [0.65154475 0.86238176 0.91942438 0.91942462 1.2294025  1.2957399
 1.60026754 1.6842201  1.68425714 1.79885222 2.00519848 2.00530048
 2.17394164 2.60982546 2.64584528 3.00319428 3.00350746 3.08696373
 3.08744705 3.08868793 3.21246778 3.39343263 3.63682628 4.08210457
 4.11604982 4.11834145 4.81828794 4.8251525  9.06074067 9.2409366 ]
  18 ( 0.250 -0.000  0.500)   [-0.07798851  0.09327224  0.24242522  0.31178183] [0.70993101 0.90822992 0.96357248 0.98181666 1.23214446 1.35364479
 1.5029315  1.62861449 1.83202636 2.0204565  2.12987174 2.28937267
 2.42462878 2.45217633 2.46647346 2.66755988 2.78788907 2.90356425
 3.05727513 3.11426793 3.25089854 3.54767722 3.78349128 3.90769218
 3.99035591 4.12012104 4.27022018 4.58604426 9.10288547 9.16792378]
  19 ( 0.250 -0.000  0.750)   [-0.13586501  0.17145172  0.209115    0.38142153] [0.77963585 0.86028986 0.94534383 1.00076206 1.2053857  1.25576473
 1.39467575 1.70778901 1.81652892 2.04797501 2.05991472 2.06118279
 2.44804815 2.60635298 2.64790577 2.74105125 2.74296235 2.94136596
 3.10873607 3.1500787  3.2617647  3.51329029 3.57812301 3.58052082
 4.02659783 4.05251048 4.22061679 4.58959957 9.09833749 9.18289674]
  20 ( 0.250  0.250  0.000)   [-0.21683086  0.32721857  0.33969836  0.33969853] [0.65154475 0.86238176 0.91942439 0.91942462 1.2294025  1.2957399
 1.60026754 1.68422008 1.68425717 1.79885223 2.00519856 2.00530058
 2.17394163 2.60982546 2.64584528 3.00319437 3.00350788 3.08696341
 3.08744757 3.08868795 3.21246781 3.39343263 3.6368263  4.08210459
 4.11604944 4.11834579 4.81828502 4.82516662 9.06074071 9.24093663]
  21 ( 0.250  0.250  0.250)   [-0.23792741  0.24824127  0.42830112  0.42830112] [0.77835107 0.77835107 0.79081037 1.02664918 1.24063817 1.31531923
 1.31531923 1.41597493 1.94281755 1.94281756 2.08034262 2.09587402
 2.09587402 2.14381991 2.81271197 2.81271197 3.11378393 3.14511111
 3.14511112 3.3411501  3.34115012 3.36153643 3.67273994 4.11277912
 4.11277919 4.30906205 4.3090621  4.36487905 9.06269714 9.2486803 ]
  22 ( 0.250  0.250  0.500)   [-0.13586501  0.17145171  0.20911501  0.38142154] [0.77963586 0.86028985 0.94534382 1.00076207 1.20538569 1.25576473
 1.39467576 1.70778308 1.81652669 2.04797388 2.05989746 2.0611824
 2.44804815 2.60632426 2.64789709 2.74099477 2.74296239 2.94136596
 3.10872429 3.15007855 3.26172189 3.51327352 3.5781117  3.58049494
 4.0265928  4.05249789 4.22058059 4.58959402 9.09833744 9.18289225]
  23 ( 0.250  0.250  0.750)   [-0.07798852  0.09327225  0.24242521  0.31178184] [0.70993103 0.90822991 0.96357247 0.98181666 1.23214447 1.35364482
 1.5029317  1.62861568 1.83202938 2.02046667 2.12987191 2.28937283
 2.42462927 2.45217635 2.46648218 2.66756082 2.787891   2.90357273
 3.05730899 3.11427837 3.25091132 3.54769746 3.78354722 3.90772622
 3.99039994 4.12024682 4.27028389 4.58616593 9.10288543 9.16792411]
  24 ( 0.250  0.500 -0.000)   [-0.07798851  0.09327224  0.24242522  0.31178183] [0.70993101 0.90822992 0.96357247 0.98181666 1.23214446 1.35364479
 1.5029315  1.62861447 1.83202636 2.0204565  2.12987173 2.28937267
 2.42462881 2.45217633 2.46647328 2.66755991 2.78788923 2.90356428
 3.05727472 3.11426797 3.25089856 3.54767719 3.78349142 3.90769224
 3.99035601 4.12012129 4.27021964 4.58604392 9.10288548 9.16792388]
  25 ( 0.250  0.500  0.250)   [-0.13586502  0.17145171  0.20911501  0.38142154] [0.77963586 0.86028985 0.94534382 1.00076207 1.20538569 1.25576473
 1.39467576 1.70778303 1.81652665 2.04797388 2.05989754 2.06118242
 2.44804815 2.60632431 2.6478972  2.74099455 2.74296239 2.94136596
 3.10872413 3.15007855 3.26172164 3.51327361 3.57811152 3.58049519
 4.02659285 4.05249751 4.22058051 4.5895936  9.0983374  9.18289217]
  26 ( 0.250  0.500  0.500)   [-0.07798851  0.09327223  0.24242522  0.31178184] [0.70993102 0.90822992 0.96357248 0.98181667 1.23214445 1.35364475
 1.50293189 1.62861287 1.83203269 2.02044473 2.1298719  2.289373
 2.42463059 2.45217638 2.46646194 2.66755869 2.78788946 2.90358209
 3.05723264 3.11428964 3.25088284 3.54765816 3.78342812 3.90767435
 3.99044815 4.12038541 4.2701439  4.5858821  9.10288558 9.16792312]
  27 ( 0.250  0.500  0.750)   [0.05201377 0.05201381 0.18142731 0.18142731] [0.8766863  0.87668631 0.94585779 0.94585785 1.27252211 1.27252214
 1.60688794 1.60688806 2.0888991  2.08890443 2.19999897 2.19999937
 2.34040376 2.34040378 2.55703772 2.55704607 2.64523197 2.64523209
 3.15803114 3.15803604 3.4004494  3.40044972 3.7579952  3.75799563
 4.10485994 4.10493586 4.47730941 4.47730971 9.10009846 9.10050637]
  28 ( 0.250  0.750 -0.000)   [-0.13586501  0.17145172  0.209115    0.38142153] [0.77963585 0.86028986 0.94534383 1.00076207 1.2053857  1.25576473
 1.39467575 1.70778906 1.81652891 2.04797501 2.05991463 2.06118277
 2.44804815 2.60635287 2.64790573 2.741051   2.74296235 2.94136596
 3.108736   3.15007869 3.26176469 3.51329007 3.57812303 3.58052111
 4.02659785 4.05251057 4.2206168  4.58959992 9.09833751 9.18289669]
  29 ( 0.250  0.750  0.250)   [-0.07798851  0.09327225  0.2424252   0.31178184] [0.70993103 0.90822991 0.96357247 0.98181666 1.23214447 1.35364482
 1.5029317  1.6286157  1.83202938 2.02046667 2.12987191 2.28937283
 2.42462925 2.45217635 2.46648216 2.66756084 2.78789105 2.90357276
 3.05730864 3.11427838 3.25091123 3.54769744 3.78354723 3.90772615
 3.99039984 4.1202468  4.27028377 4.58616531 9.10288546 9.16792413]
  30 ( 0.250  0.750  0.500)   [0.05201377 0.05201381 0.18142731 0.18142731] [0.8766863  0.87668631 0.94585779 0.94585786 1.27252211 1.27252214
 1.60688794 1.60688807 2.0888991  2.08890443 2.19999892 2.1999993
 2.34040376 2.34040378 2.55703771 2.55704606 2.64523198 2.64523209
 3.15803107 3.15803589 3.4004494  3.40044972 3.75799524 3.75799568
 4.10486    4.10493571 4.47730941 4.47730971 9.10009837 9.10050628]
  31 ( 0.250  0.750  0.750)   [-0.07798851  0.09327225  0.2424252   0.31178184] [0.70993103 0.90822991 0.96357247 0.98181666 1.23214447 1.35364482
 1.5029317  1.6286157  1.83202938 2.02046667 2.12987191 2.28937283
 2.42462924 2.45217635 2.46648212 2.66756084 2.78789101 2.90357275
 3.05730859 3.11427837 3.25091121 3.54769747 3.78354725 3.90772619
 3.99039979 4.12024664 4.27028376 4.58616493 9.10288546 9.16792412]
  32 ( 0.500  0.000  0.000)   [-0.08578259 -0.00485453  0.38920075  0.38920076] [0.80167572 0.80167574 0.81676371 1.0611572  1.2851076  1.37284395
 1.44333852 1.44333855 1.76295318 1.76295319 2.16950878 2.56942028
 2.62508176 2.62508182 2.67712544 2.67712559 2.73596467 2.73596471
 3.18793856 3.34344833 3.34344837 3.35634905 3.82764427 4.00401371
 4.00401372 4.39247301 4.39247458 4.97508669 9.12662503 9.2248747 ]
  33 ( 0.500  0.000  0.250)   [-0.07798851  0.09327224  0.24242522  0.31178183] [0.70993101 0.90822992 0.96357248 0.98181666 1.23214446 1.35364479
 1.5029315  1.62861449 1.83202635 2.02045651 2.12987174 2.28937267
 2.42462874 2.45217633 2.46647344 2.6675599  2.78788911 2.90356427
 3.05727493 3.11426794 3.25089851 3.5476772  3.78349152 3.90769234
 3.99035596 4.12012129 4.27021992 4.58604382 9.10288544 9.1679238 ]
  34 ( 0.500  0.000  0.500)   [0.02143178 0.02143181 0.25894647 0.25894647] [0.66005331 0.66005334 1.110888   1.11088959 1.33928689 1.33928696
 1.68188738 1.68188738 1.9593767  1.95937673 2.2926979  2.2926979
 2.32648731 2.32794687 2.33276722 2.33276757 2.49851246 2.49851254
 3.23023868 3.2332994  3.38875065 3.38875078 3.43324486 3.43324488
 4.2839711  4.28397146 4.62631692 4.6283119  9.12293265 9.12334274]
  35 ( 0.500 -0.000  0.750)   [-0.07798851  0.09327224  0.24242522  0.31178183] [0.70993101 0.90822992 0.96357248 0.98181666 1.23214446 1.35364479
 1.5029315  1.62861449 1.83202635 2.02045651 2.12987174 2.28937267
 2.42462875 2.45217633 2.46647343 2.6675599  2.78788911 2.90356427
 3.05727492 3.11426794 3.25089851 3.54767721 3.78349152 3.90769238
 3.99035598 4.12012133 4.2702199  4.58604371 9.10288544 9.1679238 ]
  36 ( 0.500  0.250  0.000)   [-0.07798851  0.09327224  0.24242522  0.31178183] [0.70993101 0.90822992 0.96357247 0.98181666 1.23214446 1.35364479
 1.5029315  1.62861447 1.83202636 2.0204565  2.12987173 2.28937267
 2.4246288  2.45217633 2.46647328 2.66755991 2.78788922 2.90356428
 3.05727469 3.11426797 3.25089855 3.54767716 3.78349139 3.90769214
 3.99035602 4.12012133 4.27021954 4.58604382 9.10288548 9.16792389]
  37 ( 0.500  0.250  0.250)   [-0.13586502  0.17145171  0.20911501  0.38142154] [0.77963586 0.86028985 0.94534382 1.00076207 1.20538569 1.25576473
 1.39467575 1.70778302 1.81652664 2.04797389 2.05989752 2.06118242
 2.44804815 2.60632426 2.64789717 2.74099442 2.74296239 2.94136596
 3.10872403 3.15007856 3.26172152 3.51327357 3.57811144 3.58049569
 4.02659296 4.05249742 4.22058039 4.58959353 9.0983374  9.18289214]
  38 ( 0.500  0.250  0.500)   [-0.07798851  0.09327223  0.24242522  0.31178184] [0.70993102 0.90822992 0.96357248 0.98181667 1.23214445 1.35364475
 1.50293189 1.62861286 1.83203269 2.02044471 2.1298719  2.289373
 2.42463058 2.45217638 2.46646192 2.66755869 2.78788947 2.90358209
 3.05723256 3.11428964 3.2508828  3.5476581  3.78342794 3.90767416
 3.99044813 4.12038535 4.27014368 4.58588157 9.10288558 9.16792313]
  39 ( 0.500  0.250  0.750)   [0.05201377 0.05201381 0.18142731 0.18142731] [0.8766863  0.87668631 0.94585779 0.94585785 1.27252211 1.27252214
 1.60688794 1.60688806 2.0888991  2.08890443 2.19999896 2.19999937
 2.34040376 2.34040378 2.55703772 2.55704607 2.64523197 2.64523209
 3.15803116 3.15803604 3.4004494  3.40044972 3.7579952  3.75799563
 4.10485993 4.10493581 4.47730941 4.47730971 9.10009846 9.10050637]
  40 ( 0.500  0.500  0.000)   [0.02143178 0.02143181 0.25894647 0.25894647] [0.66005331 0.66005334 1.110888   1.11088958 1.33928689 1.33928696
 1.68188738 1.68188738 1.9593767  1.95937673 2.2926979  2.2926979
 2.32648656 2.32794541 2.33276725 2.33276762 2.49851246 2.49851255
 3.23023639 3.23329544 3.38875065 3.38875078 3.43324486 3.43324488
 4.28397109 4.28397144 4.62631465 4.62830727 9.12293271 9.1233428 ]
  41 ( 0.500  0.500  0.250)   [-0.07798851  0.09327223  0.24242522  0.31178184] [0.70993102 0.90822992 0.96357248 0.98181667 1.23214445 1.35364476
 1.50293189 1.62861286 1.83203269 2.0204447  2.1298719  2.28937299
 2.42463061 2.45217638 2.46646192 2.66755869 2.7878894  2.90358204
 3.05723262 3.1142896  3.25088278 3.54765798 3.78342778 3.90767419
 3.99044821 4.12038536 4.27014323 4.58588077 9.10288555 9.16792304]
  42 ( 0.500  0.500  0.500)   [-0.08578258 -0.00485455  0.38920075  0.38920075] [0.80167573 0.80167573 0.81676372 1.06115718 1.28510773 1.37284362
 1.44333863 1.44333863 1.76295282 1.76295282 2.16950124 2.56942139
 2.62508008 2.62508008 2.67712606 2.67712606 2.73596482 2.73596482
 3.18793763 3.34344745 3.34344745 3.35636092 3.82782432 4.00401374
 4.00401374 4.39242716 4.39242718 4.97498668 9.12662518 9.22487347]
  43 ( 0.500  0.500  0.750)   [-0.07798851  0.09327223  0.24242522  0.31178184] [0.70993102 0.90822992 0.96357248 0.98181667 1.23214445 1.35364476
 1.50293189 1.62861287 1.83203269 2.02044472 2.1298719  2.28937299
 2.4246306  2.45217638 2.46646195 2.66755869 2.78788942 2.90358204
 3.05723273 3.1142896  3.25088282 3.54765801 3.78342793 3.90767419
 3.99044821 4.12038537 4.27014345 4.58588145 9.10288554 9.16792305]
  44 ( 0.500  0.750 -0.000)   [-0.07798851  0.09327224  0.24242522  0.31178183] [0.70993101 0.90822992 0.96357247 0.98181666 1.23214446 1.35364479
 1.5029315  1.62861447 1.83202636 2.02045651 2.12987173 2.28937267
 2.4246288  2.45217633 2.46647327 2.66755991 2.7878892  2.90356428
 3.05727467 3.11426796 3.25089855 3.54767718 3.78349141 3.90769222
 3.99035599 4.12012123 4.27021954 4.58604371 9.10288548 9.16792389]
  45 ( 0.500  0.750  0.250)   [0.05201377 0.05201381 0.18142731 0.18142731] [0.8766863  0.87668631 0.94585779 0.94585785 1.27252211 1.27252214
 1.60688794 1.60688806 2.0888991  2.08890443 2.19999896 2.19999937
 2.34040376 2.34040378 2.55703772 2.55704606 2.64523197 2.64523209
 3.15803116 3.15803603 3.4004494  3.40044972 3.7579952  3.75799563
 4.10485998 4.1049358  4.47730941 4.47730971 9.10009846 9.10050637]
  46 ( 0.500  0.750  0.500)   [-0.07798851  0.09327223  0.24242522  0.31178184] [0.70993102 0.90822992 0.96357248 0.98181667 1.23214445 1.35364475
 1.50293189 1.62861287 1.83203269 2.02044474 2.1298719  2.289373
 2.42463059 2.45217638 2.46646198 2.6675587  2.7878895  2.90358209
 3.05723273 3.11428963 3.25088285 3.54765817 3.78342821 3.90767424
 3.99044808 4.12038521 4.27014408 4.58588249 9.10288558 9.16792314]
  47 ( 0.500  0.750  0.750)   [-0.13586502  0.17145171  0.20911501  0.38142154] [0.77963586 0.86028985 0.94534382 1.00076207 1.20538569 1.25576473
 1.39467575 1.70778301 1.81652664 2.04797389 2.05989751 2.06118242
 2.44804815 2.60632424 2.64789719 2.74099437 2.74296239 2.94136596
 3.10872406 3.15007856 3.26172148 3.51327356 3.57811146 3.58049564
 4.02659295 4.05249747 4.22058034 4.5895936  9.0983374  9.18289213]
  48 ( 0.750 -0.000 -0.000)   [-0.2379274   0.24824129  0.42830111  0.42830113] [0.77835107 0.77835108 0.79081037 1.02664918 1.24063824 1.31531902
 1.31531928 1.41597525 1.94281771 1.94281845 2.08034191 2.09587402
 2.09587403 2.14383161 2.81271142 2.81271179 3.11381159 3.14511061
 3.14511231 3.34115083 3.34115162 3.36155656 3.67275859 4.11279794
 4.11281117 4.30907442 4.30908522 4.36487811 9.0626972  9.24868104]
  49 ( 0.750  0.000  0.250)   [-0.13586501  0.17145172  0.209115    0.38142153] [0.77963585 0.86028986 0.94534383 1.00076206 1.2053857  1.25576473
 1.39467575 1.70778902 1.81652892 2.04797501 2.05991474 2.06118279
 2.44804815 2.60635303 2.64790577 2.74105134 2.74296235 2.94136596
 3.10873606 3.1500787  3.26176479 3.51329032 3.578123   3.58052083
 4.02659783 4.0525105  4.22061688 4.58959961 9.09833749 9.18289676]
  50 ( 0.750 -0.000  0.500)   [-0.07798851  0.09327224  0.24242522  0.31178183] [0.70993101 0.90822992 0.96357248 0.98181666 1.23214446 1.35364479
 1.5029315  1.62861449 1.83202636 2.02045651 2.12987174 2.28937267
 2.42462879 2.45217633 2.46647348 2.66755988 2.78788909 2.90356426
 3.05727519 3.11426795 3.25089857 3.54767726 3.78349138 3.90769229
 3.99035598 4.12012125 4.27022031 4.58604459 9.10288547 9.16792379]
  51 ( 0.750  0.000  0.750)   [-0.21683086  0.32721857  0.33969836  0.33969853] [0.65154475 0.86238176 0.91942438 0.91942462 1.2294025  1.2957399
 1.60026754 1.6842201  1.68425714 1.79885222 2.00519845 2.00530045
 2.17394164 2.60982546 2.64584528 3.00319414 3.00350735 3.08696349
 3.08744687 3.08868793 3.21246778 3.39343263 3.63682628 4.08210457
 4.11604828 4.11834028 4.81828261 4.82514834 9.06074067 9.2409366 ]
  52 ( 0.750  0.250  0.000)   [-0.13586501  0.17145172  0.209115    0.38142153] [0.77963585 0.86028986 0.94534383 1.00076207 1.2053857  1.25576473
 1.39467575 1.70778907 1.81652891 2.04797501 2.05991465 2.06118277
 2.44804815 2.6063529  2.64790571 2.74105106 2.74296235 2.94136596
 3.10873597 3.15007869 3.26176475 3.5132901  3.57812299 3.5805211
 4.02659785 4.05251053 4.22061686 4.58959989 9.09833751 9.1828967 ]
  53 ( 0.750  0.250  0.250)   [-0.07798851  0.09327225  0.2424252   0.31178184] [0.70993103 0.90822991 0.96357247 0.98181666 1.23214447 1.35364482
 1.5029317  1.6286157  1.83202938 2.02046666 2.12987191 2.28937283
 2.42462924 2.45217635 2.4664821  2.66756083 2.78789101 2.90357277
 3.05730849 3.11427838 3.25091119 3.54769741 3.78354705 3.90772614
 3.99039988 4.12024693 4.27028349 4.58616449 9.10288546 9.16792412]
  54 ( 0.750  0.250  0.500)   [0.05201377 0.05201381 0.18142731 0.18142731] [0.8766863  0.87668631 0.94585779 0.94585786 1.27252211 1.27252214
 1.60688794 1.60688807 2.0888991  2.08890443 2.19999892 2.1999993
 2.34040376 2.34040378 2.55703771 2.55704606 2.64523198 2.64523209
 3.15803108 3.15803588 3.4004494  3.40044972 3.75799524 3.75799568
 4.10486001 4.1049357  4.47730941 4.47730971 9.10009837 9.10050628]
  55 ( 0.750  0.250  0.750)   [-0.07798851  0.09327225  0.2424252   0.31178184] [0.70993103 0.90822991 0.96357247 0.98181666 1.23214447 1.35364482
 1.5029317  1.6286157  1.83202938 2.02046666 2.12987191 2.28937283
 2.42462924 2.45217635 2.46648215 2.66756084 2.78789105 2.90357277
 3.0573086  3.11427838 3.25091121 3.54769742 3.78354716 3.90772606
 3.99039989 4.12024693 4.27028368 4.58616506 9.10288546 9.16792413]
  56 ( 0.750  0.500 -0.000)   [-0.07798851  0.09327224  0.24242522  0.31178183] [0.70993101 0.90822992 0.96357247 0.98181666 1.23214446 1.35364479
 1.5029315  1.62861448 1.83202636 2.02045651 2.12987173 2.28937267
 2.42462882 2.45217633 2.4664733  2.66755991 2.78788927 2.90356428
 3.05727478 3.11426796 3.25089858 3.54767724 3.78349152 3.90769244
 3.99035598 4.12012122 4.27021977 4.58604421 9.10288548 9.16792389]
  57 ( 0.750  0.500  0.250)   [0.05201377 0.05201381 0.18142731 0.18142731] [0.8766863  0.87668631 0.94585779 0.94585785 1.27252211 1.27252214
 1.60688794 1.60688806 2.0888991  2.08890443 2.19999897 2.19999937
 2.34040376 2.34040378 2.55703772 2.55704607 2.64523197 2.64523209
 3.15803113 3.15803604 3.4004494  3.40044972 3.7579952  3.75799563
 4.10485992 4.10493589 4.47730941 4.47730971 9.10009846 9.10050637]
  58 ( 0.750  0.500  0.500)   [-0.07798851  0.09327223  0.24242522  0.31178184] [0.70993102 0.90822992 0.96357248 0.98181667 1.23214445 1.35364475
 1.50293189 1.62861287 1.83203269 2.02044473 2.1298719  2.289373
 2.42463059 2.45217638 2.46646194 2.66755869 2.78788946 2.90358209
 3.05723263 3.11428963 3.25088283 3.54765814 3.78342807 3.90767429
 3.99044811 4.12038529 4.27014384 4.58588201 9.10288558 9.16792312]
  59 ( 0.750  0.500  0.750)   [-0.13586502  0.17145171  0.20911501  0.38142154] [0.77963586 0.86028985 0.94534382 1.00076207 1.20538569 1.25576473
 1.39467576 1.70778302 1.81652664 2.04797388 2.05989753 2.06118242
 2.44804815 2.60632429 2.64789717 2.7409945  2.74296239 2.94136596
 3.10872408 3.15007855 3.2617216  3.5132736  3.57811147 3.58049519
 4.02659285 4.05249742 4.22058047 4.58959351 9.0983374  9.18289216]
  60 ( 0.750  0.750  0.000)   [-0.21683086  0.32721857  0.33969836  0.33969853] [0.65154475 0.86238176 0.91942439 0.91942462 1.2294025  1.2957399
 1.60026754 1.68422007 1.68425717 1.79885223 2.00519852 2.00530059
 2.17394163 2.60982546 2.64584528 3.00319418 3.00350789 3.0869631
 3.08744759 3.08868795 3.21246781 3.39343263 3.6368263  4.08210459
 4.11604742 4.11834594 4.81827805 4.82516717 9.06074071 9.24093663]
  61 ( 0.750  0.750  0.250)   [-0.07798852  0.09327225  0.24242521  0.31178184] [0.70993103 0.90822991 0.96357247 0.98181666 1.23214447 1.35364482
 1.5029317  1.62861568 1.83202938 2.02046665 2.12987191 2.28937283
 2.42462928 2.45217635 2.46648217 2.66756082 2.787891   2.90357274
 3.05730894 3.11427837 3.25091129 3.54769744 3.78354714 3.9077262
 3.99039998 4.12024694 4.27028378 4.58616558 9.10288544 9.16792411]
  62 ( 0.750  0.750  0.500)   [-0.13586501  0.17145171  0.20911501  0.38142154] [0.77963586 0.86028985 0.94534382 1.00076207 1.20538569 1.25576473
 1.39467576 1.70778308 1.81652669 2.04797388 2.05989745 2.0611824
 2.44804815 2.60632425 2.6478971  2.74099474 2.74296239 2.94136596
 3.10872429 3.15007855 3.26172186 3.51327351 3.57811171 3.58049494
 4.0265928  4.05249793 4.22058056 4.58959408 9.09833744 9.18289225]
  63 ( 0.750  0.750  0.750)   [-0.23792741  0.24824127  0.42830112  0.42830112] [0.77835107 0.77835107 0.79081037 1.02664918 1.24063817 1.31531923
 1.31531923 1.41597493 1.94281755 1.94281756 2.08034263 2.09587402
 2.09587402 2.14381996 2.81271197 2.81271197 3.11378401 3.14511111
 3.14511112 3.3411501  3.34115012 3.36153651 3.67273995 4.1127791
 4.11277917 4.30906203 4.30906209 4.36487905 9.06269714 9.2486803 ]
nelec by numeric integration = 7.999999998715438
    CPU time for vxc     15.68 sec, wall time     13.76 sec
    CPU time for vj and vk     28.16 sec, wall time     24.42 sec
E1 = (4.013276512922888+1.1641966585912173e-13j)  Ecoul = 0.9479319002174144  Exc = -3.5311872948005405
cycle= 3 E= -11.3571080272845  delta_E= -0.000769  |g|= 0.000782  |ddm|= 2.39e+04
    CPU time for cycle= 3     44.51 sec, wall time     38.34 sec
HOMO = 0.492969432197  LUMO = 0.6514752377
     k-point                  mo_energy
   0 ( 0.000  0.000  0.000)   [-0.30101622  0.49296941  0.49296943  0.49296943] [0.69698056 0.69698056 0.69698057 0.98087898 1.18623078 1.48312776
 1.48312776 1.49720051 1.49720051 1.49720056 1.74683747 2.22683248
 2.22683252 2.22683617 3.000324   3.000324   3.00032408 3.25190981
 3.25190981 3.52467565 3.52467565 3.52467567 4.19209323 4.1920934
 4.1921411  5.0200742  5.02007517 5.02026527 8.98009167 9.3071497 ]
   1 (-0.000 -0.000  0.250)   [-0.23799548  0.24817126  0.42822849  0.42822851] [0.77828534 0.77828535 0.79073862 1.02657051 1.24053518 1.31525264
 1.3152529  1.41588081 1.94275062 1.94275135 2.0802441  2.09579981
 2.09579982 2.14374819 2.81263738 2.81263775 3.11372859 3.14503977
 3.14504147 3.34108491 3.34108569 3.36147744 3.67266561 4.11272063
 4.11273369 4.30900424 4.30901497 4.36480292 9.06258316 9.24856816]
   2 (-0.000 -0.000  0.500)   [-0.08584939 -0.004925    0.38912895  0.38912896] [0.80161053 0.80161055 0.81669115 1.06107115 1.28500684 1.37275145
 1.44326393 1.44326397 1.76289062 1.76289063 2.169419   2.56934763
 2.62501229 2.62501235 2.67704795 2.67704811 2.73589347 2.7358935
 3.1878586  3.34338501 3.34338505 3.35625645 3.82756227 4.00394579
 4.0039458  4.3923901  4.39239165 4.97500886 9.12651247 9.22476216]
   3 ( 0.000  0.000  0.750)   [-0.23799548  0.24817126  0.42822849  0.42822851] [0.77828534 0.77828535 0.79073862 1.02657051 1.24053518 1.31525264
 1.3152529  1.41588081 1.94275062 1.94275135 2.08024411 2.09579981
 2.09579982 2.1437482  2.81263738 2.81263775 3.11372863 3.14503977
 3.14504147 3.34108491 3.34108569 3.36147746 3.67266562 4.11272061
 4.11273367 4.30900423 4.30901496 4.36480292 9.06258316 9.24856816]
   4 ( 0.000  0.250 -0.000)   [-0.23799548  0.24817126  0.42822849  0.42822851] [0.77828534 0.77828535 0.79073862 1.02657051 1.2405352  1.31525264
 1.3152529  1.41588079 1.94275062 1.94275135 2.08024422 2.09579981
 2.09579982 2.14374811 2.81263738 2.81263774 3.11372842 3.14503977
 3.14504147 3.34108491 3.3410857  3.36147759 3.67266552 4.11272053
 4.11273366 4.30900421 4.30901493 4.36480291 9.06258325 9.24856811]
   5 ( 0.000  0.250  0.250)   [-0.21689901  0.3271474   0.33962798  0.33962815] [0.65147524 0.86230615 0.91935385 0.91935409 1.22932443 1.2956364
 1.60021616 1.68413686 1.68417392 1.79876496 2.0051235  2.0052256
 2.17386568 2.60977426 2.64576513 3.00311663 3.00343023 3.08688724
 3.08737122 3.08860068 3.21238208 3.39335735 3.63675865 4.08203068
 4.11596627 4.11826229 4.81819979 4.82507897 9.06062684 9.24082371]
   6 (-0.000  0.250  0.500)   [-0.07805635  0.09320309  0.24235494  0.31171179] [0.7098584  0.90815381 0.96350347 0.98174318 1.23205375 1.35355569
 1.50285665 1.62852607 1.8319655  2.02037275 2.12979823 2.28930137
 2.42455711 2.45211472 2.46640037 2.66748596 2.78780987 2.90349904
 3.05719704 3.1141889  3.25081735 3.54760469 3.783408   3.907601
 3.99028601 4.12004218 4.27014456 4.58597023 9.1027723  9.16781142]
   7 (-0.000  0.250  0.750)   [-0.13593297  0.17138263  0.20904477  0.38135006] [0.77956447 0.86022429 0.94526659 1.00068727 1.20529122 1.25569466
 1.39458595 1.70770003 1.81645875 2.04790394 2.05984589 2.06110581
 2.44798732 2.60628701 2.64782206 2.74096858 2.74287434 2.94129002
 3.10866211 3.15002037 3.26168848 3.51320902 3.57803871 3.58045007
 4.02652245 4.05242564 4.22053866 4.58952506 9.09822411 9.18278401]
   8 ( 0.000  0.500 -0.000)   [-0.0858494  -0.004925    0.38912895  0.38912896] [0.80161053 0.80161055 0.81669115 1.06107115 1.28500683 1.37275146
 1.44326393 1.44326397 1.76289062 1.76289063 2.16941909 2.56934764
 2.62501229 2.62501235 2.67704795 2.67704811 2.73589347 2.73589351
 3.18785862 3.34338501 3.34338505 3.35625656 3.82756221 4.00394579
 4.0039458  4.39239012 4.39239167 4.97500841 9.12651246 9.22476222]
   9 ( 0.000  0.500  0.250)   [-0.07805635  0.09320309  0.24235494  0.31171179] [0.7098584  0.90815382 0.96350347 0.98174318 1.23205375 1.35355569
 1.50285665 1.62852608 1.83196549 2.02037274 2.12979823 2.28930137
 2.42455708 2.45211472 2.46640038 2.66748597 2.78780993 2.90349904
 3.05719687 3.11418888 3.25081732 3.54760464 3.78340819 3.90760114
 3.99028593 4.12004205 4.27014431 4.58596981 9.10277226 9.16781143]
  10 ( 0.000  0.500  0.500)   [0.02136341 0.02136343 0.25887708 0.25887709] [0.65997862 0.65997864 1.11081507 1.11081666 1.33919535 1.33919549
 1.68180003 1.68180003 1.95932547 1.95932548 2.29262617 2.29262617
 2.32641983 2.32788181 2.33268517 2.3326855  2.49843355 2.49843361
 3.23016733 3.23323477 3.38868118 3.38868134 3.43315707 3.43315709
 4.28388819 4.28388862 4.6262342  4.62823539 9.1228189  9.12323041]
  11 (-0.000  0.500  0.750)   [-0.07805635  0.09320309  0.24235494  0.31171179] [0.7098584  0.90815382 0.96350347 0.98174318 1.23205375 1.35355569
 1.50285665 1.62852608 1.83196549 2.02037274 2.12979823 2.28930137
 2.4245571  2.45211472 2.46640036 2.66748597 2.78780995 2.90349905
 3.05719679 3.1141889  3.2508173  3.54760464 3.78340809 3.90760131
 3.990286   4.12004225 4.27014415 4.58596937 9.10277227 9.16781143]
  12 (-0.000  0.750  0.000)   [-0.23799548  0.24817126  0.42822849  0.42822851] [0.77828534 0.77828535 0.79073862 1.02657051 1.2405352  1.31525264
 1.3152529  1.41588079 1.94275062 1.94275135 2.08024421 2.09579981
 2.09579982 2.14374809 2.81263738 2.81263774 3.11372839 3.14503977
 3.14504147 3.34108491 3.34108569 3.36147755 3.67266553 4.11272054
 4.11273364 4.30900421 4.30901491 4.36480289 9.06258324 9.24856811]
  13 ( 0.000  0.750  0.250)   [-0.13593297  0.17138263  0.20904477  0.38135006] [0.77956447 0.86022429 0.94526659 1.00068727 1.20529122 1.25569466
 1.39458595 1.70770003 1.81645875 2.04790394 2.0598459  2.06110581
 2.44798732 2.60628704 2.64782206 2.74096863 2.74287434 2.94129002
 3.10866212 3.15002037 3.26168853 3.51320904 3.57803871 3.58045004
 4.02652245 4.05242564 4.22053871 4.58952505 9.09822411 9.18278402]
  14 (-0.000  0.750  0.500)   [-0.07805635  0.09320309  0.24235494  0.31171179] [0.7098584  0.90815381 0.96350347 0.98174318 1.23205375 1.35355569
 1.50285665 1.62852607 1.8319655  2.02037275 2.12979823 2.28930137
 2.42455713 2.45211472 2.46640038 2.66748596 2.78780991 2.90349904
 3.05719702 3.11418891 3.25081735 3.54760472 3.783408   3.90760123
 3.99028605 4.12004232 4.27014455 4.58597013 9.1027723  9.16781142]
  15 ( 0.000  0.750  0.750)   [-0.21689901  0.3271474   0.33962798  0.33962815] [0.65147524 0.86230615 0.91935385 0.91935409 1.22932443 1.2956364
 1.60021616 1.68413684 1.68417392 1.79876496 2.00512346 2.00522562
 2.17386568 2.60977426 2.64576513 3.00311645 3.00343031 3.08688695
 3.08737135 3.08860068 3.21238208 3.39335735 3.63675865 4.08203068
 4.11596441 4.11826311 4.81819336 4.82508186 9.06062684 9.24082371]
  16 ( 0.250  0.000  0.000)   [-0.23799548  0.24817126  0.42822849  0.42822851] [0.77828534 0.77828535 0.79073862 1.02657051 1.2405352  1.31525264
 1.3152529  1.41588079 1.94275062 1.94275135 2.08024409 2.09579981
 2.09579982 2.14374766 2.81263738 2.81263774 3.11372758 3.14503977
 3.14504148 3.34108492 3.3410857  3.36147673 3.67266544 4.11272054
 4.11273371 4.30900422 4.30901497 4.36480283 9.06258317 9.24856808]
  17 ( 0.250  0.000  0.250)   [-0.21689901  0.3271474   0.33962798  0.33962815] [0.65147524 0.86230615 0.91935385 0.91935409 1.22932443 1.2956364
 1.60021616 1.68413687 1.6841739  1.79876496 2.00512355 2.00522556
 2.17386568 2.60977426 2.64576513 3.00311684 3.00343005 3.08688761
 3.0873709  3.08860068 3.21238208 3.39335735 3.63675864 4.08203068
 4.11596855 4.11826032 4.81820763 4.82507204 9.06062684 9.2408237 ]
  18 ( 0.250 -0.000  0.500)   [-0.07805635  0.09320309  0.24235494  0.31171179] [0.7098584  0.90815381 0.96350347 0.98174318 1.23205375 1.35355569
 1.50285665 1.62852607 1.8319655  2.02037275 2.12979823 2.28930137
 2.42455711 2.45211472 2.46640036 2.66748595 2.78780984 2.90349903
 3.05719703 3.1141889  3.25081736 3.54760471 3.78340802 3.90760108
 3.99028599 4.12004215 4.27014458 4.58597022 9.10277229 9.16781141]
  19 ( 0.250 -0.000  0.750)   [-0.13593297  0.17138263  0.20904477  0.38135006] [0.77956447 0.86022429 0.94526659 1.00068727 1.20529122 1.25569466
 1.39458595 1.70770002 1.81645874 2.04790395 2.05984586 2.06110582
 2.44798732 2.60628695 2.64782209 2.74096843 2.74287433 2.94129002
 3.10866205 3.15002037 3.26168835 3.51320897 3.57803868 3.58045051
 4.02652255 4.05242575 4.22053852 4.58952525 9.0982241  9.18278397]
  20 ( 0.250  0.250  0.000)   [-0.21689901  0.3271474   0.33962799  0.33962816] [0.65147524 0.86230615 0.91935386 0.9193541  1.22932443 1.2956364
 1.60021616 1.68413685 1.68417393 1.79876497 2.00512363 2.00522566
 2.17386568 2.60977426 2.64576513 3.00311693 3.00343047 3.08688729
 3.08737142 3.08860069 3.2123821  3.39335735 3.63675866 4.08203069
 4.11596818 4.11826466 4.81820472 4.82508617 9.06062688 9.24082373]
  21 ( 0.250  0.250  0.250)   [-0.23799549  0.24817125  0.4282285   0.4282285 ] [0.77828535 0.77828535 0.79073863 1.02657051 1.24053513 1.31525285
 1.31525285 1.41588047 1.94275046 1.94275046 2.08024486 2.09579981
 2.09579981 2.14373616 2.81263793 2.81263793 3.11370022 3.14504027
 3.14504028 3.34108418 3.3410842  3.36145689 3.67264681 4.11270167
 4.11270174 4.3089918  4.30899187 4.36480378 9.06258312 9.24856734]
  22 ( 0.250  0.250  0.500)   [-0.13593297  0.17138261  0.20904478  0.38135007] [0.77956448 0.86022429 0.94526659 1.00068728 1.20529121 1.25569466
 1.39458595 1.70769408 1.81645652 2.04790282 2.05982861 2.06110543
 2.44798733 2.60625823 2.6478134  2.74091196 2.74287438 2.94129002
 3.10865026 3.15002022 3.26164554 3.51319221 3.57802736 3.58042467
 4.02651753 4.05241314 4.22050232 4.58951968 9.09822405 9.18277948]
  23 ( 0.250  0.250  0.750)   [-0.07805635  0.0932031   0.24235493  0.3117118 ] [0.70985842 0.90815381 0.96350346 0.98174318 1.23205376 1.35355572
 1.50285685 1.62852727 1.83196852 2.02038292 2.1297984  2.28930152
 2.4245576  2.45211474 2.46640907 2.6674869  2.78781177 2.90350752
 3.05723088 3.11419933 3.25083013 3.54762494 3.78346395 3.90763511
 3.99033003 4.12016794 4.27020828 4.58609183 9.10277225 9.16781174]
  24 ( 0.250  0.500 -0.000)   [-0.07805635  0.09320309  0.24235494  0.31171179] [0.7098584  0.90815381 0.96350347 0.98174318 1.23205375 1.35355569
 1.50285665 1.62852606 1.83196549 2.02037275 2.12979822 2.28930137
 2.42455713 2.45211472 2.46640017 2.66748599 2.78780999 2.90349906
 3.05719661 3.11418893 3.25081738 3.54760467 3.78340815 3.90760113
 3.99028609 4.12004239 4.27014402 4.58596983 9.1027723  9.16781151]
  25 ( 0.250  0.500  0.250)   [-0.13593297  0.17138261  0.20904478  0.38135007] [0.77956448 0.86022429 0.94526658 1.00068728 1.20529121 1.25569466
 1.39458595 1.70769404 1.81645648 2.04790282 2.0598287  2.06110546
 2.44798733 2.6062583  2.64781353 2.74091178 2.74287438 2.94129002
 3.10865011 3.15002023 3.26164532 3.51319231 3.57802719 3.5804248
 4.02651756 4.0524128  4.22050226 4.58951931 9.09822402 9.1827794 ]
  26 ( 0.250  0.500  0.500)   [-0.07805635  0.09320308  0.24235494  0.3117118 ] [0.70985841 0.90815381 0.96350347 0.98174319 1.23205374 1.35355565
 1.50285704 1.62852445 1.83197183 2.02036098 2.12979839 2.28930169
 2.42455892 2.45211478 2.46638883 2.66748477 2.78781023 2.90351688
 3.05715452 3.1142106  3.25080166 3.54758564 3.78334482 3.90758323
 3.99037825 4.12030652 4.27006826 4.58580797 9.1027724  9.16781075]
  27 ( 0.250  0.500  0.750)   [0.05194624 0.05194626 0.18135657 0.18135658] [0.87660728 0.87660734 0.94578971 0.9457898  1.2724347  1.27243479
 1.60680806 1.60680819 2.088821   2.08882633 2.19992511 2.19992549
 2.34033395 2.34033401 2.55696707 2.55697542 2.64516994 2.64517008
 3.15794872 3.15795362 3.40037645 3.40037676 3.75790943 3.75790991
 4.10477234 4.10484827 4.47723538 4.47723573 9.09998521 9.10039453]
  28 ( 0.250  0.750 -0.000)   [-0.13593297  0.17138263  0.20904477  0.38135006] [0.77956447 0.86022429 0.9452666  1.00068728 1.20529122 1.25569466
 1.39458595 1.70770007 1.81645874 2.04790395 2.05984578 2.0611058
 2.44798732 2.60628684 2.64782204 2.74096819 2.74287434 2.94129002
 3.10866197 3.15002037 3.26168833 3.51320876 3.57803868 3.58045084
 4.02652258 4.05242583 4.22053852 4.5895256  9.09822412 9.18278392]
  29 ( 0.250  0.750  0.250)   [-0.07805635  0.0932031   0.24235492  0.3117118 ] [0.70985842 0.90815381 0.96350346 0.98174318 1.23205376 1.35355572
 1.50285685 1.62852729 1.83196851 2.02038292 2.1297984  2.28930152
 2.42455758 2.45211474 2.46640905 2.66748691 2.78781182 2.90350754
 3.05723053 3.11419934 3.25083005 3.54762492 3.78346394 3.90763504
 3.99032994 4.12016791 4.27020814 4.58609119 9.10277228 9.16781175]
  30 ( 0.250  0.750  0.500)   [0.05194624 0.05194626 0.18135657 0.18135658] [0.87660728 0.87660734 0.94578971 0.9457898  1.2724347  1.27243479
 1.60680807 1.6068082  2.08882099 2.08882633 2.19992507 2.19992542
 2.34033395 2.34033401 2.55696705 2.55697541 2.64516994 2.64517008
 3.15794866 3.15795347 3.40037645 3.40037676 3.75790947 3.75790996
 4.1047724  4.10484811 4.47723538 4.47723573 9.09998512 9.10039444]
  31 ( 0.250  0.750  0.750)   [-0.07805635  0.0932031   0.24235492  0.3117118 ] [0.70985842 0.90815381 0.96350346 0.98174318 1.23205376 1.35355572
 1.50285685 1.62852728 1.83196851 2.02038292 2.1297984  2.28930152
 2.42455757 2.45211474 2.46640901 2.66748691 2.78781178 2.90350754
 3.05723046 3.11419933 3.25083002 3.54762495 3.78346395 3.90763507
 3.99032989 4.12016777 4.27020811 4.58609076 9.10277228 9.16781174]
  32 ( 0.500  0.000  0.000)   [-0.0858494  -0.004925    0.38912895  0.38912896] [0.80161053 0.80161055 0.81669115 1.06107115 1.28500683 1.37275146
 1.44326393 1.44326397 1.76289062 1.76289063 2.1694191  2.56934765
 2.62501229 2.62501235 2.67704795 2.67704811 2.73589347 2.73589351
 3.18785862 3.34338501 3.34338505 3.35625662 3.82756341 4.00394579
 4.0039458  4.3923901  4.39239166 4.97500863 9.12651245 9.22476224]
  33 ( 0.500  0.000  0.250)   [-0.07805635  0.09320309  0.24235494  0.31171179] [0.7098584  0.90815382 0.96350347 0.98174318 1.23205375 1.35355569
 1.50285665 1.62852608 1.83196549 2.02037276 2.12979823 2.28930137
 2.42455707 2.45211472 2.46640033 2.66748597 2.78780988 2.90349905
 3.05719682 3.11418891 3.25081733 3.54760469 3.78340826 3.90760124
 3.99028604 4.12004239 4.27014431 4.58596974 9.10277226 9.16781143]
  34 ( 0.500  0.000  0.500)   [0.02136341 0.02136343 0.25887708 0.25887709] [0.65997862 0.65997864 1.11081507 1.11081666 1.33919535 1.33919549
 1.68180003 1.68180003 1.95932547 1.95932548 2.29262617 2.29262617
 2.32642076 2.32788035 2.33268517 2.3326855  2.49843355 2.49843361
 3.23016993 3.23323066 3.38868118 3.38868134 3.43315707 3.43315709
 4.28388819 4.28388862 4.62623664 4.62823157 9.1228189  9.12323041]
  35 ( 0.500 -0.000  0.750)   [-0.07805635  0.09320309  0.24235494  0.31171179] [0.7098584  0.90815382 0.96350347 0.98174318 1.23205375 1.35355569
 1.50285665 1.62852608 1.83196549 2.02037276 2.12979823 2.28930137
 2.42455707 2.45211472 2.46640032 2.66748597 2.78780988 2.90349906
 3.05719681 3.11418891 3.25081733 3.54760469 3.78340825 3.90760128
 3.99028606 4.12004243 4.27014429 4.58596965 9.10277226 9.16781143]
  36 ( 0.500  0.250  0.000)   [-0.07805635  0.09320309  0.24235494  0.31171179] [0.7098584  0.90815381 0.96350347 0.98174318 1.23205375 1.35355569
 1.50285665 1.62852606 1.83196549 2.02037275 2.12979822 2.28930137
 2.42455712 2.45211472 2.46640017 2.66748599 2.78780999 2.90349907
 3.05719657 3.11418894 3.25081736 3.54760464 3.78340811 3.90760103
 3.99028611 4.12004244 4.27014392 4.58596971 9.1027723  9.16781152]
  37 ( 0.500  0.250  0.250)   [-0.13593297  0.17138261  0.20904478  0.38135007] [0.77956448 0.86022429 0.94526658 1.00068728 1.20529121 1.25569466
 1.39458595 1.70769402 1.81645647 2.04790283 2.05982866 2.06110545
 2.44798733 2.60625823 2.64781348 2.74091161 2.74287438 2.94129002
 3.10865    3.15002023 3.26164517 3.51319226 3.57802709 3.58042539
 4.02651769 4.05241266 4.22050212 4.58951919 9.09822401 9.18277937]
  38 ( 0.500  0.250  0.500)   [-0.07805635  0.09320308  0.24235494  0.3117118 ] [0.70985841 0.90815381 0.96350347 0.98174319 1.23205374 1.35355565
 1.50285704 1.62852445 1.83197183 2.02036096 2.12979839 2.28930169
 2.42455891 2.45211478 2.46638881 2.66748476 2.78781024 2.90351688
 3.05715443 3.1142106  3.25080161 3.54758557 3.78334465 3.90758305
 3.99037822 4.12030645 4.27006804 4.58580744 9.1027724  9.16781076]
  39 ( 0.500  0.250  0.750)   [0.05194624 0.05194626 0.18135657 0.18135658] [0.87660728 0.87660734 0.94578971 0.9457898  1.2724347  1.27243479
 1.60680806 1.60680819 2.088821   2.08882632 2.19992511 2.19992549
 2.34033395 2.34033401 2.55696707 2.55697541 2.64516994 2.64517008
 3.15794874 3.15795362 3.40037645 3.40037676 3.75790943 3.75790991
 4.10477233 4.10484821 4.47723538 4.47723573 9.09998521 9.10039453]
  40 ( 0.500  0.500  0.000)   [0.02136341 0.02136343 0.25887708 0.25887709] [0.65997862 0.65997864 1.11081507 1.11081665 1.33919535 1.33919549
 1.68180003 1.68180003 1.95932547 1.95932548 2.29262617 2.29262617
 2.32642001 2.32787889 2.3326852  2.33268554 2.49843355 2.49843361
 3.23016765 3.23322671 3.38868118 3.38868133 3.43315707 3.43315709
 4.28388817 4.2838886  4.62623437 4.62822695 9.12281896 9.12323047]
  41 ( 0.500  0.500  0.250)   [-0.07805635  0.09320308  0.24235494  0.3117118 ] [0.70985841 0.90815381 0.96350347 0.98174319 1.23205374 1.35355566
 1.50285704 1.62852445 1.83197182 2.02036095 2.12979839 2.28930169
 2.42455893 2.45211477 2.46638881 2.66748476 2.78781017 2.90351682
 3.05715451 3.11421056 3.2508016  3.54758546 3.78334451 3.90758308
 3.9903783  4.12030646 4.27006761 4.5858067  9.10277236 9.16781067]
  42 ( 0.500  0.500  0.500)   [-0.08584938 -0.00492502  0.38912896  0.38912896] [0.80161055 0.80161055 0.81669117 1.06107113 1.28500696 1.37275113
 1.44326404 1.44326404 1.76289026 1.76289026 2.16941157 2.56934875
 2.62501061 2.62501061 2.67704857 2.67704857 2.73589362 2.73589363
 3.1878577  3.34338413 3.34338413 3.35626849 3.8277434  4.00394582
 4.00394582 4.39234425 4.39234426 4.97490865 9.1265126  9.22476101]
  43 ( 0.500  0.500  0.750)   [-0.07805635  0.09320308  0.24235494  0.3117118 ] [0.70985841 0.90815381 0.96350347 0.98174319 1.23205374 1.35355566
 1.50285704 1.62852445 1.83197182 2.02036097 2.12979839 2.28930169
 2.42455893 2.45211477 2.46638884 2.66748477 2.7878102  2.90351682
 3.05715461 3.11421056 3.25080164 3.54758549 3.78334465 3.90758308
 3.99037831 4.12030647 4.27006783 4.58580738 9.10277236 9.16781068]
  44 ( 0.500  0.750 -0.000)   [-0.07805635  0.09320309  0.24235494  0.31171179] [0.7098584  0.90815381 0.96350347 0.98174318 1.23205375 1.35355569
 1.50285665 1.62852606 1.83196549 2.02037276 2.12979822 2.28930137
 2.42455712 2.45211472 2.46640016 2.66748599 2.78780997 2.90349906
 3.05719656 3.11418893 3.25081737 3.54760466 3.78340814 3.90760111
 3.99028607 4.12004234 4.27014392 4.58596963 9.1027723  9.16781151]
  45 ( 0.500  0.750  0.250)   [0.05194624 0.05194626 0.18135657 0.18135658] [0.87660728 0.87660734 0.94578971 0.9457898  1.2724347  1.27243479
 1.60680806 1.60680819 2.088821   2.08882632 2.19992511 2.19992549
 2.34033395 2.34033401 2.55696707 2.55697541 2.64516994 2.64517008
 3.15794874 3.15795361 3.40037645 3.40037676 3.75790943 3.75790991
 4.10477238 4.10484821 4.47723538 4.47723573 9.09998521 9.10039453]
  46 ( 0.500  0.750  0.500)   [-0.07805635  0.09320308  0.24235494  0.3117118 ] [0.70985841 0.90815381 0.96350347 0.98174319 1.23205374 1.35355565
 1.50285704 1.62852445 1.83197183 2.02036099 2.12979839 2.28930169
 2.42455891 2.45211478 2.46638887 2.66748477 2.78781027 2.90351687
 3.05715461 3.11421059 3.25080167 3.54758565 3.78334493 3.90758314
 3.99037818 4.12030631 4.27006845 4.58580839 9.1027724  9.16781077]
  47 ( 0.500  0.750  0.750)   [-0.13593297  0.17138261  0.20904478  0.38135007] [0.77956448 0.86022429 0.94526658 1.00068728 1.20529121 1.25569466
 1.39458595 1.70769402 1.81645647 2.04790283 2.05982865 2.06110546
 2.44798733 2.60625821 2.64781349 2.74091156 2.74287438 2.94129002
 3.10865003 3.15002023 3.26164513 3.51319224 3.57802712 3.58042534
 4.02651768 4.05241272 4.22050207 4.58951926 9.09822401 9.18277936]
  48 ( 0.750 -0.000 -0.000)   [-0.23799548  0.24817126  0.42822849  0.42822851] [0.77828534 0.77828535 0.79073862 1.02657051 1.2405352  1.31525264
 1.3152529  1.41588079 1.94275062 1.94275135 2.08024412 2.09579981
 2.09579982 2.14374776 2.81263738 2.81263774 3.11372775 3.14503977
 3.14504148 3.34108491 3.3410857  3.3614769  3.67266544 4.1127205
 4.11273372 4.30900419 4.30901498 4.36480284 9.06258318 9.24856808]
  49 ( 0.750  0.000  0.250)   [-0.13593297  0.17138263  0.20904477  0.38135006] [0.77956447 0.86022429 0.94526659 1.00068727 1.20529122 1.25569466
 1.39458595 1.70770002 1.81645874 2.04790395 2.05984588 2.06110582
 2.44798732 2.60628699 2.64782209 2.74096852 2.74287433 2.94129002
 3.10866204 3.15002037 3.26168843 3.51320901 3.57803866 3.58045053
 4.02652256 4.05242576 4.22053861 4.58952529 9.0982241  9.18278399]
  50 ( 0.750 -0.000  0.500)   [-0.07805635  0.09320309  0.24235494  0.31171179] [0.7098584  0.90815381 0.96350347 0.98174318 1.23205375 1.35355569
 1.50285665 1.62852607 1.8319655  2.02037276 2.12979823 2.28930137
 2.42455711 2.45211472 2.46640037 2.66748596 2.78780987 2.90349904
 3.05719708 3.11418891 3.25081739 3.54760474 3.78340812 3.90760119
 3.99028606 4.12004235 4.27014471 4.58597054 9.10277229 9.16781141]
  51 ( 0.750  0.000  0.750)   [-0.21689901  0.3271474   0.33962798  0.33962815] [0.65147524 0.86230615 0.91935385 0.91935409 1.22932443 1.2956364
 1.60021616 1.68413686 1.6841739  1.79876496 2.00512351 2.00522553
 2.17386568 2.60977426 2.64576513 3.00311669 3.00342994 3.08688737
 3.08737072 3.08860068 3.21238208 3.39335735 3.63675864 4.08203068
 4.11596701 4.11825915 4.81820231 4.82506788 9.06062684 9.2408237 ]
  52 ( 0.750  0.250  0.000)   [-0.13593297  0.17138263  0.20904477  0.38135006] [0.77956447 0.86022429 0.9452666  1.00068728 1.20529122 1.25569466
 1.39458595 1.70770007 1.81645873 2.04790395 2.05984579 2.0611058
 2.44798732 2.60628687 2.64782203 2.74096825 2.74287434 2.94129002
 3.10866194 3.15002037 3.26168839 3.51320878 3.57803865 3.58045084
 4.02652258 4.05242579 4.22053859 4.58952556 9.09822412 9.18278393]
  53 ( 0.750  0.250  0.250)   [-0.07805635  0.0932031   0.24235492  0.3117118 ] [0.70985842 0.90815381 0.96350346 0.98174318 1.23205376 1.35355572
 1.50285685 1.62852728 1.83196852 2.0203829  2.1297984  2.28930152
 2.42455757 2.45211474 2.46640898 2.66748691 2.78781178 2.90350755
 3.05723037 3.11419935 3.25083    3.54762489 3.78346375 3.90763503
 3.99032998 4.12016805 4.27020785 4.58609034 9.10277228 9.16781174]
  54 ( 0.750  0.250  0.500)   [0.05194624 0.05194626 0.18135657 0.18135658] [0.87660728 0.87660734 0.94578971 0.9457898  1.2724347  1.27243479
 1.60680807 1.6068082  2.08882099 2.08882633 2.19992507 2.19992542
 2.34033395 2.34033401 2.55696705 2.55697541 2.64516994 2.64517008
 3.15794867 3.15795346 3.40037645 3.40037676 3.75790947 3.75790996
 4.10477241 4.10484811 4.47723538 4.47723573 9.09998512 9.10039444]
  55 ( 0.750  0.250  0.750)   [-0.07805635  0.0932031   0.24235492  0.3117118 ] [0.70985842 0.90815381 0.96350346 0.98174318 1.23205376 1.35355572
 1.50285685 1.62852729 1.83196852 2.02038291 2.1297984  2.28930152
 2.42455757 2.45211474 2.46640904 2.66748691 2.78781182 2.90350755
 3.05723048 3.11419935 3.25083002 3.5476249  3.78346387 3.90763495
 3.99032998 4.12016803 4.27020805 4.58609092 9.10277228 9.16781175]
  56 ( 0.750  0.500 -0.000)   [-0.07805635  0.09320309  0.24235494  0.31171179] [0.7098584  0.90815381 0.96350347 0.98174318 1.23205375 1.35355569
 1.50285665 1.62852606 1.83196549 2.02037277 2.12979822 2.28930137
 2.42455715 2.45211472 2.46640019 2.66748599 2.78781004 2.90349906
 3.05719667 3.11418893 3.2508174  3.54760472 3.78340826 3.90760133
 3.99028607 4.12004232 4.27014416 4.58597014 9.1027723  9.16781151]
  57 ( 0.750  0.500  0.250)   [0.05194624 0.05194626 0.18135657 0.18135658] [0.87660728 0.87660734 0.94578971 0.9457898  1.2724347  1.27243479
 1.60680806 1.60680819 2.08882099 2.08882633 2.19992511 2.19992549
 2.34033395 2.34033401 2.55696707 2.55697542 2.64516994 2.64517008
 3.15794872 3.15795362 3.40037645 3.40037676 3.75790943 3.75790991
 4.10477232 4.10484829 4.47723538 4.47723573 9.09998521 9.10039452]
  58 ( 0.750  0.500  0.500)   [-0.07805635  0.09320308  0.24235494  0.3117118 ] [0.70985841 0.90815381 0.96350347 0.98174319 1.23205374 1.35355565
 1.50285704 1.62852445 1.83197183 2.02036097 2.12979839 2.28930169
 2.42455891 2.45211478 2.46638883 2.66748476 2.78781023 2.90351687
 3.0571545  3.1142106  3.25080165 3.54758562 3.78334477 3.90758317
 3.99037821 4.1203064  4.2700682  4.58580788 9.1027724  9.16781075]
  59 ( 0.750  0.500  0.750)   [-0.13593297  0.17138261  0.20904478  0.38135007] [0.77956448 0.86022429 0.94526658 1.00068728 1.20529121 1.25569466
 1.39458595 1.70769403 1.81645647 2.04790282 2.05982869 2.06110546
 2.44798733 2.60625828 2.6478135  2.74091172 2.74287438 2.94129002
 3.10865006 3.15002023 3.26164527 3.51319229 3.57802714 3.58042482
 4.02651756 4.05241271 4.22050221 4.58951922 9.09822401 9.18277939]
  60 ( 0.750  0.750  0.000)   [-0.21689901  0.3271474   0.33962799  0.33962816] [0.65147524 0.86230615 0.91935386 0.9193541  1.22932443 1.2956364
 1.60021616 1.68413684 1.68417393 1.79876497 2.00512359 2.00522567
 2.17386568 2.60977426 2.64576513 3.00311674 3.00343048 3.08688698
 3.08737144 3.08860069 3.21238211 3.39335735 3.63675867 4.08203069
 4.11596616 4.11826482 4.81819775 4.82508672 9.06062688 9.24082373]
  61 ( 0.750  0.750  0.250)   [-0.07805635  0.0932031   0.24235493  0.3117118 ] [0.70985842 0.90815381 0.96350346 0.98174318 1.23205376 1.35355572
 1.50285685 1.62852726 1.83196852 2.02038291 2.12979841 2.28930152
 2.4245576  2.45211474 2.46640906 2.66748689 2.78781178 2.90350752
 3.05723083 3.11419934 3.25083011 3.54762492 3.78346387 3.9076351
 3.99033007 4.12016806 4.27020817 4.58609149 9.10277225 9.16781174]
  62 ( 0.750  0.750  0.500)   [-0.13593297  0.17138261  0.20904478  0.38135007] [0.77956448 0.86022429 0.94526659 1.00068728 1.20529121 1.25569466
 1.39458595 1.70769408 1.81645652 2.04790282 2.0598286  2.06110543
 2.44798733 2.60625822 2.64781341 2.74091193 2.74287438 2.94129002
 3.10865026 3.15002022 3.26164552 3.5131922  3.57802736 3.58042467
 4.02651753 4.05241318 4.22050229 4.58951973 9.09822405 9.18277948]
  63 ( 0.750  0.750  0.750)   [-0.23799549  0.24817125  0.4282285   0.4282285 ] [0.77828535 0.77828535 0.79073863 1.02657051 1.24053513 1.31525285
 1.31525285 1.41588047 1.94275046 1.94275046 2.08024487 2.09579981
 2.09579981 2.14373621 2.81263793 2.81263793 3.11370029 3.14504027
 3.14504028 3.34108418 3.3410842  3.36145697 3.67264681 4.11270163
 4.11270173 4.30899178 4.30899186 4.36480378 9.06258312 9.24856735]
nelec by numeric integration = 7.999999998717152
    CPU time for vxc     15.68 sec, wall time     13.83 sec
    CPU time for vj and vk     28.06 sec, wall time     24.42 sec
E1 = (4.013265625021509+1.8247604355271438e-13j)  Ecoul = 0.9479474708463309  Exc = -3.531191979194012
cycle= 4 E= -11.3571080289504  delta_E= -1.67e-09  |g|= 3.94e-05  |ddm|=  692
    CPU time for cycle= 4     44.24 sec, wall time     38.37 sec
HOMO = 0.49296762884  LUMO = 0.651474379731
     k-point                  mo_energy
   0 ( 0.000  0.000  0.000)   [-0.30101712  0.49296761  0.49296763  0.49296763] [0.69697942 0.69697942 0.69697943 0.98087739 1.1862304  1.48312727
 1.48312727 1.49720088 1.49720088 1.49720093 1.74683752 2.22683151
 2.22683154 2.2268352  3.00032285 3.00032286 3.00032293 3.25190886
 3.25190886 3.52467456 3.52467456 3.52467457 4.19209248 4.19209265
 4.19214035 5.02007309 5.02007406 5.02026416 8.98008866 9.3071468 ]
   1 (-0.000 -0.000  0.250)   [-0.23799643  0.24816997  0.42822685  0.42822686] [0.77828411 0.77828412 0.79073732 1.02656913 1.24053459 1.31525257
 1.31525283 1.41588039 1.9427505  1.94275123 2.08024384 2.09579879
 2.09579879 2.14374793 2.81263647 2.81263684 3.11372751 3.14503859
 3.1450403  3.34108412 3.3410849  3.36147648 3.67266439 4.11271994
 4.11273301 4.3090033  4.30901404 4.36480175 9.06258017 9.24856523]
   2 (-0.000 -0.000  0.500)   [-0.08585062 -0.00492586  0.38912734  0.38912735] [0.80160954 0.80160955 0.81668985 1.06107039 1.2850058  1.37275039
 1.44326337 1.44326341 1.76289015 1.76289016 2.16941894 2.5693464
 2.6250112  2.62501126 2.67704759 2.67704774 2.73589252 2.73589255
 3.18785758 3.34338424 3.34338428 3.3562554  3.82756186 4.003945
 4.00394501 4.39238936 4.3923909  4.97500744 9.12650958 9.22475923]
   3 ( 0.000  0.000  0.750)   [-0.23799643  0.24816997  0.42822685  0.42822686] [0.77828411 0.77828412 0.79073732 1.02656913 1.24053459 1.31525257
 1.31525283 1.41588039 1.9427505  1.94275123 2.08024384 2.09579879
 2.09579879 2.14374795 2.81263647 2.81263684 3.11372755 3.14503859
 3.1450403  3.34108412 3.3410849  3.36147652 3.6726644  4.11271991
 4.11273299 4.30900328 4.30901402 4.36480174 9.06258017 9.24856524]
   4 ( 0.000  0.250 -0.000)   [-0.23799642  0.24816997  0.42822685  0.42822686] [0.77828412 0.77828412 0.79073732 1.02656913 1.24053462 1.31525257
 1.31525283 1.41588037 1.9427505  1.94275123 2.08024395 2.09579879
 2.09579879 2.14374788 2.81263647 2.81263683 3.11372738 3.14503859
 3.1450403  3.34108412 3.34108491 3.36147667 3.67266432 4.11271984
 4.11273295 4.30900326 4.30901397 4.36480173 9.06258026 9.24856518]
   5 ( 0.000  0.250  0.250)   [-0.21689998  0.32714578  0.33962657  0.33962674] [0.65147438 0.86230566 0.9193523  0.91935253 1.22932324 1.29563553
 1.60021563 1.68413705 1.68417411 1.79876489 2.00512277 2.00522487
 2.17386494 2.60977347 2.64576403 3.00311568 3.00342928 3.08688619
 3.08737017 3.08860009 3.21238132 3.39335677 3.63675757 4.08202942
 4.11596541 4.11826143 4.81819882 4.825078   9.06062385 9.24082077]
   6 (-0.000  0.250  0.500)   [-0.07805748  0.09320193  0.24235367  0.31171038] [0.70985774 0.90815291 0.96350204 0.98174167 1.23205257 1.35355429
 1.50285621 1.62852603 1.83196502 2.02037236 2.12979768 2.28930084
 2.42455646 2.45211388 2.46639977 2.6674851  2.78780924 2.90349832
 3.05719627 3.11418801 3.25081647 3.5476039  3.78340706 3.90759983
 3.99028506 4.12004162 4.2701435  4.58596896 9.10276935 9.1678085 ]
   7 (-0.000  0.250  0.750)   [-0.13593402  0.1713813   0.20904366  0.3813485 ] [0.77956362 0.86022298 0.94526515 1.00068594 1.20529031 1.2556946
 1.39458472 1.7077001  1.81645845 2.04790316 2.05984546 2.06110521
 2.4479863  2.60628612 2.64782132 2.74096789 2.74287398 2.941289
 3.10866176 3.15001952 3.26168733 3.5132079  3.5780379  3.58044948
 4.02652183 4.05242465 4.22053746 4.589524   9.09822115 9.18278107]
   8 ( 0.000  0.500 -0.000)   [-0.08585062 -0.00492586  0.38912734  0.38912735] [0.80160954 0.80160955 0.81668985 1.06107039 1.28500579 1.3727504
 1.44326337 1.44326341 1.76289015 1.76289016 2.16941903 2.5693464
 2.6250112  2.62501126 2.67704758 2.67704774 2.73589252 2.73589256
 3.1878576  3.34338424 3.34338427 3.35625551 3.82756178 4.003945
 4.00394501 4.39238938 4.39239093 4.97500698 9.12650957 9.2247593 ]
   9 ( 0.000  0.500  0.250)   [-0.07805748  0.09320193  0.24235367  0.31171038] [0.70985774 0.90815291 0.96350204 0.98174167 1.23205257 1.35355428
 1.50285621 1.62852604 1.83196501 2.02037235 2.12979768 2.28930084
 2.42455644 2.45211388 2.46639977 2.66748512 2.7878093  2.90349832
 3.05719611 3.11418799 3.25081644 3.54760385 3.78340725 3.90759997
 3.99028498 4.1200415  4.27014326 4.58596856 9.10276932 9.16780852]
  10 ( 0.000  0.500  0.500)   [0.02136219 0.02136223 0.25887577 0.25887577] [0.65997811 0.65997814 1.11081323 1.11081483 1.33919398 1.339194
 1.68179968 1.68179968 1.95932484 1.95932489 2.29262554 2.29262554
 2.32642004 2.32788202 2.33268503 2.3326854  2.49843267 2.49843277
 3.23016643 3.23323388 3.38868002 3.38868013 3.43315588 3.4331559
 4.28388705 4.28388737 4.62623329 4.62823447 9.12281581 9.12322761]
  11 (-0.000  0.500  0.750)   [-0.07805748  0.09320193  0.24235367  0.31171038] [0.70985774 0.90815291 0.96350204 0.98174167 1.23205257 1.35355428
 1.50285621 1.62852604 1.83196502 2.02037235 2.12979768 2.28930084
 2.42455646 2.45211388 2.46639975 2.66748511 2.78780932 2.90349833
 3.05719603 3.114188   3.25081642 3.54760386 3.78340716 3.90760013
 3.99028505 4.1200417  4.2701431  4.58596812 9.10276933 9.16780851]
  12 (-0.000  0.750  0.000)   [-0.23799642  0.24816997  0.42822685  0.42822686] [0.77828412 0.77828412 0.79073732 1.02656913 1.24053462 1.31525257
 1.31525283 1.41588037 1.9427505  1.94275123 2.08024393 2.09579879
 2.09579879 2.14374786 2.81263647 2.81263683 3.11372736 3.14503859
 3.1450403  3.34108412 3.3410849  3.36147664 3.67266433 4.11271984
 4.11273292 4.30900326 4.30901395 4.36480171 9.06258025 9.24856518]
  13 ( 0.000  0.750  0.250)   [-0.13593402  0.1713813   0.20904366  0.3813485 ] [0.77956362 0.86022298 0.94526515 1.00068594 1.20529031 1.2556946
 1.39458472 1.70770011 1.81645845 2.04790316 2.05984547 2.06110521
 2.4479863  2.60628615 2.64782132 2.74096794 2.74287398 2.941289
 3.10866177 3.15001952 3.26168738 3.51320792 3.57803791 3.58044944
 4.02652182 4.05242465 4.22053752 4.589524   9.09822115 9.18278109]
  14 (-0.000  0.750  0.500)   [-0.07805748  0.09320193  0.24235367  0.31171038] [0.70985774 0.90815291 0.96350204 0.98174167 1.23205257 1.35355429
 1.50285621 1.62852603 1.83196502 2.02037236 2.12979768 2.28930084
 2.42455648 2.45211388 2.46639977 2.6674851  2.78780929 2.90349833
 3.05719626 3.11418802 3.25081647 3.54760393 3.78340706 3.90760005
 3.9902851  4.12004175 4.27014348 4.58596885 9.10276936 9.1678085 ]
  15 ( 0.000  0.750  0.750)   [-0.21689998  0.32714578  0.33962657  0.33962674] [0.65147438 0.86230566 0.9193523  0.91935253 1.22932324 1.29563553
 1.60021563 1.68413704 1.68417412 1.79876489 2.00512273 2.00522489
 2.17386494 2.60977347 2.64576403 3.00311549 3.00342936 3.0868859
 3.0873703  3.08860009 3.21238132 3.39335677 3.63675757 4.08202942
 4.11596355 4.11826225 4.81819238 4.82508089 9.06062385 9.24082077]
  16 ( 0.250  0.000  0.000)   [-0.23799642  0.24816997  0.42822685  0.42822686] [0.77828412 0.77828412 0.79073732 1.02656913 1.24053462 1.31525257
 1.31525283 1.41588037 1.9427505  1.94275123 2.08024382 2.09579879
 2.09579879 2.14374741 2.81263647 2.81263683 3.11372651 3.1450386
 3.1450403  3.34108413 3.34108491 3.36147579 3.67266424 4.11271983
 4.112733   4.30900326 4.30901402 4.36480165 9.06258018 9.24856515]
  17 ( 0.250  0.000  0.250)   [-0.21689998  0.32714578  0.33962657  0.33962674] [0.65147438 0.86230566 0.9193523  0.91935253 1.22932324 1.29563553
 1.60021563 1.68413706 1.6841741  1.79876489 2.00512282 2.00522483
 2.17386494 2.60977347 2.64576403 3.00311589 3.0034291  3.08688656
 3.08736985 3.08860009 3.21238132 3.39335677 3.63675757 4.08202942
 4.11596769 4.11825946 4.81820666 4.82507107 9.06062385 9.24082076]
  18 ( 0.250 -0.000  0.500)   [-0.07805748  0.09320193  0.24235367  0.31171038] [0.70985774 0.90815291 0.96350204 0.98174167 1.23205257 1.35355429
 1.50285621 1.62852603 1.83196502 2.02037235 2.12979768 2.28930084
 2.42455646 2.45211388 2.46639974 2.6674851  2.78780922 2.90349832
 3.05719625 3.11418801 3.25081647 3.54760392 3.78340706 3.9075999
 3.99028505 4.12004161 4.2701435  4.5859689  9.10276935 9.16780849]
  19 ( 0.250 -0.000  0.750)   [-0.13593402  0.1713813   0.20904366  0.3813485 ] [0.77956362 0.86022298 0.94526515 1.00068594 1.20529031 1.2556946
 1.39458472 1.70770009 1.81645845 2.04790317 2.05984542 2.06110521
 2.4479863  2.60628605 2.64782135 2.74096771 2.74287398 2.941289
 3.10866172 3.15001952 3.26168717 3.51320784 3.57803788 3.58044993
 4.02652193 4.05242477 4.2205373  4.5895242  9.09822115 9.18278103]
  20 ( 0.250  0.250  0.000)   [-0.21689998  0.32714578  0.33962657  0.33962674] [0.65147438 0.86230565 0.91935231 0.91935254 1.22932325 1.29563553
 1.60021563 1.68413704 1.68417413 1.7987649  2.0051229  2.00522494
 2.17386493 2.60977347 2.64576404 3.00311598 3.00342952 3.08688624
 3.08737037 3.08860011 3.21238134 3.39335677 3.63675759 4.08202943
 4.11596732 4.1182638  4.81820374 4.82508519 9.06062389 9.24082079]
  21 ( 0.250  0.250  0.250)   [-0.23799644  0.24816996  0.42822686  0.42822686] [0.77828412 0.77828412 0.79073732 1.02656912 1.24053455 1.31525278
 1.31525278 1.41588005 1.94275034 1.94275034 2.0802446  2.09579879
 2.09579879 2.14373591 2.81263702 2.81263702 3.11369914 3.1450391
 3.14503911 3.34108339 3.34108341 3.36145594 3.6726456  4.11270098
 4.11270104 4.30899087 4.30899092 4.36480261 9.06258013 9.24856441]
  22 ( 0.250  0.250  0.500)   [-0.13593402  0.17138128  0.20904367  0.38134851] [0.77956363 0.86022297 0.94526515 1.00068595 1.20529031 1.25569461
 1.39458472 1.70769416 1.81645622 2.04790204 2.05982818 2.06110482
 2.4479863  2.60625734 2.64781267 2.74091125 2.74287403 2.941289
 3.10864993 3.15001937 3.26164437 3.51319108 3.57802657 3.58042406
 4.0265169  4.05241216 4.22050111 4.58951864 9.09822109 9.18277655]
  23 ( 0.250  0.250  0.750)   [-0.07805748  0.09320194  0.24235366  0.31171039] [0.70985776 0.9081529  0.96350204 0.98174166 1.23205258 1.35355432
 1.50285641 1.62852722 1.83196805 2.02038253 2.12979785 2.28930099
 2.42455696 2.4521139  2.46640846 2.66748604 2.78781115 2.9035068
 3.05723011 3.11419844 3.25082925 3.54762415 3.78346301 3.90763394
 3.99032908 4.12016737 4.27020722 4.58609056 9.10276931 9.16780882]
  24 ( 0.250  0.500 -0.000)   [-0.07805748  0.09320193  0.24235367  0.31171038] [0.70985774 0.90815291 0.96350204 0.98174166 1.23205257 1.35355429
 1.50285621 1.62852601 1.83196502 2.02037236 2.12979767 2.28930084
 2.42455649 2.45211388 2.46639956 2.66748513 2.78780937 2.90349835
 3.05719585 3.11418804 3.25081649 3.54760389 3.78340721 3.90759996
 3.99028515 4.12004184 4.27014297 4.58596857 9.10276936 9.16780859]
  25 ( 0.250  0.500  0.250)   [-0.13593402  0.17138128  0.20904367  0.38134851] [0.77956363 0.86022297 0.94526514 1.00068595 1.20529031 1.25569461
 1.39458472 1.70769411 1.81645618 2.04790204 2.05982826 2.06110485
 2.4479863  2.6062574  2.64781278 2.74091105 2.74287402 2.941289
 3.10864977 3.15001938 3.26164414 3.51319118 3.57802639 3.58042428
 4.02651695 4.05241178 4.22050105 4.58951822 9.09822106 9.18277646]
  26 ( 0.250  0.500  0.500)   [-0.07805748  0.09320192  0.24235367  0.31171039] [0.70985774 0.9081529  0.96350204 0.98174167 1.23205256 1.35355424
 1.5028566  1.62852441 1.83197136 2.02036059 2.12979783 2.28930116
 2.42455827 2.45211394 2.46638823 2.66748391 2.78780961 2.90351616
 3.05715377 3.11420971 3.25080078 3.54758486 3.78334391 3.90758207
 3.9903773  4.12030597 4.27006723 4.58580677 9.10276945 9.16780783]
  27 ( 0.250  0.500  0.750)   [0.05194487 0.05194493 0.1813556  0.18135561] [0.87660649 0.87660651 0.9457883  0.94578835 1.27243331 1.27243332
 1.60680763 1.60680774 2.08882065 2.08882599 2.1999248  2.19992521
 2.34033314 2.34033316 2.55696619 2.55697453 2.64516917 2.64516927
 3.15794843 3.15795333 3.40037569 3.40037601 3.75790823 3.75790864
 4.1047712  4.10484712 4.47723435 4.47723462 9.09998215 9.10039175]
  28 ( 0.250  0.750 -0.000)   [-0.13593402  0.1713813   0.20904366  0.3813485 ] [0.77956362 0.86022298 0.94526516 1.00068595 1.20529031 1.2556946
 1.39458471 1.70770015 1.81645844 2.04790317 2.05984535 2.0611052
 2.4479863  2.60628595 2.6478213  2.74096748 2.74287398 2.941289
 3.10866164 3.15001952 3.26168717 3.51320763 3.57803789 3.58045026
 4.02652196 4.05242484 4.22053732 4.58952454 9.09822116 9.18278098]
  29 ( 0.250  0.750  0.250)   [-0.07805748  0.09320194  0.24235366  0.31171039] [0.70985776 0.9081529  0.96350204 0.98174166 1.23205258 1.35355431
 1.50285641 1.62852724 1.83196804 2.02038253 2.12979785 2.28930099
 2.42455693 2.4521139  2.46640844 2.66748606 2.7878112  2.90350683
 3.05722976 3.11419845 3.25082916 3.54762413 3.783463   3.90763386
 3.99032899 4.12016735 4.27020708 4.58608991 9.10276934 9.16780884]
  30 ( 0.250  0.750  0.500)   [0.05194487 0.05194493 0.1813556  0.18135561] [0.87660649 0.87660651 0.9457883  0.94578835 1.27243331 1.27243333
 1.60680763 1.60680775 2.08882065 2.08882599 2.19992476 2.19992515
 2.34033314 2.34033316 2.55696617 2.55697453 2.64516917 2.64516927
 3.15794836 3.15795318 3.40037569 3.40037601 3.75790827 3.75790868
 4.10477126 4.10484697 4.47723435 4.47723462 9.09998206 9.10039166]
  31 ( 0.250  0.750  0.750)   [-0.07805748  0.09320194  0.24235366  0.31171039] [0.70985776 0.9081529  0.96350204 0.98174166 1.23205258 1.35355431
 1.50285641 1.62852724 1.83196804 2.02038253 2.12979785 2.28930099
 2.42455693 2.4521139  2.4664084  2.66748605 2.78781116 2.90350682
 3.05722971 3.11419844 3.25082914 3.54762417 3.78346303 3.90763392
 3.99032893 4.1201672  4.27020708 4.58608955 9.10276934 9.16780883]
  32 ( 0.500  0.000  0.000)   [-0.08585062 -0.00492586  0.38912734  0.38912735] [0.80160954 0.80160955 0.81668985 1.06107039 1.28500579 1.3727504
 1.44326337 1.44326341 1.76289015 1.76289016 2.16941905 2.56934642
 2.6250112  2.62501126 2.67704758 2.67704774 2.73589252 2.73589256
 3.1878576  3.34338424 3.34338427 3.35625557 3.827563   4.003945
 4.00394501 4.39238936 4.39239092 4.97500727 9.12650957 9.22475931]
  33 ( 0.500  0.000  0.250)   [-0.07805748  0.09320193  0.24235367  0.31171038] [0.70985774 0.90815291 0.96350204 0.98174166 1.23205257 1.35355428
 1.50285621 1.62852604 1.83196502 2.02037237 2.12979768 2.28930084
 2.42455643 2.45211388 2.46639972 2.66748511 2.78780926 2.90349834
 3.05719606 3.11418801 3.25081645 3.5476039  3.78340732 3.90760005
 3.9902851  4.12004183 4.27014325 4.58596849 9.10276932 9.16780851]
  34 ( 0.500  0.000  0.500)   [0.02136219 0.02136223 0.25887577 0.25887577] [0.65997811 0.65997814 1.11081323 1.11081483 1.33919398 1.339194
 1.68179968 1.68179968 1.95932484 1.95932489 2.29262554 2.29262554
 2.32642097 2.32788056 2.33268503 2.3326854  2.49843267 2.49843277
 3.23016905 3.23322978 3.38868002 3.38868013 3.43315588 3.4331559
 4.28388706 4.28388737 4.62623573 4.62823066 9.12281581 9.12322761]
  35 ( 0.500 -0.000  0.750)   [-0.07805748  0.09320193  0.24235367  0.31171038] [0.70985774 0.90815291 0.96350204 0.98174166 1.23205257 1.35355428
 1.50285621 1.62852603 1.83196502 2.02037237 2.12979768 2.28930084
 2.42455643 2.45211388 2.46639972 2.66748511 2.78780926 2.90349834
 3.05719605 3.11418802 3.25081644 3.5476039  3.78340731 3.9076001
 3.99028511 4.12004188 4.27014323 4.58596839 9.10276932 9.16780851]
  36 ( 0.500  0.250  0.000)   [-0.07805748  0.09320193  0.24235367  0.31171038] [0.70985774 0.90815291 0.96350204 0.98174166 1.23205257 1.35355429
 1.50285621 1.62852601 1.83196502 2.02037236 2.12979767 2.28930084
 2.42455648 2.45211388 2.46639957 2.66748513 2.78780937 2.90349835
 3.05719582 3.11418804 3.25081648 3.54760386 3.78340719 3.90759987
 3.99028516 4.12004189 4.27014289 4.58596849 9.10276935 9.1678086 ]
  37 ( 0.500  0.250  0.250)   [-0.13593402  0.17138128  0.20904367  0.38134851] [0.77956363 0.86022297 0.94526514 1.00068595 1.20529031 1.25569461
 1.39458472 1.7076941  1.81645617 2.04790205 2.05982823 2.06110485
 2.4479863  2.60625733 2.64781276 2.74091089 2.74287402 2.941289
 3.10864969 3.15001938 3.261644   3.51319113 3.57802632 3.58042483
 4.02651706 4.05241171 4.22050091 4.58951816 9.09822105 9.18277644]
  38 ( 0.500  0.250  0.500)   [-0.07805748  0.09320192  0.24235367  0.31171039] [0.70985774 0.9081529  0.96350204 0.98174167 1.23205256 1.35355424
 1.5028566  1.6285244  1.83197136 2.02036057 2.12979783 2.28930116
 2.42455827 2.45211394 2.46638821 2.66748391 2.78780961 2.90351616
 3.05715369 3.11420971 3.25080074 3.5475848  3.78334374 3.90758189
 3.99037728 4.12030589 4.27006702 4.58580626 9.10276946 9.16780784]
  39 ( 0.500  0.250  0.750)   [0.05194487 0.05194493 0.1813556  0.18135561] [0.87660649 0.87660651 0.9457883  0.94578835 1.27243331 1.27243332
 1.60680763 1.60680774 2.08882065 2.08882598 2.1999248  2.19992522
 2.34033314 2.34033316 2.55696619 2.55697453 2.64516917 2.64516927
 3.15794845 3.15795333 3.40037569 3.40037601 3.75790824 3.75790864
 4.10477119 4.10484707 4.47723435 4.47723462 9.09998215 9.10039175]
  40 ( 0.500  0.500  0.000)   [0.02136219 0.02136223 0.25887577 0.25887577] [0.65997811 0.65997814 1.11081323 1.11081481 1.33919398 1.339194
 1.68179968 1.68179968 1.95932484 1.95932489 2.29262554 2.29262554
 2.32642021 2.3278791  2.33268506 2.33268544 2.49843267 2.49843277
 3.23016676 3.23322582 3.38868001 3.38868013 3.43315588 3.4331559
 4.28388704 4.28388735 4.62623346 4.62822604 9.12281587 9.12322767]
  41 ( 0.500  0.500  0.250)   [-0.07805748  0.09320192  0.24235367  0.31171039] [0.70985775 0.90815291 0.96350204 0.98174167 1.23205256 1.35355425
 1.5028566  1.6285244  1.83197135 2.02036056 2.12979784 2.28930116
 2.42455829 2.45211394 2.4663882  2.6674839  2.78780955 2.90351611
 3.05715375 3.11420967 3.25080072 3.54758468 3.78334359 3.90758193
 3.99037736 4.12030592 4.27006656 4.58580546 9.10276942 9.16780775]
  42 ( 0.500  0.500  0.500)   [-0.08585061 -0.00492588  0.38912735  0.38912735] [0.80160955 0.80160955 0.81668987 1.06107037 1.28500592 1.37275007
 1.44326349 1.44326349 1.76288979 1.76288979 2.16941151 2.56934752
 2.62500952 2.62500952 2.6770482  2.6770482  2.73589267 2.73589267
 3.18785668 3.34338336 3.34338336 3.35626744 3.827743   4.00394503
 4.00394503 4.39234351 4.39234352 4.97490723 9.12650972 9.22475808]
  43 ( 0.500  0.500  0.750)   [-0.07805748  0.09320192  0.24235367  0.31171039] [0.70985775 0.90815291 0.96350204 0.98174167 1.23205256 1.35355425
 1.5028566  1.62852441 1.83197135 2.02036058 2.12979784 2.28930116
 2.42455829 2.45211394 2.46638824 2.66748391 2.78780957 2.90351611
 3.05715386 3.11420967 3.25080076 3.54758471 3.78334373 3.90758194
 3.99037736 4.12030593 4.27006679 4.58580614 9.10276942 9.16780776]
  44 ( 0.500  0.750 -0.000)   [-0.07805748  0.09320193  0.24235367  0.31171038] [0.70985774 0.90815291 0.96350204 0.98174166 1.23205257 1.35355429
 1.50285621 1.62852601 1.83196502 2.02037237 2.12979767 2.28930084
 2.42455648 2.45211388 2.46639955 2.66748513 2.78780935 2.90349835
 3.0571958  3.11418804 3.25081649 3.54760388 3.78340721 3.90759995
 3.99028513 4.12004179 4.27014288 4.58596839 9.10276935 9.1678086 ]
  45 ( 0.500  0.750  0.250)   [0.05194487 0.05194493 0.1813556  0.18135561] [0.87660649 0.87660651 0.9457883  0.94578835 1.27243331 1.27243332
 1.60680763 1.60680774 2.08882066 2.08882598 2.1999248  2.19992522
 2.34033314 2.34033316 2.55696619 2.55697453 2.64516917 2.64516927
 3.15794845 3.15795332 3.40037569 3.40037601 3.75790824 3.75790864
 4.10477124 4.10484706 4.47723435 4.47723462 9.09998214 9.10039175]
  46 ( 0.500  0.750  0.500)   [-0.07805748  0.09320192  0.24235367  0.31171039] [0.70985774 0.9081529  0.96350204 0.98174167 1.23205256 1.35355424
 1.5028566  1.62852441 1.83197135 2.0203606  2.12979783 2.28930116
 2.42455827 2.45211394 2.46638826 2.66748391 2.78780964 2.90351615
 3.05715386 3.1142097  3.25080079 3.54758487 3.78334401 3.90758197
 3.99037723 4.12030575 4.27006742 4.58580718 9.10276946 9.16780785]
  47 ( 0.500  0.750  0.750)   [-0.13593402  0.17138128  0.20904367  0.38134851] [0.77956363 0.86022297 0.94526514 1.00068595 1.20529031 1.25569461
 1.39458472 1.70769409 1.81645617 2.04790205 2.05982822 2.06110485
 2.4479863  2.60625731 2.64781278 2.74091084 2.74287402 2.941289
 3.10864971 3.15001938 3.26164396 3.51319111 3.57802634 3.58042479
 4.02651706 4.05241176 4.22050086 4.58951824 9.09822106 9.18277643]
  48 ( 0.750 -0.000 -0.000)   [-0.23799642  0.24816997  0.42822685  0.42822686] [0.77828412 0.77828412 0.79073732 1.02656913 1.24053462 1.31525257
 1.31525283 1.41588037 1.9427505  1.94275123 2.08024385 2.09579879
 2.09579879 2.14374751 2.81263647 2.81263683 3.11372668 3.14503859
 3.1450403  3.34108412 3.34108491 3.36147596 3.67266423 4.1127198
 4.11273301 4.30900324 4.30901402 4.36480166 9.0625802  9.24856515]
  49 ( 0.750  0.000  0.250)   [-0.13593402  0.1713813   0.20904366  0.3813485 ] [0.77956362 0.86022298 0.94526515 1.00068594 1.20529031 1.2556946
 1.39458472 1.7077001  1.81645845 2.04790317 2.05984544 2.06110521
 2.4479863  2.60628609 2.64782135 2.74096779 2.74287398 2.941289
 3.1086617  3.15001952 3.26168725 3.51320787 3.57803787 3.58044994
 4.02652193 4.05242478 4.22053739 4.58952423 9.09822115 9.18278106]
  50 ( 0.750 -0.000  0.500)   [-0.07805748  0.09320193  0.24235367  0.31171038] [0.70985774 0.90815291 0.96350204 0.98174167 1.23205257 1.35355429
 1.50285621 1.62852603 1.83196503 2.02037236 2.12979768 2.28930084
 2.42455647 2.45211388 2.46639976 2.6674851  2.78780924 2.90349833
 3.05719631 3.11418802 3.2508165  3.54760395 3.78340716 3.90760001
 3.99028512 4.12004181 4.27014363 4.58596923 9.10276935 9.16780849]
  51 ( 0.750  0.000  0.750)   [-0.21689998  0.32714578  0.33962657  0.33962674] [0.65147438 0.86230566 0.9193523  0.91935253 1.22932324 1.29563553
 1.60021563 1.68413706 1.68417409 1.79876489 2.00512279 2.0052248
 2.17386494 2.60977347 2.64576403 3.00311574 3.00342899 3.08688632
 3.08736967 3.08860009 3.21238132 3.39335677 3.63675757 4.08202942
 4.11596615 4.11825829 4.81820133 4.82506691 9.06062385 9.24082077]
  52 ( 0.750  0.250  0.000)   [-0.13593402  0.1713813   0.20904366  0.3813485 ] [0.77956362 0.86022298 0.94526516 1.00068595 1.20529031 1.2556946
 1.39458471 1.70770015 1.81645844 2.04790317 2.05984536 2.0611052
 2.4479863  2.60628598 2.64782129 2.74096755 2.74287398 2.941289
 3.1086616  3.15001952 3.26168723 3.51320766 3.57803785 3.58045024
 4.02652195 4.0524248  4.22053739 4.5895245  9.09822116 9.182781  ]
  53 ( 0.750  0.250  0.250)   [-0.07805748  0.09320194  0.24235366  0.31171039] [0.70985776 0.9081529  0.96350204 0.98174166 1.23205258 1.35355431
 1.50285641 1.62852724 1.83196804 2.02038252 2.12979785 2.28930099
 2.42455693 2.4521139  2.46640838 2.66748605 2.78781116 2.90350684
 3.05722961 3.11419846 3.25082912 3.54762411 3.78346283 3.90763387
 3.99032903 4.12016749 4.27020682 4.58608912 9.10276934 9.16780883]
  54 ( 0.750  0.250  0.500)   [0.05194487 0.05194493 0.1813556  0.18135561] [0.87660649 0.87660651 0.9457883  0.94578835 1.27243331 1.27243333
 1.60680763 1.60680775 2.08882065 2.08882599 2.19992476 2.19992515
 2.34033314 2.34033316 2.55696617 2.55697453 2.64516917 2.64516927
 3.15794837 3.15795317 3.40037569 3.40037601 3.75790827 3.75790868
 4.10477126 4.10484696 4.47723435 4.47723462 9.09998206 9.10039166]
  55 ( 0.750  0.250  0.750)   [-0.07805748  0.09320194  0.24235366  0.31171039] [0.70985776 0.9081529  0.96350204 0.98174166 1.23205258 1.35355431
 1.50285641 1.62852724 1.83196804 2.02038252 2.12979785 2.28930099
 2.42455693 2.4521139  2.46640843 2.66748605 2.78781119 2.90350684
 3.05722972 3.11419846 3.25082914 3.54762411 3.78346293 3.90763378
 3.99032904 4.12016749 4.27020699 4.58608965 9.10276933 9.16780883]
  56 ( 0.750  0.500 -0.000)   [-0.07805748  0.09320193  0.24235367  0.31171038] [0.70985774 0.90815291 0.96350204 0.98174166 1.23205257 1.35355429
 1.50285621 1.62852602 1.83196502 2.02037237 2.12979767 2.28930084
 2.42455651 2.45211388 2.46639958 2.66748513 2.78780942 2.90349835
 3.0571959  3.11418804 3.25081651 3.54760393 3.78340731 3.90760016
 3.99028512 4.12004177 4.27014309 4.58596886 9.10276936 9.1678086 ]
  57 ( 0.750  0.500  0.250)   [0.05194487 0.05194493 0.1813556  0.18135561] [0.87660649 0.87660651 0.9457883  0.94578835 1.27243331 1.27243332
 1.60680763 1.60680774 2.08882065 2.08882599 2.1999248  2.19992521
 2.34033314 2.34033316 2.55696619 2.55697454 2.64516917 2.64516927
 3.15794842 3.15795333 3.40037569 3.40037601 3.75790823 3.75790864
 4.10477118 4.10484715 4.47723435 4.47723462 9.09998215 9.10039175]
  58 ( 0.750  0.500  0.500)   [-0.07805748  0.09320192  0.24235367  0.31171039] [0.70985774 0.9081529  0.96350204 0.98174167 1.23205256 1.35355424
 1.5028566  1.62852441 1.83197135 2.02036059 2.12979783 2.28930116
 2.42455827 2.45211394 2.46638822 2.66748391 2.78780961 2.90351616
 3.05715376 3.1142097  3.25080077 3.54758484 3.78334386 3.90758201
 3.99037726 4.12030584 4.27006717 4.58580668 9.10276945 9.16780783]
  59 ( 0.750  0.500  0.750)   [-0.13593402  0.17138128  0.20904367  0.38134851] [0.77956363 0.86022297 0.94526514 1.00068595 1.20529031 1.25569461
 1.39458472 1.70769411 1.81645617 2.04790204 2.05982825 2.06110485
 2.4479863  2.60625738 2.64781275 2.740911   2.74287402 2.941289
 3.10864971 3.15001938 3.2616441  3.51319116 3.57802633 3.58042429
 4.02651695 4.0524117  4.22050101 4.58951813 9.09822106 9.18277645]
  60 ( 0.750  0.750  0.000)   [-0.21689998  0.32714578  0.33962657  0.33962674] [0.65147438 0.86230565 0.91935231 0.91935254 1.22932325 1.29563553
 1.60021563 1.68413703 1.68417413 1.7987649  2.00512286 2.00522494
 2.17386493 2.60977347 2.64576404 3.00311579 3.00342953 3.08688593
 3.08737039 3.0886001  3.21238134 3.39335677 3.63675759 4.08202943
 4.1159653  4.11826395 4.81819677 4.82508574 9.06062389 9.24082079]
  61 ( 0.750  0.750  0.250)   [-0.07805748  0.09320194  0.24235366  0.31171039] [0.70985776 0.9081529  0.96350204 0.98174166 1.23205258 1.35355432
 1.50285641 1.62852722 1.83196805 2.02038252 2.12979785 2.28930099
 2.42455696 2.4521139  2.46640846 2.66748604 2.78781115 2.90350681
 3.05723006 3.11419845 3.25082922 3.54762414 3.78346293 3.90763393
 3.99032912 4.12016749 4.27020711 4.58609023 9.10276931 9.16780882]
  62 ( 0.750  0.750  0.500)   [-0.13593402  0.17138128  0.20904367  0.38134851] [0.77956363 0.86022297 0.94526515 1.00068595 1.20529031 1.25569461
 1.39458472 1.70769416 1.81645622 2.04790204 2.05982817 2.06110482
 2.4479863  2.60625732 2.64781268 2.74091122 2.74287403 2.941289
 3.10864994 3.15001937 3.26164435 3.51319107 3.57802658 3.58042407
 4.0265169  4.05241221 4.22050109 4.5895187  9.09822109 9.18277654]
  63 ( 0.750  0.750  0.750)   [-0.23799644  0.24816996  0.42822686  0.42822686] [0.77828412 0.77828412 0.79073732 1.02656912 1.24053455 1.31525278
 1.31525278 1.41588005 1.94275034 1.94275034 2.0802446  2.09579879
 2.09579879 2.14373594 2.81263702 2.81263702 3.1136992  3.1450391
 3.14503911 3.34108339 3.34108341 3.361456   3.6726456  4.11270096
 4.11270102 4.30899084 4.30899091 4.36480261 9.06258014 9.24856442]
nelec by numeric integration = 7.999999998717171
    CPU time for vxc     15.64 sec, wall time     13.81 sec
    CPU time for vj and vk     28.17 sec, wall time     24.32 sec
E1 = (4.013263126498243+9.131497471961524e-14j)  Ecoul = 0.9479512377565052  Exc = -3.5311932475861014
Extra cycle  E= -11.3571080289556  delta_E= -5.18e-12  |g|= 1.32e-05  |ddm|= 2.13
    CPU time for scf_cycle    292.93 sec, wall time    254.31 sec
    CPU time for SCF    294.45 sec, wall time    254.57 sec
converged SCF energy = -11.3571080289556
-11.357108028955594
nelec by numeric integration = 7.99999999871717
    CPU time for vxc     32.48 sec, wall time     21.13 sec
    CPU time for vj and vk     38.37 sec, wall time     30.62 sec
Kết quả đã được lưu vào file /Users/phungngocduy/Documents/1_De_tai_KOBMP2/khanh/Dimond_tzvp_pbe_4x4x4_DFT_20250919_150142.xlsx
