45.28233757800002
#INFO: **** input file is /Users/phungngocduy/Documents/1_De_tai_KOBMP2/khanh/NguyenBan_khongchinh_he/DFT_nguyenban/dft_Ge_he.py ****
import pyscf.pbc.tools.pyscf_ase as pyscf_ase
import pyscf.pbc.gto as pbcgto
import pyscf.pbc.dft as pbcdft
import pandas as pd  # Thêm thư viện pandas
import numpy
import sys  # Xuất file log

import os
from ase.build import bulk
from ase.dft.kpoints import sc_special_points as special_points, get_bandpath
import datetime


class Tee:
    def __init__(self, filename):
        self.file = open(filename, "w")
        self.stdout = sys.stdout

    def write(self, data):
        self.stdout.write(data)
        self.file.write(data)

    def flush(self):
        self.stdout.flush()
        self.file.flush()

kpointx = 4
kpointy = 4
kpointz = 4

npoints1 = 110

# Generate a unique filename using the current timestamp
output_filename = f"Ge_dzvp_pbe_{kpointx}X{kpointy}X{kpointz}_DFT_{datetime.datetime.now().strftime('%Y%m%d_%H%M%S')}.txt"

# Initialize Tee to write to both terminal and file
sys.stdout = Tee(output_filename)

#c = bulk('Si', 'diamond', a=5.431) # Tương tự
c = bulk('Ge', 'diamond', a=5.658)
#c = bulk('C', 'diamond', a=3.5668)
print(c.get_volume())

cell = pbcgto.Cell()
cell.atom = pyscf_ase.ase_atoms_to_pyscf(c)
cell.a = c.cell

cell.basis = 'gth-dzvp'
cell.pseudo = 'gth-pbe'
cell.verbose = 5
cell.exp_to_discard = 0.1  # Loại bỏ các hàm cơ sở có exponent < 0.1, tránh tràn số (Chỗ đã chỉnh sửa)
#cell.a = numpy.array(cell.a).tolist() 
#cell.build(None, None)
#cell.precision = 1.5e-16
#cell.rcut = 50.21
cell.build()

points = special_points['fcc']
G = points['G']
X = points['X']
W = points['W']
K = points['K']
L = points['L']
band_kpts, kpath, sp_points = get_bandpath([L, G, X, W, K, G], c.cell, npoints=npoints1)
band_kpts = cell.get_abs_kpts(band_kpts)

#
# band structure from Gamma point sampling
#
"""
mf = pbcdft.RKS(cell)
print(mf.kernel())

e_kn = mf.get_bands(band_kpts)[0]
vbmax = -99
for en in e_kn:
    vb_k = en[cell.nelectron // 2 - 1]
    if vb_k > vbmax:
        vbmax = vb_k
e_kn = [en - vbmax for en in e_kn]
"""
#
# band structure from 222 k-point sampling
#

kmf = pbcdft.KRKS(cell, cell.make_kpts([kpointx, kpointy, kpointz]))
print(kmf.kernel())

e_kn_2 = kmf.get_bands(band_kpts)[0]
vbmax = -99
for en in e_kn_2:
    vb_k = en[cell.nelectron // 2 - 1]
    if vb_k > vbmax:
        vbmax = vb_k
e_kn_2 = [en - vbmax for en in e_kn_2]

au2ev = 27.21139  # Hệ số chuyển đổi Hartree → eV

# Tạo DataFrame chứa kết quả
nbands = cell.nao_nr()
band_data = []

# Thu thập dữ liệu cho từng k-point
for i, k in enumerate(kpath):
    row = {'kpath': k}
    for band_idx in range(nbands):
        #row[f'band_{band_idx}_gamma'] = e_kn[i][band_idx] * au2ev
        row[f'band_{band_idx}_222'] = e_kn_2[i][band_idx] * au2ev
    band_data.append(row)

# Tạo DataFrame từ dữ liệu
df_bands = pd.DataFrame(band_data)

# Tạo DataFrame cho các điểm đặc biệt
df_special_points = pd.DataFrame({
    'label': ['L', 'Gamma', 'X', 'W', 'K', 'Gamma'],
    'position': sp_points
})

# Lưu kết quả vào file Excel
timestamp = datetime.datetime.now().strftime('%Y%m%d_%H%M%S')
filename = os.path.join(os.getcwd(), f"Ge_dzvp_pbe_{kpointx}x{kpointy}x{kpointz}_DFT_{timestamp}.xlsx")
with pd.ExcelWriter(filename) as writer:
    df_bands.to_excel(writer, sheet_name='Band Energies', index=False)
    df_special_points.to_excel(writer, sheet_name='Special Points', index=False)#INFO: ******************** input file end ********************


System: uname_result(system='Darwin', node='MacBook-Pro-cua-Phung.local', release='25.0.0', version='Darwin Kernel Version 25.0.0: Mon Aug 25 21:17:45 PDT 2025; root:xnu-12377.1.9~3/RELEASE_ARM64_T8103', machine='arm64')  Threads 1
Python 3.11.8 | packaged by conda-forge | (main, Feb 16 2024, 20:49:36) [Clang 16.0.6 ]
numpy 1.26.4  scipy 1.11.4  h5py 3.9.0
Date: Fri Sep 19 15:18:16 2025
PySCF version 2.7.0
PySCF path  /opt/anaconda3/lib/python3.11/site-packages/pyscf

[CONFIG] conf_file None
[INPUT] verbose = 5
[INPUT] max_memory = 4000 
[INPUT] num. atoms = 2
[INPUT] num. electrons = 8
[INPUT] charge = 0
[INPUT] spin (= nelec alpha-beta = 2S) = 0
[INPUT] symmetry False subgroup None
[INPUT] Mole.unit = angstrom
[INPUT] Symbol           X                Y                Z      unit          X                Y                Z       unit  Magmom
[INPUT]  1 Ge     0.000000000000   0.000000000000   0.000000000000 AA    0.000000000000   0.000000000000   0.000000000000 Bohr   0.0
[INPUT]  2 Ge     1.414500000000   1.414500000000   1.414500000000 AA    2.673017603197   2.673017603197   2.673017603197 Bohr   0.0
[INPUT] ---------------- BASIS SET ---------------- 
[INPUT] l, kappa, [nprim/nctr], expnt,             c_1 c_2 ...
[INPUT] Ge
[INPUT] 0    0    [4    /2   ]  3.75162635219     -0.081330564365 0.13171820055
                                1.41917236266     0.601635148115 -0.833571668129
                                0.322428319082    -0.974594550901 1.77014221833
                                0.110739925211    -0.656437584837 -1.76290973097
[INPUT] 1    0    [4    /2   ]  3.75162635219     0.009035073443 -0.028177828258
                                1.41917236266     0.102040890998 -0.184453915085
                                0.322428319082    -0.762506665117 1.45973864906
                                0.110739925211    -0.400605035566 -1.4619074956
[INPUT] 2    0    [4    /1   ]  3.75162635219     -0.016817594331
                                1.41917236266     0.112319200324
                                0.322428319082    1.38664293463
                                0.110739925211    0.473933627779

Ewald components = 0.161913187055856, -9.17234375242512, 0.949431583995531
nuclear repulsion = -8.06099898137373
number of shells = 6
number of NR pGTOs = 72
number of NR cGTOs = 26
basis = gth-dzvp
ecp = {}
CPU time:         2.65
lattice vectors  a1 [0.000000000, 5.346035206, 5.346035206]
                 a2 [5.346035206, 0.000000000, 5.346035206]
                 a3 [5.346035206, 5.346035206, 0.000000000]
dimension = 3
low_dim_ft_type = None
Cell volume = 305.58
exp_to_discard = 0.1
rcut = 23.116148211909977 (nimgs = [4 4 4])
lattice sum = 519 cells
precision = 1e-08
pseudo = gth-pbe
ke_cutoff = 356.53066251884854
    = [67 67 67] mesh (300763 PWs)


******** <class 'pyscf.pbc.dft.krks.KRKS'> ********
method = KRKS
initial guess = minao
damping factor = 0
level_shift factor = 0
DIIS = <class 'pyscf.scf.diis.CDIIS'>
diis_start_cycle = 1
diis_space = 8
diis_damp = 0
SCF conv_tol = 1e-07
SCF conv_tol_grad = None
SCF max_cycles = 50
direct_scf = True
direct_scf_tol = 1e-13
chkfile to save SCF result = /var/folders/6s/wvr4jbnj67583gh8hszcx5bh0000gn/T/tmp7yxkufs0
max_memory 4000 MB (current use 0 MB)


******** PBC SCF flags ********
N kpts = 64
kpts = [[ 0.          0.          0.        ]
 [ 0.14691227  0.14691227 -0.14691227]
 [ 0.29382454  0.29382454 -0.29382454]
 [ 0.44073681  0.44073681 -0.44073681]
 [ 0.14691227 -0.14691227  0.14691227]
 [ 0.29382454  0.          0.        ]
 [ 0.44073681  0.14691227 -0.14691227]
 [ 0.58764908  0.29382454 -0.29382454]
 [ 0.29382454 -0.29382454  0.29382454]
 [ 0.44073681 -0.14691227  0.14691227]
 [ 0.58764908  0.          0.        ]
 [ 0.73456135  0.14691227 -0.14691227]
 [ 0.44073681 -0.44073681  0.44073681]
 [ 0.58764908 -0.29382454  0.29382454]
 [ 0.73456135 -0.14691227  0.14691227]
 [ 0.88147362  0.          0.        ]
 [-0.14691227  0.14691227  0.14691227]
 [ 0.          0.29382454  0.        ]
 [ 0.14691227  0.44073681 -0.14691227]
 [ 0.29382454  0.58764908 -0.29382454]
 [ 0.          0.          0.29382454]
 [ 0.14691227  0.14691227  0.14691227]
 [ 0.29382454  0.29382454  0.        ]
 [ 0.44073681  0.44073681 -0.14691227]
 [ 0.14691227 -0.14691227  0.44073681]
 [ 0.29382454  0.          0.29382454]
 [ 0.44073681  0.14691227  0.14691227]
 [ 0.58764908  0.29382454  0.        ]
 [ 0.29382454 -0.29382454  0.58764908]
 [ 0.44073681 -0.14691227  0.44073681]
 [ 0.58764908  0.          0.29382454]
 [ 0.73456135  0.14691227  0.14691227]
 [-0.29382454  0.29382454  0.29382454]
 [-0.14691227  0.44073681  0.14691227]
 [ 0.          0.58764908  0.        ]
 [ 0.14691227  0.73456135 -0.14691227]
 [-0.14691227  0.14691227  0.44073681]
 [ 0.          0.29382454  0.29382454]
 [ 0.14691227  0.44073681  0.14691227]
 [ 0.29382454  0.58764908  0.        ]
 [ 0.          0.          0.58764908]
 [ 0.14691227  0.14691227  0.44073681]
 [ 0.29382454  0.29382454  0.29382454]
 [ 0.44073681  0.44073681  0.14691227]
 [ 0.14691227 -0.14691227  0.73456135]
 [ 0.29382454  0.          0.58764908]
 [ 0.44073681  0.14691227  0.44073681]
 [ 0.58764908  0.29382454  0.29382454]
 [-0.44073681  0.44073681  0.44073681]
 [-0.29382454  0.58764908  0.29382454]
 [-0.14691227  0.73456135  0.14691227]
 [ 0.          0.88147362  0.        ]
 [-0.29382454  0.29382454  0.58764908]
 [-0.14691227  0.44073681  0.44073681]
 [ 0.          0.58764908  0.29382454]
 [ 0.14691227  0.73456135  0.14691227]
 [-0.14691227  0.14691227  0.73456135]
 [ 0.          0.29382454  0.58764908]
 [ 0.14691227  0.44073681  0.44073681]
 [ 0.29382454  0.58764908  0.29382454]
 [ 0.          0.          0.88147362]
 [ 0.14691227  0.14691227  0.73456135]
 [ 0.29382454  0.29382454  0.58764908]
 [ 0.44073681  0.44073681  0.44073681]]
Exchange divergence treatment (exxdiv) = ewald
Ewald components = 3.42915373227824e-17, -0.110858443261119, 0.0572572475021844
    madelung (= occupied orbital energy shift) = 0.10720239151786891
    Total energy shift due to Ewald probe charge = -1/2 * Nelec*madelung = -0.428809566071
DF object = <pyscf.pbc.df.fft.FFTDF object at 0x14571e450>
XC functionals = LDA,VWN
small_rho_cutoff = 1e-07
Uniform grid, mesh = [67 67 67]
Set gradient conv threshold to 0.000316228
nelec by numeric integration = 8.000000000000004
    CPU time for vxc     19.38 sec, wall time     18.84 sec
    CPU time for vj and vk     31.26 sec, wall time     29.16 sec
E1 = (2.160468930864858+3.374312433943591e-18j)  Ecoul = 0.8060499967531659  Exc = -2.4275283026979277
init E= -7.52200835645364
    CPU time for initialize scf     88.54 sec, wall time     82.86 sec
HOMO = 0.24350313537  LUMO = 0.243503135378

WARN: HOMO 0.24350313537 == LUMO 0.243503135378

     k-point                  mo_energy
   0 ( 0.000  0.000  0.000)   [-0.22296666] [0.24616152 0.24616152 0.24616152 0.25624615 0.32656449 0.32656449
 0.32656449 0.62644852 0.62644852 0.91072654 0.91072654 0.91072654
 1.1990582  1.23112741 1.23112741 1.23112741 1.31535472 1.31535472
 1.65910437 1.65910437 1.65910437 1.67895145 1.67895145 1.67895145
 2.92115231]
   1 (-0.000 -0.000  0.250)   [-0.19577548  0.06968612  0.2106987   0.2106987 ] [0.26457392 0.36842589 0.36842589 0.45796547 0.61942637 0.61942637
 0.79971481 0.87938354 0.94789764 0.94789764 1.13477624 1.13477624
 1.31444507 1.32378076 1.32378076 1.34453898 1.55583658 1.55583658
 1.76004652 1.76004652 1.91691345 3.88115806]
   2 (-0.000 -0.000  0.500)   [-0.14399051 -0.04101918  0.19137147  0.19137147] [0.24350314 0.36973943 0.36973943 0.55985904 0.67770624 0.74005825
 0.74005825 0.77420448 0.77420448 0.85977032 1.08786143 1.22149194
 1.22149194 1.27807162 1.27807162 1.36717434 1.49689603 1.49689603
 1.63744331 1.63744331 1.89988736 4.21611185]
   3 (-0.000 -0.000  0.750)   [-0.19577548  0.06968612  0.2106987   0.2106987 ] [0.26457392 0.36842589 0.36842589 0.45796547 0.61942637 0.61942637
 0.79971481 0.87938354 0.94789764 0.94789764 1.13477624 1.13477624
 1.31444507 1.32378076 1.32378076 1.34453898 1.55583658 1.55583658
 1.76004652 1.76004652 1.91691345 3.88115806]
   4 ( 0.000  0.250 -0.000)   [-0.19577548  0.06968612  0.2106987   0.2106987 ] [0.26457392 0.36842589 0.36842589 0.45796547 0.61942637 0.61942637
 0.79971481 0.87938354 0.94789764 0.94789764 1.13477624 1.13477624
 1.31444507 1.32378076 1.32378076 1.34453898 1.55583658 1.55583658
 1.76004652 1.76004652 1.91691345 3.88115806]
   5 ( 0.000  0.250  0.250)   [-0.18609038  0.07618685  0.16406586  0.16406586] [0.26384443 0.34341496 0.4555465  0.4555465  0.57698192 0.68152248
 0.79159893 0.89504574 0.89504574 1.04557171 1.07826074 1.07826074
 1.13337767 1.20484309 1.30375508 1.43527561 1.46223342 1.46223342
 2.04998925 2.04998925 2.43597469 3.17881975]
   6 (-0.000  0.250  0.500)   [-0.1300225  -0.02577282  0.09549347  0.15081065] [0.27776264 0.39434978 0.44447049 0.46855928 0.64571637 0.72540675
 0.73936562 0.80729167 0.94694116 0.9693647  1.036091   1.07374706
 1.13420054 1.18449782 1.25617403 1.26574355 1.38077843 1.41298797
 1.56733981 1.82528418 2.67530286 3.85129118]
   7 (-0.000  0.250  0.750)   [-0.15320115  0.00661077  0.08867677  0.18666644] [0.30549271 0.41112565 0.43599074 0.43692928 0.5878603  0.64188658
 0.78267013 0.91332249 0.94260151 0.94287086 1.01635226 1.04468441
 1.1573166  1.22697192 1.33846464 1.37710265 1.39845801 1.4431968
 1.49087591 1.69119186 2.89314133 3.84362239]
   8 ( 0.000  0.500 -0.000)   [-0.14399051 -0.04101918  0.19137147  0.19137147  0.24350314] [0.36973943 0.36973943 0.55985904 0.67770624 0.74005825 0.74005825
 0.77420448 0.77420448 0.85977032 1.08786143 1.22149194 1.22149194
 1.27807162 1.27807162 1.36717434 1.49689603 1.49689603 1.63744331
 1.63744331 1.89988736 4.21611185]
   9 ( 0.000  0.500  0.250)   [-0.1300225  -0.02577282  0.09549347  0.15081065] [0.27776264 0.39434978 0.44447049 0.46855928 0.64571637 0.72540675
 0.73936562 0.80729167 0.94694116 0.9693647  1.036091   1.07374706
 1.13420054 1.18449782 1.25617403 1.26574355 1.38077843 1.41298797
 1.56733981 1.82528418 2.67530286 3.85129118]
  10 ( 0.000  0.500  0.500)   [-0.07936601 -0.07936601  0.12473739  0.12473739] [0.24750043 0.24750043 0.59521916 0.59521916 0.72713597 0.72713597
 0.73760724 0.73760724 0.85404828 0.85404828 1.09559369 1.09559369
 1.16535291 1.16535291 1.26352521 1.26352521 1.29817082 1.29817082
 2.06650738 2.06650738 2.87700473 2.87700473]
  11 (-0.000  0.500  0.750)   [-0.1300225  -0.02577282  0.09549347  0.15081065] [0.27776264 0.39434978 0.44447049 0.46855928 0.64571637 0.72540675
 0.73936562 0.80729167 0.94694116 0.9693647  1.036091   1.07374706
 1.13420054 1.18449782 1.25617403 1.26574355 1.38077843 1.41298797
 1.56733981 1.82528418 2.67530286 3.85129118]
  12 ( 0.000  0.750 -0.000)   [-0.19577548  0.06968612  0.2106987   0.2106987 ] [0.26457392 0.36842589 0.36842589 0.45796547 0.61942637 0.61942637
 0.79971481 0.87938354 0.94789764 0.94789764 1.13477624 1.13477624
 1.31444507 1.32378076 1.32378076 1.34453898 1.55583658 1.55583658
 1.76004652 1.76004652 1.91691345 3.88115806]
  13 ( 0.000  0.750  0.250)   [-0.15320115  0.00661077  0.08867677  0.18666644] [0.30549271 0.41112565 0.43599074 0.43692928 0.5878603  0.64188658
 0.78267013 0.91332249 0.94260151 0.94287086 1.01635226 1.04468441
 1.1573166  1.22697192 1.33846464 1.37710265 1.39845801 1.4431968
 1.49087591 1.69119186 2.89314133 3.84362239]
  14 ( 0.000  0.750  0.500)   [-0.1300225  -0.02577282  0.09549347  0.15081065] [0.27776264 0.39434978 0.44447049 0.46855928 0.64571637 0.72540675
 0.73936562 0.80729167 0.94694116 0.9693647  1.036091   1.07374706
 1.13420054 1.18449782 1.25617403 1.26574355 1.38077843 1.41298797
 1.56733981 1.82528418 2.67530286 3.85129118]
  15 ( 0.000  0.750  0.750)   [-0.18609038  0.07618685  0.16406586  0.16406586] [0.26384443 0.34341496 0.4555465  0.4555465  0.57698192 0.68152248
 0.79159893 0.89504574 0.89504574 1.04557171 1.07826074 1.07826074
 1.13337767 1.20484309 1.30375508 1.43527561 1.46223342 1.46223342
 2.04998925 2.04998925 2.43597469 3.17881975]
  16 ( 0.250  0.000  0.000)   [-0.19577548  0.06968612  0.2106987   0.2106987 ] [0.26457392 0.36842589 0.36842589 0.45796547 0.61942637 0.61942637
 0.79971481 0.87938354 0.94789764 0.94789764 1.13477624 1.13477624
 1.31444507 1.32378076 1.32378076 1.34453898 1.55583658 1.55583658
 1.76004652 1.76004652 1.91691345 3.88115806]
  17 ( 0.250  0.000  0.250)   [-0.18609038  0.07618685  0.16406586  0.16406586] [0.26384443 0.34341496 0.4555465  0.4555465  0.57698192 0.68152248
 0.79159893 0.89504574 0.89504574 1.04557171 1.07826074 1.07826074
 1.13337767 1.20484309 1.30375508 1.43527561 1.46223342 1.46223342
 2.04998925 2.04998925 2.43597469 3.17881975]
  18 ( 0.250 -0.000  0.500)   [-0.1300225  -0.02577282  0.09549347  0.15081065] [0.27776264 0.39434978 0.44447049 0.46855928 0.64571637 0.72540675
 0.73936562 0.80729167 0.94694116 0.9693647  1.036091   1.07374706
 1.13420054 1.18449782 1.25617403 1.26574355 1.38077843 1.41298797
 1.56733981 1.82528418 2.67530286 3.85129118]
  19 ( 0.250 -0.000  0.750)   [-0.15320115  0.00661077  0.08867677  0.18666644] [0.30549271 0.41112565 0.43599074 0.43692928 0.5878603  0.64188658
 0.78267013 0.91332249 0.94260151 0.94287086 1.01635226 1.04468441
 1.1573166  1.22697192 1.33846464 1.37710265 1.39845801 1.4431968
 1.49087591 1.69119186 2.89314133 3.84362239]
  20 ( 0.250  0.250  0.000)   [-0.18609038  0.07618685  0.16406586  0.16406586] [0.26384443 0.34341496 0.4555465  0.4555465  0.57698192 0.68152248
 0.79159893 0.89504574 0.89504574 1.04557171 1.07826074 1.07826074
 1.13337767 1.20484309 1.30375508 1.43527561 1.46223342 1.46223342
 2.04998925 2.04998925 2.43597469 3.17881975]
  21 ( 0.250  0.250  0.250)   [-0.19577548  0.06968612  0.2106987   0.2106987 ] [0.26457392 0.36842589 0.36842589 0.45796547 0.61942637 0.61942637
 0.79971481 0.87938354 0.94789764 0.94789764 1.13477624 1.13477624
 1.31444507 1.32378076 1.32378076 1.34453898 1.55583658 1.55583658
 1.76004652 1.76004652 1.91691345 3.88115806]
  22 ( 0.250  0.250  0.500)   [-0.15320115  0.00661077  0.08867677  0.18666644] [0.30549271 0.41112565 0.43599074 0.43692928 0.5878603  0.64188658
 0.78267013 0.91332249 0.94260151 0.94287086 1.01635226 1.04468441
 1.1573166  1.22697192 1.33846464 1.37710265 1.39845801 1.4431968
 1.49087591 1.69119186 2.89314133 3.84362239]
  23 ( 0.250  0.250  0.750)   [-0.1300225  -0.02577282  0.09549347  0.15081065] [0.27776264 0.39434978 0.44447049 0.46855928 0.64571637 0.72540675
 0.73936562 0.80729167 0.94694116 0.9693647  1.036091   1.07374706
 1.13420054 1.18449782 1.25617403 1.26574355 1.38077843 1.41298797
 1.56733981 1.82528418 2.67530286 3.85129118]
  24 ( 0.250  0.500 -0.000)   [-0.1300225  -0.02577282  0.09549347  0.15081065] [0.27776264 0.39434978 0.44447049 0.46855928 0.64571637 0.72540675
 0.73936562 0.80729167 0.94694116 0.9693647  1.036091   1.07374706
 1.13420054 1.18449782 1.25617403 1.26574355 1.38077843 1.41298797
 1.56733981 1.82528418 2.67530286 3.85129118]
  25 ( 0.250  0.500  0.250)   [-0.15320115  0.00661077  0.08867677  0.18666644] [0.30549271 0.41112565 0.43599074 0.43692928 0.5878603  0.64188658
 0.78267013 0.91332249 0.94260151 0.94287086 1.01635226 1.04468441
 1.1573166  1.22697192 1.33846464 1.37710265 1.39845801 1.4431968
 1.49087591 1.69119186 2.89314133 3.84362239]
  26 ( 0.250  0.500  0.500)   [-0.1300225  -0.02577282  0.09549347  0.15081065] [0.27776264 0.39434978 0.44447049 0.46855928 0.64571637 0.72540675
 0.73936562 0.80729167 0.94694116 0.9693647  1.036091   1.07374706
 1.13420054 1.18449782 1.25617403 1.26574355 1.38077843 1.41298797
 1.56733981 1.82528418 2.67530286 3.85129118]
  27 ( 0.250  0.500  0.750)   [-0.07465349 -0.07465349  0.08678743  0.08678743] [0.3992041  0.3992041  0.4044674  0.4044674  0.66749703 0.66749703
 0.81098488 0.81098488 0.99755512 0.99755512 1.0663252  1.0663252
 1.10148975 1.10148975 1.22730376 1.22730376 1.3035266  1.3035266
 1.5740406  1.5740406  3.31866374 3.31866374]
  28 ( 0.250  0.750 -0.000)   [-0.15320115  0.00661077  0.08867677  0.18666644] [0.30549271 0.41112565 0.43599074 0.43692928 0.5878603  0.64188658
 0.78267013 0.91332249 0.94260151 0.94287086 1.01635226 1.04468441
 1.1573166  1.22697192 1.33846464 1.37710265 1.39845801 1.4431968
 1.49087591 1.69119186 2.89314133 3.84362239]
  29 ( 0.250  0.750  0.250)   [-0.1300225  -0.02577282  0.09549347  0.15081065] [0.27776264 0.39434978 0.44447049 0.46855928 0.64571637 0.72540675
 0.73936562 0.80729167 0.94694116 0.9693647  1.036091   1.07374706
 1.13420054 1.18449782 1.25617403 1.26574355 1.38077843 1.41298797
 1.56733981 1.82528418 2.67530286 3.85129118]
  30 ( 0.250  0.750  0.500)   [-0.07465349 -0.07465349  0.08678743  0.08678743] [0.3992041  0.3992041  0.4044674  0.4044674  0.66749703 0.66749703
 0.81098488 0.81098488 0.99755512 0.99755512 1.0663252  1.0663252
 1.10148975 1.10148975 1.22730376 1.22730376 1.3035266  1.3035266
 1.5740406  1.5740406  3.31866374 3.31866374]
  31 ( 0.250  0.750  0.750)   [-0.1300225  -0.02577282  0.09549347  0.15081065] [0.27776264 0.39434978 0.44447049 0.46855928 0.64571637 0.72540675
 0.73936562 0.80729167 0.94694116 0.9693647  1.036091   1.07374706
 1.13420054 1.18449782 1.25617403 1.26574355 1.38077843 1.41298797
 1.56733981 1.82528418 2.67530286 3.85129118]
  32 ( 0.500  0.000  0.000)   [-0.14399051 -0.04101918  0.19137147  0.19137147  0.24350314] [0.36973943 0.36973943 0.55985904 0.67770624 0.74005825 0.74005825
 0.77420448 0.77420448 0.85977032 1.08786143 1.22149194 1.22149194
 1.27807162 1.27807162 1.36717434 1.49689603 1.49689603 1.63744331
 1.63744331 1.89988736 4.21611185]
  33 ( 0.500  0.000  0.250)   [-0.1300225  -0.02577282  0.09549347  0.15081065] [0.27776264 0.39434978 0.44447049 0.46855928 0.64571637 0.72540675
 0.73936562 0.80729167 0.94694116 0.9693647  1.036091   1.07374706
 1.13420054 1.18449782 1.25617403 1.26574355 1.38077843 1.41298797
 1.56733981 1.82528418 2.67530286 3.85129118]
  34 ( 0.500  0.000  0.500)   [-0.07936601 -0.07936601  0.12473739  0.12473739] [0.24750043 0.24750043 0.59521916 0.59521916 0.72713597 0.72713597
 0.73760724 0.73760724 0.85404828 0.85404828 1.09559369 1.09559369
 1.16535291 1.16535291 1.26352521 1.26352521 1.29817082 1.29817082
 2.06650738 2.06650738 2.87700473 2.87700473]
  35 ( 0.500 -0.000  0.750)   [-0.1300225  -0.02577282  0.09549347  0.15081065] [0.27776264 0.39434978 0.44447049 0.46855928 0.64571637 0.72540675
 0.73936562 0.80729167 0.94694116 0.9693647  1.036091   1.07374706
 1.13420054 1.18449782 1.25617403 1.26574355 1.38077843 1.41298797
 1.56733981 1.82528418 2.67530286 3.85129118]
  36 ( 0.500  0.250  0.000)   [-0.1300225  -0.02577282  0.09549347  0.15081065] [0.27776264 0.39434978 0.44447049 0.46855928 0.64571637 0.72540675
 0.73936562 0.80729167 0.94694116 0.9693647  1.036091   1.07374706
 1.13420054 1.18449782 1.25617403 1.26574355 1.38077843 1.41298797
 1.56733981 1.82528418 2.67530286 3.85129118]
  37 ( 0.500  0.250  0.250)   [-0.15320115  0.00661077  0.08867677  0.18666644] [0.30549271 0.41112565 0.43599074 0.43692928 0.5878603  0.64188658
 0.78267013 0.91332249 0.94260151 0.94287086 1.01635226 1.04468441
 1.1573166  1.22697192 1.33846464 1.37710265 1.39845801 1.4431968
 1.49087591 1.69119186 2.89314133 3.84362239]
  38 ( 0.500  0.250  0.500)   [-0.1300225  -0.02577282  0.09549347  0.15081065] [0.27776264 0.39434978 0.44447049 0.46855928 0.64571637 0.72540675
 0.73936562 0.80729167 0.94694116 0.9693647  1.036091   1.07374706
 1.13420054 1.18449782 1.25617403 1.26574355 1.38077843 1.41298797
 1.56733981 1.82528418 2.67530286 3.85129118]
  39 ( 0.500  0.250  0.750)   [-0.07465349 -0.07465349  0.08678743  0.08678743] [0.3992041  0.3992041  0.4044674  0.4044674  0.66749703 0.66749703
 0.81098488 0.81098488 0.99755512 0.99755512 1.0663252  1.0663252
 1.10148975 1.10148975 1.22730376 1.22730376 1.3035266  1.3035266
 1.5740406  1.5740406  3.31866374 3.31866374]
  40 ( 0.500  0.500  0.000)   [-0.07936601 -0.07936601  0.12473739  0.12473739] [0.24750043 0.24750043 0.59521916 0.59521916 0.72713597 0.72713597
 0.73760724 0.73760724 0.85404828 0.85404828 1.09559369 1.09559369
 1.16535291 1.16535291 1.26352521 1.26352521 1.29817082 1.29817082
 2.06650738 2.06650738 2.87700473 2.87700473]
  41 ( 0.500  0.500  0.250)   [-0.1300225  -0.02577282  0.09549347  0.15081065] [0.27776264 0.39434978 0.44447049 0.46855928 0.64571637 0.72540675
 0.73936562 0.80729167 0.94694116 0.9693647  1.036091   1.07374706
 1.13420054 1.18449782 1.25617403 1.26574355 1.38077843 1.41298797
 1.56733981 1.82528418 2.67530286 3.85129118]
  42 ( 0.500  0.500  0.500)   [-0.14399051 -0.04101918  0.19137147  0.19137147  0.24350314] [0.36973943 0.36973943 0.55985904 0.67770624 0.74005825 0.74005825
 0.77420448 0.77420448 0.85977032 1.08786143 1.22149194 1.22149194
 1.27807162 1.27807162 1.36717434 1.49689603 1.49689603 1.63744331
 1.63744331 1.89988736 4.21611185]
  43 ( 0.500  0.500  0.750)   [-0.1300225  -0.02577282  0.09549347  0.15081065] [0.27776264 0.39434978 0.44447049 0.46855928 0.64571637 0.72540675
 0.73936562 0.80729167 0.94694116 0.9693647  1.036091   1.07374706
 1.13420054 1.18449782 1.25617403 1.26574355 1.38077843 1.41298797
 1.56733981 1.82528418 2.67530286 3.85129118]
  44 ( 0.500  0.750 -0.000)   [-0.1300225  -0.02577282  0.09549347  0.15081065] [0.27776264 0.39434978 0.44447049 0.46855928 0.64571637 0.72540675
 0.73936562 0.80729167 0.94694116 0.9693647  1.036091   1.07374706
 1.13420054 1.18449782 1.25617403 1.26574355 1.38077843 1.41298797
 1.56733981 1.82528418 2.67530286 3.85129118]
  45 ( 0.500  0.750  0.250)   [-0.07465349 -0.07465349  0.08678743  0.08678743] [0.3992041  0.3992041  0.4044674  0.4044674  0.66749703 0.66749703
 0.81098488 0.81098488 0.99755512 0.99755512 1.0663252  1.0663252
 1.10148975 1.10148975 1.22730376 1.22730376 1.3035266  1.3035266
 1.5740406  1.5740406  3.31866374 3.31866374]
  46 ( 0.500  0.750  0.500)   [-0.1300225  -0.02577282  0.09549347  0.15081065] [0.27776264 0.39434978 0.44447049 0.46855928 0.64571637 0.72540675
 0.73936562 0.80729167 0.94694116 0.9693647  1.036091   1.07374706
 1.13420054 1.18449782 1.25617403 1.26574355 1.38077843 1.41298797
 1.56733981 1.82528418 2.67530286 3.85129118]
  47 ( 0.500  0.750  0.750)   [-0.15320115  0.00661077  0.08867677  0.18666644] [0.30549271 0.41112565 0.43599074 0.43692928 0.5878603  0.64188658
 0.78267013 0.91332249 0.94260151 0.94287086 1.01635226 1.04468441
 1.1573166  1.22697192 1.33846464 1.37710265 1.39845801 1.4431968
 1.49087591 1.69119186 2.89314133 3.84362239]
  48 ( 0.750  0.000  0.000)   [-0.19577548  0.06968612  0.2106987   0.2106987 ] [0.26457392 0.36842589 0.36842589 0.45796547 0.61942637 0.61942637
 0.79971481 0.87938354 0.94789764 0.94789764 1.13477624 1.13477624
 1.31444507 1.32378076 1.32378076 1.34453898 1.55583658 1.55583658
 1.76004652 1.76004652 1.91691345 3.88115806]
  49 ( 0.750  0.000  0.250)   [-0.15320115  0.00661077  0.08867677  0.18666644] [0.30549271 0.41112565 0.43599074 0.43692928 0.5878603  0.64188658
 0.78267013 0.91332249 0.94260151 0.94287086 1.01635226 1.04468441
 1.1573166  1.22697192 1.33846464 1.37710265 1.39845801 1.4431968
 1.49087591 1.69119186 2.89314133 3.84362239]
  50 ( 0.750  0.000  0.500)   [-0.1300225  -0.02577282  0.09549347  0.15081065] [0.27776264 0.39434978 0.44447049 0.46855928 0.64571637 0.72540675
 0.73936562 0.80729167 0.94694116 0.9693647  1.036091   1.07374706
 1.13420054 1.18449782 1.25617403 1.26574355 1.38077843 1.41298797
 1.56733981 1.82528418 2.67530286 3.85129118]
  51 ( 0.750  0.000  0.750)   [-0.18609038  0.07618685  0.16406586  0.16406586] [0.26384443 0.34341496 0.4555465  0.4555465  0.57698192 0.68152248
 0.79159893 0.89504574 0.89504574 1.04557171 1.07826074 1.07826074
 1.13337767 1.20484309 1.30375508 1.43527561 1.46223342 1.46223342
 2.04998925 2.04998925 2.43597469 3.17881975]
  52 ( 0.750  0.250  0.000)   [-0.15320115  0.00661077  0.08867677  0.18666644] [0.30549271 0.41112565 0.43599074 0.43692928 0.5878603  0.64188658
 0.78267013 0.91332249 0.94260151 0.94287086 1.01635226 1.04468441
 1.1573166  1.22697192 1.33846464 1.37710265 1.39845801 1.4431968
 1.49087591 1.69119186 2.89314133 3.84362239]
  53 ( 0.750  0.250  0.250)   [-0.1300225  -0.02577282  0.09549347  0.15081065] [0.27776264 0.39434978 0.44447049 0.46855928 0.64571637 0.72540675
 0.73936562 0.80729167 0.94694116 0.9693647  1.036091   1.07374706
 1.13420054 1.18449782 1.25617403 1.26574355 1.38077843 1.41298797
 1.56733981 1.82528418 2.67530286 3.85129118]
  54 ( 0.750  0.250  0.500)   [-0.07465349 -0.07465349  0.08678743  0.08678743] [0.3992041  0.3992041  0.4044674  0.4044674  0.66749703 0.66749703
 0.81098488 0.81098488 0.99755512 0.99755512 1.0663252  1.0663252
 1.10148975 1.10148975 1.22730376 1.22730376 1.3035266  1.3035266
 1.5740406  1.5740406  3.31866374 3.31866374]
  55 ( 0.750  0.250  0.750)   [-0.1300225  -0.02577282  0.09549347  0.15081065] [0.27776264 0.39434978 0.44447049 0.46855928 0.64571637 0.72540675
 0.73936562 0.80729167 0.94694116 0.9693647  1.036091   1.07374706
 1.13420054 1.18449782 1.25617403 1.26574355 1.38077843 1.41298797
 1.56733981 1.82528418 2.67530286 3.85129118]
  56 ( 0.750  0.500  0.000)   [-0.1300225  -0.02577282  0.09549347  0.15081065] [0.27776264 0.39434978 0.44447049 0.46855928 0.64571637 0.72540675
 0.73936562 0.80729167 0.94694116 0.9693647  1.036091   1.07374706
 1.13420054 1.18449782 1.25617403 1.26574355 1.38077843 1.41298797
 1.56733981 1.82528418 2.67530286 3.85129118]
  57 ( 0.750  0.500  0.250)   [-0.07465349 -0.07465349  0.08678743  0.08678743] [0.3992041  0.3992041  0.4044674  0.4044674  0.66749703 0.66749703
 0.81098488 0.81098488 0.99755512 0.99755512 1.0663252  1.0663252
 1.10148975 1.10148975 1.22730376 1.22730376 1.3035266  1.3035266
 1.5740406  1.5740406  3.31866374 3.31866374]
  58 ( 0.750  0.500  0.500)   [-0.1300225  -0.02577282  0.09549347  0.15081065] [0.27776264 0.39434978 0.44447049 0.46855928 0.64571637 0.72540675
 0.73936562 0.80729167 0.94694116 0.9693647  1.036091   1.07374706
 1.13420054 1.18449782 1.25617403 1.26574355 1.38077843 1.41298797
 1.56733981 1.82528418 2.67530286 3.85129118]
  59 ( 0.750  0.500  0.750)   [-0.15320115  0.00661077  0.08867677  0.18666644] [0.30549271 0.41112565 0.43599074 0.43692928 0.5878603  0.64188658
 0.78267013 0.91332249 0.94260151 0.94287086 1.01635226 1.04468441
 1.1573166  1.22697192 1.33846464 1.37710265 1.39845801 1.4431968
 1.49087591 1.69119186 2.89314133 3.84362239]
  60 ( 0.750  0.750  0.000)   [-0.18609038  0.07618685  0.16406586  0.16406586] [0.26384443 0.34341496 0.4555465  0.4555465  0.57698192 0.68152248
 0.79159893 0.89504574 0.89504574 1.04557171 1.07826074 1.07826074
 1.13337767 1.20484309 1.30375508 1.43527561 1.46223342 1.46223342
 2.04998925 2.04998925 2.43597469 3.17881975]
  61 ( 0.750  0.750  0.250)   [-0.1300225  -0.02577282  0.09549347  0.15081065] [0.27776264 0.39434978 0.44447049 0.46855928 0.64571637 0.72540675
 0.73936562 0.80729167 0.94694116 0.9693647  1.036091   1.07374706
 1.13420054 1.18449782 1.25617403 1.26574355 1.38077843 1.41298797
 1.56733981 1.82528418 2.67530286 3.85129118]
  62 ( 0.750  0.750  0.500)   [-0.15320115  0.00661077  0.08867677  0.18666644] [0.30549271 0.41112565 0.43599074 0.43692928 0.5878603  0.64188658
 0.78267013 0.91332249 0.94260151 0.94287086 1.01635226 1.04468441
 1.1573166  1.22697192 1.33846464 1.37710265 1.39845801 1.4431968
 1.49087591 1.69119186 2.89314133 3.84362239]
  63 ( 0.750  0.750  0.750)   [-0.19577548  0.06968612  0.2106987   0.2106987 ] [0.26457392 0.36842589 0.36842589 0.45796547 0.61942637 0.61942637
 0.79971481 0.87938354 0.94789764 0.94789764 1.13477624 1.13477624
 1.31444507 1.32378076 1.32378076 1.34453898 1.55583658 1.55583658
 1.76004652 1.76004652 1.91691345 3.88115806]
nelec by numeric integration = 7.999999999997368
    CPU time for vxc     19.96 sec, wall time     19.84 sec
    CPU time for vj and vk     35.54 sec, wall time     39.16 sec
E1 = (2.021777792148946+4.54306121259844e-18j)  Ecoul = 0.5254967911326996  Exc = -2.310844514839256
cycle= 1 E= -7.82456891293134  delta_E= -0.303  |g|= 0.624  |ddm|= 20.3
    CPU time for cycle= 1     56.06 sec, wall time     59.19 sec
HOMO = 0.213125053524  LUMO = 0.214896845194
     k-point                  mo_energy
   0 ( 0.000  0.000  0.000)   [-0.25331634  0.21258366  0.21258366  0.21312505] [0.21489685 0.3070276  0.30766512 0.30766512 0.60433075 0.60433075
 0.88489009 0.88557062 0.88557062 1.18255398 1.20093963 1.20093963
 1.20129937 1.28268478 1.28268478 1.64321191 1.64321191 1.64356217
 1.64789049 1.64818213 1.64818213 2.8904344 ]
   1 (-0.000 -0.000  0.250)   [-0.22671168  0.03918859  0.18042293  0.18042293] [0.2379747  0.34798698 0.34798698 0.4295251  0.59731512 0.59731512
 0.77663276 0.85761006 0.91958211 0.91958211 1.10658728 1.10658728
 1.28562966 1.29225529 1.29225529 1.32766528 1.5293863  1.5293863
 1.73801386 1.73801386 1.89329448 3.83291016]
   2 (-0.000 -0.000  0.500)   [-0.17809017 -0.06661345  0.16153843  0.16153843] [0.21800592 0.35310463 0.35310463 0.54537452 0.65145548 0.71567432
 0.71567432 0.74586283 0.74586283 0.8368732  1.05938086 1.1904392
 1.1904392  1.24708312 1.24708312 1.34091084 1.47820525 1.47820525
 1.60944341 1.60944341 1.87708984 4.16335247]
   3 (-0.000 -0.000  0.750)   [-0.22671168  0.03918859  0.18042293  0.18042293] [0.2379747  0.34798698 0.34798698 0.4295251  0.59731512 0.59731512
 0.77663276 0.85761006 0.91958211 0.91958211 1.10658728 1.10658728
 1.28562966 1.29225529 1.29225529 1.32766528 1.5293863  1.5293863
 1.73801386 1.73801386 1.89329448 3.83291016]
   4 ( 0.000  0.250 -0.000)   [-0.22665885  0.03869032  0.18035437  0.18068579] [0.2388514  0.34760448 0.34820158 0.42916165 0.5971044  0.59723416
 0.77675832 0.85787235 0.91921912 0.91941447 1.10662785 1.10674133
 1.28522868 1.29240027 1.29247476 1.32793833 1.52938535 1.52948859
 1.73780881 1.73795198 1.89337365 3.83285963]
   5 ( 0.000  0.250  0.250)   [-0.21703878  0.03954845  0.13769083  0.13779746] [0.25085322 0.31995427 0.42955443 0.42976006 0.54899745 0.65847734
 0.76969055 0.86700656 0.86728525 1.01883872 1.05646409 1.05652327
 1.10332917 1.17227828 1.2878383  1.39756303 1.42965837 1.42983982
 2.02818496 2.02838332 2.40715242 3.14106441]
   6 (-0.000  0.250  0.500)   [-0.16329023 -0.05800017  0.07421565  0.12449709] [0.26376326 0.37257804 0.42380187 0.44671922 0.6188096  0.70048203
 0.70764892 0.78030555 0.92519866 0.94250941 1.00918939 1.04354828
 1.10380555 1.16165527 1.23336597 1.2389963  1.35043726 1.38293789
 1.54215853 1.80250149 2.64380882 3.8040542 ]
   7 (-0.000  0.250  0.750)   [-0.18548184 -0.02681504  0.06898708  0.15766885] [0.28560866 0.39097169 0.41170668 0.41603645 0.56631831 0.61712698
 0.75167392 0.89200012 0.91521437 0.92054752 0.98691336 1.01359628
 1.12953159 1.19162975 1.32212843 1.34286474 1.37971885 1.42578241
 1.45600922 1.66600854 2.85947948 3.79625787]
   8 ( 0.000  0.500 -0.000)   [-0.17777405 -0.06734655  0.16143892  0.16174692] [0.21877436 0.35276253 0.35342512 0.54560404 0.6512382  0.71549748
 0.71554976 0.74536142 0.74576303 0.83634944 1.05945708 1.1901685
 1.19068516 1.24755531 1.24770641 1.34134774 1.47800106 1.47815379
 1.60911971 1.60933658 1.87729509 4.16334053]
   9 ( 0.000  0.500  0.250)   [-0.16306687 -0.05860005  0.07466133  0.12446995] [0.2636855  0.37262342 0.42419155 0.44693887 0.61849153 0.70029234
 0.70715684 0.7799449  0.9253133  0.94271692 1.00914867 1.04382894
 1.10379144 1.16190527 1.23335191 1.23913524 1.35030317 1.38293261
 1.542185   1.80245996 2.64374592 3.80407589]
  10 ( 0.000  0.500  0.500)   [-0.11316355 -0.11265773  0.09979543  0.09986472] [0.23685752 0.23723686 0.56683197 0.56719705 0.69484697 0.69498611
 0.71294017 0.71307395 0.82808606 0.8283473  1.07226255 1.07228141
 1.14604511 1.14630079 1.2295065  1.22986599 1.26424573 1.26446047
 2.04228525 2.04271087 2.84285859 2.84294997]
  11 (-0.000  0.500  0.750)   [-0.16306687 -0.05860005  0.07466133  0.12446995] [0.2636855  0.37262342 0.42419155 0.44693887 0.61849153 0.70029234
 0.70715684 0.7799449  0.9253133  0.94271692 1.00914867 1.04382894
 1.10379144 1.16190527 1.23335191 1.23913524 1.35030317 1.38293261
 1.542185   1.80245996 2.64374592 3.80407589]
  12 ( 0.000  0.750 -0.000)   [-0.22665885  0.03869032  0.18035437  0.18068579] [0.2388514  0.34760448 0.34820158 0.42916165 0.5971044  0.59723416
 0.77675832 0.85787235 0.91921912 0.91941447 1.10662785 1.10674133
 1.28522868 1.29240027 1.29247476 1.32793833 1.52938535 1.52948859
 1.73780881 1.73795198 1.89337365 3.83285963]
  13 ( 0.000  0.750  0.250)   [-0.18548184 -0.02681504  0.06898708  0.15766885] [0.28560866 0.39097169 0.41170668 0.41603645 0.56631831 0.61712698
 0.75167392 0.89200012 0.91521437 0.92054752 0.98691336 1.01359628
 1.12953159 1.19162975 1.32212843 1.34286474 1.37971885 1.42578241
 1.45600922 1.66600854 2.85947948 3.79625787]
  14 ( 0.000  0.750  0.500)   [-0.16329023 -0.05800017  0.07421565  0.12449709] [0.26376326 0.37257804 0.42380187 0.44671922 0.6188096  0.70048203
 0.70764892 0.78030555 0.92519866 0.94250941 1.00918939 1.04354828
 1.10380555 1.16165527 1.23336597 1.2389963  1.35043726 1.38293789
 1.54215853 1.80250149 2.64380882 3.8040542 ]
  15 ( 0.000  0.750  0.750)   [-0.21703878  0.03954845  0.13769083  0.13779746] [0.25085322 0.31995427 0.42955443 0.42976006 0.54899745 0.65847734
 0.76969055 0.86700656 0.86728525 1.01883872 1.05646409 1.05652327
 1.10332917 1.17227828 1.2878383  1.39756303 1.42965837 1.42983982
 2.02818496 2.02838332 2.40715242 3.14106441]
  16 ( 0.250  0.000  0.000)   [-0.22665885  0.03869032  0.18035437  0.18068579] [0.2388514  0.34760448 0.34820158 0.42916165 0.5971044  0.59723416
 0.77675832 0.85787235 0.91921912 0.91941447 1.10662785 1.10674133
 1.28522868 1.29240027 1.29247476 1.32793833 1.52938535 1.52948859
 1.73780881 1.73795198 1.89337365 3.83285963]
  17 ( 0.250  0.000  0.250)   [-0.21703878  0.03954845  0.13769083  0.13779746] [0.25085322 0.31995427 0.42955443 0.42976006 0.54899745 0.65847734
 0.76969055 0.86700656 0.86728525 1.01883872 1.05646409 1.05652327
 1.10332917 1.17227828 1.2878383  1.39756303 1.42965837 1.42983982
 2.02818496 2.02838332 2.40715242 3.14106441]
  18 ( 0.250 -0.000  0.500)   [-0.16329023 -0.05800017  0.07421565  0.12449709] [0.26376326 0.37257804 0.42380187 0.44671922 0.6188096  0.70048203
 0.70764892 0.78030555 0.92519866 0.94250941 1.00918939 1.04354828
 1.10380555 1.16165527 1.23336597 1.2389963  1.35043726 1.38293789
 1.54215853 1.80250149 2.64380882 3.8040542 ]
  19 ( 0.250 -0.000  0.750)   [-0.18548184 -0.02681504  0.06898708  0.15766885] [0.28560866 0.39097169 0.41170668 0.41603645 0.56631831 0.61712698
 0.75167392 0.89200012 0.91521437 0.92054752 0.98691336 1.01359628
 1.12953159 1.19162975 1.32212843 1.34286474 1.37971885 1.42578241
 1.45600922 1.66600854 2.85947948 3.79625787]
  20 ( 0.250  0.250  0.000)   [-0.21703878  0.03954845  0.13769083  0.13779746] [0.25085322 0.31995427 0.42955443 0.42976006 0.54899745 0.65847734
 0.76969055 0.86700656 0.86728525 1.01883872 1.05646409 1.05652327
 1.10332917 1.17227828 1.2878383  1.39756303 1.42965837 1.42983982
 2.02818496 2.02838332 2.40715242 3.14106441]
  21 ( 0.250  0.250  0.250)   [-0.22665885  0.03869032  0.18035437  0.18068579] [0.2388514  0.34760448 0.34820158 0.42916165 0.5971044  0.59723416
 0.77675832 0.85787235 0.91921912 0.91941447 1.10662785 1.10674133
 1.28522868 1.29240027 1.29247476 1.32793833 1.52938535 1.52948859
 1.73780881 1.73795198 1.89337365 3.83285963]
  22 ( 0.250  0.250  0.500)   [-0.18548184 -0.02681504  0.06898708  0.15766885] [0.28560866 0.39097169 0.41170668 0.41603645 0.56631831 0.61712698
 0.75167392 0.89200012 0.91521437 0.92054752 0.98691336 1.01359628
 1.12953159 1.19162975 1.32212843 1.34286474 1.37971885 1.42578241
 1.45600922 1.66600854 2.85947948 3.79625787]
  23 ( 0.250  0.250  0.750)   [-0.16329023 -0.05800017  0.07421565  0.12449709] [0.26376326 0.37257804 0.42380187 0.44671922 0.6188096  0.70048203
 0.70764892 0.78030555 0.92519866 0.94250941 1.00918939 1.04354828
 1.10380555 1.16165527 1.23336597 1.2389963  1.35043726 1.38293789
 1.54215853 1.80250149 2.64380882 3.8040542 ]
  24 ( 0.250  0.500 -0.000)   [-0.16307598 -0.05853845  0.07441265  0.1245831 ] [0.26415311 0.37232219 0.42405456 0.44654426 0.61878799 0.70041072
 0.70745808 0.78009897 0.92520101 0.94254068 1.00913427 1.04362982
 1.10373188 1.16177496 1.23347706 1.23924781 1.35052585 1.38275737
 1.54235761 1.80219353 2.64381737 3.80408781]
  25 ( 0.250  0.500  0.250)   [-0.18536208 -0.02730498  0.06916948  0.15783397] [0.28614896 0.3905545  0.4116302  0.41616976 0.5664159  0.61688299
 0.75111738 0.89209442 0.91541575 0.920724   0.98681495 1.01356204
 1.12977465 1.1915827  1.32219771 1.34311957 1.37970912 1.4257395
 1.45604545 1.66571005 2.85935128 3.79629082]
  26 ( 0.250  0.500  0.500)   [-0.16307598 -0.05853845  0.07441265  0.1245831 ] [0.26415311 0.37232219 0.42405456 0.44654426 0.61878799 0.70041072
 0.70745808 0.78009897 0.92520101 0.94254068 1.00913427 1.04362982
 1.10373188 1.16177496 1.23347706 1.23924781 1.35052585 1.38275737
 1.54235761 1.80219353 2.64381737 3.80408781]
  27 ( 0.250  0.500  0.750)   [-0.10948109 -0.10897877  0.06760723  0.0676604 ] [0.37581412 0.37631552 0.38948767 0.38984135 0.63863122 0.63887812
 0.782133   0.78215937 0.96928974 0.96958731 1.04175624 1.04182491
 1.07126566 1.07126943 1.20652434 1.20661634 1.27622989 1.27645674
 1.54758989 1.54772839 3.27882429 3.27885742]
  28 ( 0.250  0.750 -0.000)   [-0.18536208 -0.02730498  0.06916948  0.15783397] [0.28614896 0.3905545  0.4116302  0.41616976 0.5664159  0.61688299
 0.75111738 0.89209442 0.91541575 0.920724   0.98681495 1.01356204
 1.12977465 1.1915827  1.32219771 1.34311957 1.37970912 1.4257395
 1.45604545 1.66571005 2.85935129 3.79629082]
  29 ( 0.250  0.750  0.250)   [-0.16307598 -0.05853845  0.07441265  0.1245831 ] [0.26415311 0.37232219 0.42405456 0.44654426 0.61878799 0.70041072
 0.70745808 0.78009897 0.92520101 0.94254068 1.00913427 1.04362982
 1.10373188 1.16177496 1.23347706 1.23924781 1.35052585 1.38275737
 1.54235761 1.80219353 2.64381737 3.80408781]
  30 ( 0.250  0.750  0.500)   [-0.10948109 -0.10897877  0.06760723  0.0676604 ] [0.37581412 0.37631552 0.38948767 0.38984135 0.63863122 0.63887812
 0.782133   0.78215937 0.96928974 0.96958731 1.04175624 1.04182491
 1.07126566 1.07126943 1.20652434 1.20661634 1.27622989 1.27645674
 1.54758989 1.54772839 3.27882429 3.27885742]
  31 ( 0.250  0.750  0.750)   [-0.16307598 -0.05853845  0.07441265  0.1245831 ] [0.26415311 0.37232219 0.42405456 0.44654426 0.61878799 0.70041072
 0.70745808 0.78009897 0.92520101 0.94254068 1.00913427 1.04362982
 1.10373188 1.16177496 1.23347706 1.23924781 1.35052585 1.38275737
 1.54235761 1.80219353 2.64381737 3.80408781]
  32 ( 0.500  0.000  0.000)   [-0.17777405 -0.06734655  0.16143892  0.16174692] [0.21877436 0.35276253 0.35342512 0.54560404 0.6512382  0.71549748
 0.71554976 0.74536142 0.74576303 0.83634944 1.05945708 1.1901685
 1.19068516 1.24755531 1.24770641 1.34134774 1.47800106 1.47815379
 1.60911971 1.60933658 1.87729509 4.16334053]
  33 ( 0.500  0.000  0.250)   [-0.16306687 -0.05860005  0.07466133  0.12446995] [0.2636855  0.37262342 0.42419155 0.44693887 0.61849153 0.70029234
 0.70715684 0.7799449  0.9253133  0.94271692 1.00914867 1.04382894
 1.10379144 1.16190527 1.23335191 1.23913524 1.35030317 1.38293261
 1.542185   1.80245996 2.64374592 3.80407589]
  34 ( 0.500  0.000  0.500)   [-0.11316355 -0.11265773  0.09979543  0.09986472] [0.23685752 0.23723686 0.56683197 0.56719705 0.69484697 0.69498611
 0.71294017 0.71307395 0.82808606 0.8283473  1.07226255 1.07228141
 1.14604511 1.14630079 1.2295065  1.22986599 1.26424573 1.26446047
 2.04228525 2.04271087 2.84285859 2.84294997]
  35 ( 0.500 -0.000  0.750)   [-0.16306687 -0.05860005  0.07466133  0.12446995] [0.2636855  0.37262342 0.42419155 0.44693887 0.61849153 0.70029234
 0.70715684 0.7799449  0.9253133  0.94271692 1.00914867 1.04382894
 1.10379144 1.16190527 1.23335191 1.23913524 1.35030317 1.38293261
 1.542185   1.80245996 2.64374592 3.80407589]
  36 ( 0.500  0.250  0.000)   [-0.16307598 -0.05853845  0.07441265  0.1245831 ] [0.26415311 0.37232219 0.42405456 0.44654426 0.61878799 0.70041072
 0.70745808 0.78009897 0.92520101 0.94254068 1.00913427 1.04362982
 1.10373188 1.16177496 1.23347706 1.23924781 1.35052585 1.38275737
 1.54235761 1.80219353 2.64381737 3.80408781]
  37 ( 0.500  0.250  0.250)   [-0.18536208 -0.02730498  0.06916948  0.15783397] [0.28614896 0.3905545  0.4116302  0.41616976 0.5664159  0.61688299
 0.75111738 0.89209442 0.91541575 0.920724   0.98681495 1.01356204
 1.12977465 1.1915827  1.32219771 1.34311957 1.37970912 1.4257395
 1.45604545 1.66571005 2.85935129 3.79629082]
  38 ( 0.500  0.250  0.500)   [-0.16307598 -0.05853845  0.07441265  0.1245831 ] [0.26415311 0.37232219 0.42405456 0.44654426 0.61878799 0.70041072
 0.70745808 0.78009897 0.92520101 0.94254068 1.00913427 1.04362982
 1.10373188 1.16177496 1.23347706 1.23924781 1.35052585 1.38275737
 1.54235761 1.80219353 2.64381737 3.80408781]
  39 ( 0.500  0.250  0.750)   [-0.10948109 -0.10897877  0.06760723  0.0676604 ] [0.37581412 0.37631552 0.38948767 0.38984135 0.63863122 0.63887812
 0.782133   0.78215937 0.96928974 0.96958731 1.04175624 1.04182491
 1.07126566 1.07126943 1.20652434 1.20661634 1.27622989 1.27645674
 1.54758989 1.54772839 3.27882429 3.27885742]
  40 ( 0.500  0.500  0.000)   [-0.11316355 -0.11265773  0.09979543  0.09986472] [0.23685752 0.23723686 0.56683197 0.56719705 0.69484697 0.69498611
 0.71294017 0.71307395 0.82808606 0.8283473  1.07226255 1.07228141
 1.14604511 1.14630079 1.2295065  1.22986599 1.26424573 1.26446047
 2.04228525 2.04271087 2.84285859 2.84294997]
  41 ( 0.500  0.500  0.250)   [-0.16306687 -0.05860005  0.07466133  0.12446995] [0.2636855  0.37262342 0.42419155 0.44693887 0.61849153 0.70029234
 0.70715684 0.7799449  0.9253133  0.94271692 1.00914867 1.04382894
 1.10379144 1.16190527 1.23335191 1.23913524 1.35030317 1.38293261
 1.542185   1.80245996 2.64374592 3.80407589]
  42 ( 0.500  0.500  0.500)   [-0.17777405 -0.06734655  0.16143892  0.16174692] [0.21877436 0.35276253 0.35342512 0.54560404 0.6512382  0.71549748
 0.71554976 0.74536142 0.74576303 0.83634944 1.05945708 1.1901685
 1.19068516 1.24755531 1.24770641 1.34134774 1.47800106 1.47815379
 1.60911971 1.60933658 1.87729509 4.16334053]
  43 ( 0.500  0.500  0.750)   [-0.16306687 -0.05860005  0.07466133  0.12446995] [0.2636855  0.37262342 0.42419155 0.44693887 0.61849153 0.70029234
 0.70715684 0.7799449  0.9253133  0.94271692 1.00914867 1.04382894
 1.10379144 1.16190527 1.23335191 1.23913524 1.35030317 1.38293261
 1.542185   1.80245996 2.64374592 3.80407589]
  44 ( 0.500  0.750 -0.000)   [-0.16307598 -0.05853845  0.07441265  0.1245831 ] [0.26415311 0.37232219 0.42405456 0.44654426 0.61878799 0.70041072
 0.70745808 0.78009897 0.92520101 0.94254068 1.00913427 1.04362982
 1.10373188 1.16177496 1.23347706 1.23924781 1.35052585 1.38275737
 1.54235761 1.80219353 2.64381737 3.80408781]
  45 ( 0.500  0.750  0.250)   [-0.10948109 -0.10897877  0.06760723  0.0676604 ] [0.37581412 0.37631552 0.38948767 0.38984135 0.63863122 0.63887812
 0.782133   0.78215937 0.96928974 0.96958731 1.04175624 1.04182491
 1.07126566 1.07126943 1.20652434 1.20661634 1.27622989 1.27645674
 1.54758989 1.54772839 3.27882429 3.27885742]
  46 ( 0.500  0.750  0.500)   [-0.16307598 -0.05853845  0.07441265  0.1245831 ] [0.26415311 0.37232219 0.42405456 0.44654426 0.61878799 0.70041072
 0.70745808 0.78009897 0.92520101 0.94254068 1.00913427 1.04362982
 1.10373188 1.16177496 1.23347706 1.23924781 1.35052585 1.38275737
 1.54235761 1.80219353 2.64381737 3.80408781]
  47 ( 0.500  0.750  0.750)   [-0.18536208 -0.02730498  0.06916948  0.15783397] [0.28614896 0.3905545  0.4116302  0.41616976 0.5664159  0.61688299
 0.75111738 0.89209442 0.91541575 0.920724   0.98681495 1.01356204
 1.12977465 1.1915827  1.32219771 1.34311957 1.37970912 1.4257395
 1.45604545 1.66571005 2.85935129 3.79629082]
  48 ( 0.750  0.000  0.000)   [-0.22665885  0.03869032  0.18035437  0.18068579] [0.2388514  0.34760448 0.34820158 0.42916165 0.5971044  0.59723416
 0.77675832 0.85787235 0.91921912 0.91941447 1.10662785 1.10674133
 1.28522868 1.29240027 1.29247476 1.32793833 1.52938535 1.52948859
 1.73780881 1.73795198 1.89337365 3.83285963]
  49 ( 0.750  0.000  0.250)   [-0.18548184 -0.02681504  0.06898708  0.15766885] [0.28560866 0.39097169 0.41170668 0.41603645 0.56631831 0.61712698
 0.75167392 0.89200012 0.91521437 0.92054752 0.98691336 1.01359628
 1.12953159 1.19162975 1.32212843 1.34286474 1.37971885 1.42578241
 1.45600922 1.66600854 2.85947948 3.79625787]
  50 ( 0.750  0.000  0.500)   [-0.16329023 -0.05800017  0.07421565  0.12449709] [0.26376326 0.37257804 0.42380187 0.44671922 0.6188096  0.70048203
 0.70764892 0.78030555 0.92519866 0.94250941 1.00918939 1.04354828
 1.10380555 1.16165527 1.23336597 1.2389963  1.35043726 1.38293789
 1.54215853 1.80250149 2.64380882 3.8040542 ]
  51 ( 0.750  0.000  0.750)   [-0.21703878  0.03954845  0.13769083  0.13779746] [0.25085322 0.31995427 0.42955443 0.42976006 0.54899745 0.65847734
 0.76969055 0.86700656 0.86728525 1.01883872 1.05646409 1.05652327
 1.10332917 1.17227828 1.2878383  1.39756303 1.42965837 1.42983982
 2.02818496 2.02838332 2.40715242 3.14106441]
  52 ( 0.750  0.250  0.000)   [-0.18536208 -0.02730498  0.06916948  0.15783397] [0.28614896 0.3905545  0.4116302  0.41616976 0.5664159  0.61688299
 0.75111738 0.89209442 0.91541575 0.920724   0.98681495 1.01356204
 1.12977465 1.1915827  1.32219771 1.34311957 1.37970912 1.4257395
 1.45604545 1.66571005 2.85935129 3.79629082]
  53 ( 0.750  0.250  0.250)   [-0.16307598 -0.05853845  0.07441265  0.1245831 ] [0.26415311 0.37232219 0.42405456 0.44654426 0.61878799 0.70041072
 0.70745808 0.78009897 0.92520101 0.94254068 1.00913427 1.04362982
 1.10373188 1.16177496 1.23347706 1.23924781 1.35052585 1.38275737
 1.54235761 1.80219353 2.64381737 3.80408781]
  54 ( 0.750  0.250  0.500)   [-0.10948109 -0.10897877  0.06760723  0.0676604 ] [0.37581412 0.37631552 0.38948767 0.38984135 0.63863122 0.63887812
 0.782133   0.78215937 0.96928974 0.96958731 1.04175624 1.04182491
 1.07126566 1.07126943 1.20652434 1.20661634 1.27622989 1.27645674
 1.54758989 1.54772839 3.27882429 3.27885742]
  55 ( 0.750  0.250  0.750)   [-0.16307598 -0.05853845  0.07441265  0.1245831 ] [0.26415311 0.37232219 0.42405456 0.44654426 0.61878799 0.70041072
 0.70745808 0.78009897 0.92520101 0.94254068 1.00913427 1.04362982
 1.10373188 1.16177496 1.23347706 1.23924781 1.35052585 1.38275737
 1.54235761 1.80219353 2.64381737 3.80408781]
  56 ( 0.750  0.500  0.000)   [-0.16307598 -0.05853845  0.07441265  0.1245831 ] [0.26415311 0.37232219 0.42405456 0.44654426 0.61878799 0.70041072
 0.70745808 0.78009897 0.92520101 0.94254068 1.00913427 1.04362982
 1.10373188 1.16177496 1.23347706 1.23924781 1.35052585 1.38275737
 1.54235761 1.80219353 2.64381737 3.80408781]
  57 ( 0.750  0.500  0.250)   [-0.10948109 -0.10897877  0.06760723  0.0676604 ] [0.37581412 0.37631552 0.38948767 0.38984135 0.63863122 0.63887812
 0.782133   0.78215937 0.96928974 0.96958731 1.04175624 1.04182491
 1.07126566 1.07126943 1.20652434 1.20661634 1.27622989 1.27645674
 1.54758989 1.54772839 3.27882429 3.27885742]
  58 ( 0.750  0.500  0.500)   [-0.16307598 -0.05853845  0.07441265  0.1245831 ] [0.26415311 0.37232219 0.42405456 0.44654426 0.61878799 0.70041072
 0.70745808 0.78009897 0.92520101 0.94254068 1.00913427 1.04362982
 1.10373188 1.16177496 1.23347706 1.23924781 1.35052585 1.38275737
 1.54235761 1.80219353 2.64381737 3.80408781]
  59 ( 0.750  0.500  0.750)   [-0.18536208 -0.02730498  0.06916948  0.15783397] [0.28614896 0.3905545  0.4116302  0.41616976 0.5664159  0.61688299
 0.75111738 0.89209442 0.91541575 0.920724   0.98681495 1.01356204
 1.12977465 1.1915827  1.32219771 1.34311957 1.37970912 1.4257395
 1.45604545 1.66571005 2.85935128 3.79629082]
  60 ( 0.750  0.750  0.000)   [-0.21703878  0.03954845  0.13769083  0.13779746] [0.25085322 0.31995427 0.42955443 0.42976006 0.54899745 0.65847734
 0.76969055 0.86700656 0.86728525 1.01883872 1.05646409 1.05652327
 1.10332917 1.17227828 1.2878383  1.39756303 1.42965837 1.42983982
 2.02818496 2.02838332 2.40715242 3.14106441]
  61 ( 0.750  0.750  0.250)   [-0.16329023 -0.05800017  0.07421565  0.12449709] [0.26376326 0.37257804 0.42380187 0.44671922 0.6188096  0.70048203
 0.70764892 0.78030555 0.92519866 0.94250941 1.00918939 1.04354828
 1.10380555 1.16165527 1.23336597 1.2389963  1.35043726 1.38293789
 1.54215853 1.80250149 2.64380882 3.8040542 ]
  62 ( 0.750  0.750  0.500)   [-0.18548184 -0.02681504  0.06898708  0.15766885] [0.28560866 0.39097169 0.41170668 0.41603645 0.56631831 0.61712698
 0.75167392 0.89200012 0.91521437 0.92054752 0.98691336 1.01359628
 1.12953159 1.19162975 1.32212843 1.34286474 1.37971885 1.42578241
 1.45600922 1.66600854 2.85947948 3.79625787]
  63 ( 0.750  0.750  0.750)   [-0.22665885  0.03869032  0.18035437  0.18068579] [0.2388514  0.34760448 0.34820158 0.42916165 0.5971044  0.59723416
 0.77675832 0.85787235 0.91921912 0.91941447 1.10662785 1.10674133
 1.28522868 1.29240027 1.29247476 1.32793833 1.52938535 1.52948859
 1.73780881 1.73795198 1.89337365 3.83285963]
nelec by numeric integration = 8.000000000000282
    CPU time for vxc     20.57 sec, wall time     20.24 sec
    CPU time for vj and vk     30.42 sec, wall time     27.06 sec
E1 = (1.9744315659497351+1.0465621458918915e-18j)  Ecoul = 0.5978688413541458  Exc = -2.339186871653463
cycle= 2 E= -7.82788544572331  delta_E= -0.00332  |g|= 0.182  |ddm|= 11.2
    CPU time for cycle= 2     51.80 sec, wall time     47.55 sec
HOMO = 0.220279697105  LUMO = 0.223240550262
     k-point                  mo_energy
   0 ( 0.000  0.000  0.000)   [-0.24688382  0.22011817  0.2202797   0.2202797 ] [0.22324055 0.31143428 0.31143428 0.31145707 0.60905523 0.60905523
 0.89052083 0.89052083 0.89055502 1.18533912 1.20718865 1.2072866
 1.2072866  1.28953913 1.28953913 1.64632521 1.64641897 1.64641897
 1.65401539 1.65401539 1.65401654 2.89532472]
   1 (-0.000 -0.000  0.250)   [-0.22009063  0.04541836  0.18725561  0.18725561] [0.2438961  0.35226167 0.35226167 0.43524155 0.60193385 0.60193385
 0.78121213 0.86227148 0.92538588 0.92538588 1.11241659 1.11241659
 1.29188698 1.29900615 1.29900615 1.33019893 1.53463871 1.53463871
 1.74201716 1.74201716 1.89749602 3.8411138 ]
   2 (-0.000 -0.000  0.500)   [-0.17061199 -0.06158584  0.16821679  0.16821679] [0.22355993 0.35661094 0.35661094 0.54858496 0.65675937 0.72090788
 0.72090788 0.75156116 0.75156116 0.84097202 1.0651633  1.19687609
 1.19687609 1.25398703 1.25398703 1.34630143 1.48160928 1.48160928
 1.61463337 1.61463337 1.88119949 4.17231824]
   3 (-0.000 -0.000  0.750)   [-0.22009063  0.04541836  0.18725561  0.18725561] [0.2438961  0.35226167 0.35226167 0.43524155 0.60193385 0.60193385
 0.78121213 0.86227148 0.92538588 0.92538588 1.11241659 1.11241659
 1.29188698 1.29900615 1.29900615 1.33019893 1.53463871 1.53463871
 1.74201716 1.74201716 1.89749602 3.8411138 ]
   4 ( 0.000  0.250 -0.000)   [-0.22010177  0.04552148  0.18715273  0.1872793 ] [0.24383224 0.35218931 0.35224035 0.43533742 0.60194571 0.60199136
 0.78125964 0.86227602 0.92538859 0.9254249  1.11238117 1.11239873
 1.29197845 1.29895899 1.29897907 1.33018412 1.5346013  1.53466111
 1.74198246 1.74198972 1.89745867 3.8411515 ]
   5 ( 0.000  0.250  0.250)   [-0.21044408  0.04735247  0.14355354  0.14361421] [0.25345522 0.32488613 0.43514938 0.43517828 0.55486833 0.66339824
 0.77392142 0.87310834 0.87311871 1.02449229 1.0607079  1.06073319
 1.10967206 1.17906357 1.29064633 1.40542797 1.43633871 1.43638539
 2.0322556  2.03227682 2.41216923 3.14748864]
   6 (-0.000  0.250  0.500)   [-0.15603348 -0.05148174  0.07903174  0.13038082] [0.26680116 0.37701277 0.42824589 0.45133396 0.62437303 0.70580463
 0.71405    0.78585017 0.92966899 0.94819179 1.01476527 1.05007295
 1.11006767 1.16627535 1.23883373 1.24341282 1.35660611 1.38899451
 1.54695811 1.80651614 2.64928747 3.81216019]
   7 (-0.000  0.250  0.750)   [-0.17853833 -0.01988594  0.07336835  0.16421212] [0.29000463 0.39501548 0.4170413  0.42011335 0.57102566 0.62219639
 0.75784114 0.89662184 0.9209713  0.92507483 0.9931655  1.02006541
 1.13529695 1.19895785 1.32498753 1.35021803 1.3832654  1.42893207
 1.46307991 1.67052404 2.86530802 3.80435359]
   8 ( 0.000  0.500 -0.000)   [-0.17067987 -0.06143154  0.1681234   0.16825077] [0.22351051 0.35650044 0.35659199 0.54860214 0.65684779 0.72091647
 0.72098859 0.75155117 0.75164709 0.84107987 1.06518096 1.19680417
 1.19686355 1.25388189 1.25394632 1.3462927  1.48160391 1.48166761
 1.6146013  1.6146344  1.88114383 4.17234032]
   9 ( 0.000  0.500  0.250)   [-0.15608061 -0.0513578   0.07894659  0.13038973] [0.26680661 0.37701286 0.42817089 0.45125984 0.62444379 0.7058671
 0.71414608 0.78593969 0.92963849 0.94815705 1.01477333 1.04999602
 1.11006751 1.16624516 1.23881505 1.24342642 1.35663306 1.38896331
 1.54695243 1.80650906 2.64928475 3.81217489]
  10 ( 0.000  0.500  0.500)   [-0.10578445 -0.1056934   0.1053079   0.10536076] [0.23901854 0.23910094 0.57286279 0.57288454 0.70159592 0.70161884
 0.71847755 0.71853041 0.83369843 0.83373225 1.07696957 1.07700833
 1.14962908 1.14964619 1.23681663 1.23688558 1.27133137 1.27137818
 2.04684133 2.04684848 2.84877278 2.84882168]
  11 (-0.000  0.500  0.750)   [-0.15608061 -0.0513578   0.07894659  0.13038973] [0.26680661 0.37701286 0.42817089 0.45125984 0.62444379 0.7058671
 0.71414608 0.78593969 0.92963849 0.94815705 1.01477333 1.04999602
 1.11006751 1.16624516 1.23881505 1.24342642 1.35663306 1.38896331
 1.54695243 1.80650906 2.64928475 3.81217489]
  12 ( 0.000  0.750 -0.000)   [-0.22010177  0.04552148  0.18715273  0.1872793 ] [0.24383224 0.35218931 0.35224035 0.43533742 0.60194571 0.60199136
 0.78125964 0.86227602 0.92538859 0.9254249  1.11238117 1.11239873
 1.29197845 1.29895899 1.29897907 1.33018412 1.5346013  1.53466111
 1.74198246 1.74198972 1.89745867 3.8411515 ]
  13 ( 0.000  0.750  0.250)   [-0.17853833 -0.01988594  0.07336835  0.16421212] [0.29000463 0.39501548 0.4170413  0.42011335 0.57102566 0.62219639
 0.75784114 0.89662184 0.9209713  0.92507483 0.9931655  1.02006541
 1.13529695 1.19895785 1.32498753 1.35021803 1.3832654  1.42893207
 1.46307991 1.67052404 2.86530802 3.80435359]
  14 ( 0.000  0.750  0.500)   [-0.15603348 -0.05148174  0.07903174  0.13038082] [0.26680116 0.37701277 0.42824589 0.45133396 0.62437303 0.70580463
 0.71405    0.78585017 0.92966899 0.94819179 1.01476527 1.05007295
 1.11006767 1.16627535 1.23883373 1.24341282 1.35660611 1.38899451
 1.54695811 1.80651614 2.64928747 3.81216019]
  15 ( 0.000  0.750  0.750)   [-0.21044408  0.04735247  0.14355354  0.14361421] [0.25345522 0.32488613 0.43514938 0.43517828 0.55486833 0.66339824
 0.77392142 0.87310834 0.87311871 1.02449229 1.0607079  1.06073319
 1.10967206 1.17906357 1.29064633 1.40542797 1.43633871 1.43638539
 2.0322556  2.03227682 2.41216923 3.14748864]
  16 ( 0.250  0.000  0.000)   [-0.22010177  0.04552148  0.18715273  0.1872793 ] [0.24383224 0.35218931 0.35224035 0.43533742 0.60194571 0.60199136
 0.78125964 0.86227602 0.92538859 0.9254249  1.11238117 1.11239873
 1.29197845 1.29895899 1.29897907 1.33018412 1.5346013  1.53466111
 1.74198246 1.74198972 1.89745867 3.8411515 ]
  17 ( 0.250  0.000  0.250)   [-0.21044408  0.04735247  0.14355354  0.14361421] [0.25345522 0.32488613 0.43514938 0.43517828 0.55486833 0.66339824
 0.77392142 0.87310834 0.87311871 1.02449229 1.0607079  1.06073319
 1.10967206 1.17906357 1.29064633 1.40542797 1.43633871 1.43638539
 2.0322556  2.03227682 2.41216923 3.14748864]
  18 ( 0.250 -0.000  0.500)   [-0.15603348 -0.05148174  0.07903174  0.13038082] [0.26680116 0.37701277 0.42824589 0.45133396 0.62437303 0.70580463
 0.71405    0.78585017 0.92966899 0.94819179 1.01476527 1.05007295
 1.11006767 1.16627535 1.23883373 1.24341282 1.35660611 1.38899451
 1.54695811 1.80651614 2.64928747 3.81216019]
  19 ( 0.250 -0.000  0.750)   [-0.17853833 -0.01988594  0.07336835  0.16421212] [0.29000463 0.39501548 0.4170413  0.42011335 0.57102566 0.62219639
 0.75784114 0.89662184 0.9209713  0.92507483 0.9931655  1.02006541
 1.13529695 1.19895785 1.32498753 1.35021803 1.3832654  1.42893207
 1.46307991 1.67052404 2.86530802 3.80435359]
  20 ( 0.250  0.250  0.000)   [-0.21044408  0.04735247  0.14355354  0.14361421] [0.25345522 0.32488613 0.43514938 0.43517828 0.55486833 0.66339824
 0.77392142 0.87310834 0.87311871 1.02449229 1.0607079  1.06073319
 1.10967206 1.17906357 1.29064633 1.40542797 1.43633871 1.43638539
 2.0322556  2.03227682 2.41216923 3.14748864]
  21 ( 0.250  0.250  0.250)   [-0.22010177  0.04552148  0.18715273  0.1872793 ] [0.24383224 0.35218931 0.35224035 0.43533742 0.60194571 0.60199136
 0.78125964 0.86227602 0.92538859 0.9254249  1.11238117 1.11239873
 1.29197845 1.29895899 1.29897907 1.33018412 1.5346013  1.53466111
 1.74198246 1.74198972 1.89745867 3.8411515 ]
  22 ( 0.250  0.250  0.500)   [-0.17853833 -0.01988594  0.07336835  0.16421212] [0.29000463 0.39501548 0.4170413  0.42011335 0.57102566 0.62219639
 0.75784114 0.89662184 0.9209713  0.92507483 0.9931655  1.02006541
 1.13529695 1.19895785 1.32498753 1.35021803 1.3832654  1.42893207
 1.46307991 1.67052404 2.86530802 3.80435359]
  23 ( 0.250  0.250  0.750)   [-0.15603348 -0.05148174  0.07903174  0.13038082] [0.26680116 0.37701277 0.42824589 0.45133396 0.62437303 0.70580463
 0.71405    0.78585017 0.92966899 0.94819179 1.01476527 1.05007295
 1.11006767 1.16627535 1.23883373 1.24341282 1.35660611 1.38899451
 1.54695811 1.80651614 2.64928747 3.81216019]
  24 ( 0.250  0.500 -0.000)   [-0.15607796 -0.05137628  0.0790339   0.1303254 ] [0.26671851 0.3770725  0.42824359 0.45128892 0.62442274 0.7058045
 0.71410478 0.78588137 0.92967376 0.94820434 1.01479449 1.05002462
 1.11007729 1.1662443  1.23880313 1.24341459 1.35657795 1.38900951
 1.54696435 1.80652021 2.64925761 3.81217639]
  25 ( 0.250  0.500  0.250)   [-0.17856313 -0.01979666  0.07337399  0.16413792] [0.28991472 0.39502506 0.41706583 0.42012472 0.57100289 0.6222717
 0.75794606 0.89660032 0.92096917 0.92508591 0.99314386 1.02004794
 1.13524691 1.19899342 1.32501684 1.35016486 1.38324442 1.42891698
 1.46307436 1.67054044 2.86532697 3.80435831]
  26 ( 0.250  0.500  0.500)   [-0.15607796 -0.05137628  0.0790339   0.1303254 ] [0.26671851 0.3770725  0.42824359 0.45128892 0.62442274 0.7058045
 0.71410478 0.78588137 0.92967376 0.94820434 1.01479449 1.05002462
 1.11007729 1.1662443  1.23880313 1.24341459 1.35657795 1.38900951
 1.54696435 1.80652021 2.64925761 3.81217639]
  27 ( 0.250  0.500  0.750)   [-0.10190635 -0.10180888  0.07184582  0.07191473] [0.38082285 0.38087632 0.3927116  0.39277155 0.64487113 0.64489508
 0.78822073 0.78822887 0.97532388 0.97536077 1.04677946 1.04679988
 1.0778085  1.07783028 1.21030838 1.2103177  1.28182397 1.28186623
 1.55262226 1.55262359 3.28571384 3.28573012]
  28 ( 0.250  0.750 -0.000)   [-0.17856313 -0.01979666  0.07337399  0.16413792] [0.28991472 0.39502506 0.41706583 0.42012472 0.57100289 0.6222717
 0.75794606 0.89660032 0.92096917 0.92508591 0.99314386 1.02004794
 1.13524691 1.19899342 1.32501684 1.35016486 1.38324442 1.42891698
 1.46307436 1.67054044 2.86532697 3.80435831]
  29 ( 0.250  0.750  0.250)   [-0.15607796 -0.05137628  0.0790339   0.1303254 ] [0.26671851 0.3770725  0.42824359 0.45128892 0.62442274 0.7058045
 0.71410478 0.78588137 0.92967376 0.94820434 1.01479449 1.05002462
 1.11007729 1.1662443  1.23880313 1.24341459 1.35657795 1.38900951
 1.54696435 1.80652021 2.64925761 3.81217639]
  30 ( 0.250  0.750  0.500)   [-0.10190635 -0.10180888  0.07184582  0.07191473] [0.38082285 0.38087632 0.3927116  0.39277155 0.64487113 0.64489508
 0.78822073 0.78822887 0.97532388 0.97536077 1.04677946 1.04679988
 1.0778085  1.07783028 1.21030838 1.2103177  1.28182397 1.28186623
 1.55262226 1.55262359 3.28571384 3.28573012]
  31 ( 0.250  0.750  0.750)   [-0.15607796 -0.05137628  0.0790339   0.1303254 ] [0.26671851 0.3770725  0.42824359 0.45128892 0.62442274 0.7058045
 0.71410478 0.78588137 0.92967376 0.94820434 1.01479449 1.05002462
 1.11007729 1.1662443  1.23880313 1.24341459 1.35657795 1.38900951
 1.54696435 1.80652021 2.64925761 3.81217639]
  32 ( 0.500  0.000  0.000)   [-0.17067987 -0.06143154  0.1681234   0.16825077] [0.22351051 0.35650044 0.35659199 0.54860214 0.65684779 0.72091647
 0.72098859 0.75155117 0.75164709 0.84107987 1.06518096 1.19680417
 1.19686355 1.25388189 1.25394632 1.3462927  1.48160391 1.48166761
 1.6146013  1.6146344  1.88114383 4.17234032]
  33 ( 0.500  0.000  0.250)   [-0.15608061 -0.0513578   0.07894659  0.13038973] [0.26680661 0.37701286 0.42817089 0.45125984 0.62444379 0.7058671
 0.71414608 0.78593969 0.92963849 0.94815705 1.01477333 1.04999602
 1.11006751 1.16624516 1.23881505 1.24342642 1.35663306 1.38896331
 1.54695243 1.80650906 2.64928475 3.81217489]
  34 ( 0.500  0.000  0.500)   [-0.10578445 -0.1056934   0.1053079   0.10536076] [0.23901854 0.23910094 0.57286279 0.57288454 0.70159592 0.70161884
 0.71847755 0.71853041 0.83369843 0.83373225 1.07696957 1.07700833
 1.14962908 1.14964619 1.23681663 1.23688558 1.27133137 1.27137818
 2.04684133 2.04684848 2.84877278 2.84882168]
  35 ( 0.500 -0.000  0.750)   [-0.15608061 -0.0513578   0.07894659  0.13038973] [0.26680661 0.37701286 0.42817089 0.45125984 0.62444379 0.7058671
 0.71414608 0.78593969 0.92963849 0.94815705 1.01477333 1.04999602
 1.11006751 1.16624516 1.23881505 1.24342642 1.35663306 1.38896331
 1.54695243 1.80650906 2.64928475 3.81217489]
  36 ( 0.500  0.250  0.000)   [-0.15607796 -0.05137628  0.0790339   0.1303254 ] [0.26671851 0.3770725  0.42824359 0.45128892 0.62442274 0.7058045
 0.71410478 0.78588137 0.92967376 0.94820434 1.01479449 1.05002462
 1.11007729 1.1662443  1.23880313 1.24341459 1.35657795 1.38900951
 1.54696435 1.80652021 2.64925761 3.81217639]
  37 ( 0.500  0.250  0.250)   [-0.17856313 -0.01979666  0.07337399  0.16413792] [0.28991472 0.39502506 0.41706583 0.42012472 0.57100289 0.6222717
 0.75794606 0.89660032 0.92096917 0.92508591 0.99314386 1.02004794
 1.13524691 1.19899342 1.32501684 1.35016486 1.38324442 1.42891698
 1.46307436 1.67054044 2.86532697 3.80435831]
  38 ( 0.500  0.250  0.500)   [-0.15607796 -0.05137628  0.0790339   0.1303254 ] [0.26671851 0.3770725  0.42824359 0.45128892 0.62442274 0.7058045
 0.71410478 0.78588137 0.92967376 0.94820434 1.01479449 1.05002462
 1.11007729 1.1662443  1.23880313 1.24341459 1.35657795 1.38900951
 1.54696435 1.80652021 2.64925761 3.81217639]
  39 ( 0.500  0.250  0.750)   [-0.10190635 -0.10180888  0.07184582  0.07191473] [0.38082285 0.38087632 0.3927116  0.39277155 0.64487113 0.64489508
 0.78822073 0.78822887 0.97532388 0.97536077 1.04677946 1.04679988
 1.0778085  1.07783028 1.21030838 1.2103177  1.28182397 1.28186623
 1.55262226 1.55262359 3.28571384 3.28573012]
  40 ( 0.500  0.500  0.000)   [-0.10578445 -0.1056934   0.1053079   0.10536076] [0.23901854 0.23910094 0.57286279 0.57288454 0.70159592 0.70161884
 0.71847755 0.71853041 0.83369843 0.83373225 1.07696957 1.07700833
 1.14962908 1.14964619 1.23681663 1.23688558 1.27133137 1.27137818
 2.04684133 2.04684848 2.84877278 2.84882168]
  41 ( 0.500  0.500  0.250)   [-0.15608061 -0.0513578   0.07894659  0.13038973] [0.26680661 0.37701286 0.42817089 0.45125984 0.62444379 0.7058671
 0.71414608 0.78593969 0.92963849 0.94815705 1.01477333 1.04999602
 1.11006751 1.16624516 1.23881505 1.24342642 1.35663306 1.38896331
 1.54695243 1.80650906 2.64928475 3.81217489]
  42 ( 0.500  0.500  0.500)   [-0.17067987 -0.06143154  0.1681234   0.16825077] [0.22351051 0.35650044 0.35659199 0.54860214 0.65684779 0.72091647
 0.72098859 0.75155117 0.75164709 0.84107987 1.06518096 1.19680417
 1.19686355 1.25388189 1.25394632 1.3462927  1.48160391 1.48166761
 1.6146013  1.6146344  1.88114383 4.17234032]
  43 ( 0.500  0.500  0.750)   [-0.15608061 -0.0513578   0.07894659  0.13038973] [0.26680661 0.37701286 0.42817089 0.45125984 0.62444379 0.7058671
 0.71414608 0.78593969 0.92963849 0.94815705 1.01477333 1.04999602
 1.11006751 1.16624516 1.23881505 1.24342642 1.35663306 1.38896331
 1.54695243 1.80650906 2.64928475 3.81217489]
  44 ( 0.500  0.750 -0.000)   [-0.15607796 -0.05137628  0.0790339   0.1303254 ] [0.26671851 0.3770725  0.42824359 0.45128892 0.62442274 0.7058045
 0.71410478 0.78588137 0.92967376 0.94820434 1.01479449 1.05002462
 1.11007729 1.1662443  1.23880313 1.24341459 1.35657795 1.38900951
 1.54696435 1.80652021 2.64925761 3.81217639]
  45 ( 0.500  0.750  0.250)   [-0.10190635 -0.10180888  0.07184582  0.07191473] [0.38082285 0.38087632 0.3927116  0.39277155 0.64487113 0.64489508
 0.78822073 0.78822887 0.97532388 0.97536077 1.04677946 1.04679988
 1.0778085  1.07783028 1.21030838 1.2103177  1.28182397 1.28186623
 1.55262226 1.55262359 3.28571384 3.28573012]
  46 ( 0.500  0.750  0.500)   [-0.15607796 -0.05137628  0.0790339   0.1303254 ] [0.26671851 0.3770725  0.42824359 0.45128892 0.62442274 0.7058045
 0.71410478 0.78588137 0.92967376 0.94820434 1.01479449 1.05002462
 1.11007729 1.1662443  1.23880313 1.24341459 1.35657795 1.38900951
 1.54696435 1.80652021 2.64925761 3.81217639]
  47 ( 0.500  0.750  0.750)   [-0.17856313 -0.01979666  0.07337399  0.16413792] [0.28991472 0.39502506 0.41706583 0.42012472 0.57100289 0.6222717
 0.75794606 0.89660032 0.92096917 0.92508591 0.99314386 1.02004794
 1.13524691 1.19899342 1.32501684 1.35016486 1.38324442 1.42891698
 1.46307436 1.67054044 2.86532697 3.80435831]
  48 ( 0.750  0.000  0.000)   [-0.22010177  0.04552148  0.18715273  0.1872793 ] [0.24383224 0.35218931 0.35224035 0.43533742 0.60194571 0.60199136
 0.78125964 0.86227602 0.92538859 0.9254249  1.11238117 1.11239873
 1.29197845 1.29895899 1.29897907 1.33018412 1.5346013  1.53466111
 1.74198246 1.74198972 1.89745867 3.8411515 ]
  49 ( 0.750  0.000  0.250)   [-0.17853833 -0.01988594  0.07336835  0.16421212] [0.29000463 0.39501548 0.4170413  0.42011335 0.57102566 0.62219639
 0.75784114 0.89662184 0.9209713  0.92507483 0.9931655  1.02006541
 1.13529695 1.19895785 1.32498753 1.35021803 1.3832654  1.42893207
 1.46307991 1.67052404 2.86530802 3.80435359]
  50 ( 0.750  0.000  0.500)   [-0.15603348 -0.05148174  0.07903174  0.13038082] [0.26680116 0.37701277 0.42824589 0.45133396 0.62437303 0.70580463
 0.71405    0.78585017 0.92966899 0.94819179 1.01476527 1.05007295
 1.11006767 1.16627535 1.23883373 1.24341282 1.35660611 1.38899451
 1.54695811 1.80651614 2.64928747 3.81216019]
  51 ( 0.750  0.000  0.750)   [-0.21044408  0.04735247  0.14355354  0.14361421] [0.25345522 0.32488613 0.43514938 0.43517828 0.55486833 0.66339824
 0.77392142 0.87310834 0.87311871 1.02449229 1.0607079  1.06073319
 1.10967206 1.17906357 1.29064633 1.40542797 1.43633871 1.43638539
 2.0322556  2.03227682 2.41216923 3.14748864]
  52 ( 0.750  0.250  0.000)   [-0.17856313 -0.01979666  0.07337399  0.16413792] [0.28991472 0.39502506 0.41706583 0.42012472 0.57100289 0.6222717
 0.75794606 0.89660032 0.92096917 0.92508591 0.99314386 1.02004794
 1.13524691 1.19899342 1.32501684 1.35016486 1.38324442 1.42891698
 1.46307436 1.67054044 2.86532697 3.80435831]
  53 ( 0.750  0.250  0.250)   [-0.15607796 -0.05137628  0.0790339   0.1303254 ] [0.26671851 0.3770725  0.42824359 0.45128892 0.62442274 0.7058045
 0.71410478 0.78588137 0.92967376 0.94820434 1.01479449 1.05002462
 1.11007729 1.1662443  1.23880313 1.24341459 1.35657795 1.38900951
 1.54696435 1.80652021 2.64925761 3.81217639]
  54 ( 0.750  0.250  0.500)   [-0.10190635 -0.10180888  0.07184582  0.07191473] [0.38082285 0.38087632 0.3927116  0.39277155 0.64487113 0.64489508
 0.78822073 0.78822887 0.97532388 0.97536077 1.04677946 1.04679988
 1.0778085  1.07783028 1.21030838 1.2103177  1.28182397 1.28186623
 1.55262226 1.55262359 3.28571384 3.28573012]
  55 ( 0.750  0.250  0.750)   [-0.15607796 -0.05137628  0.0790339   0.1303254 ] [0.26671851 0.3770725  0.42824359 0.45128892 0.62442274 0.7058045
 0.71410478 0.78588137 0.92967376 0.94820434 1.01479449 1.05002462
 1.11007729 1.1662443  1.23880313 1.24341459 1.35657795 1.38900951
 1.54696435 1.80652021 2.64925761 3.81217639]
  56 ( 0.750  0.500  0.000)   [-0.15607796 -0.05137628  0.0790339   0.1303254 ] [0.26671851 0.3770725  0.42824359 0.45128892 0.62442274 0.7058045
 0.71410478 0.78588137 0.92967376 0.94820434 1.01479449 1.05002462
 1.11007729 1.1662443  1.23880313 1.24341459 1.35657795 1.38900951
 1.54696435 1.80652021 2.64925761 3.81217639]
  57 ( 0.750  0.500  0.250)   [-0.10190635 -0.10180888  0.07184582  0.07191473] [0.38082285 0.38087632 0.3927116  0.39277155 0.64487113 0.64489508
 0.78822073 0.78822887 0.97532388 0.97536077 1.04677946 1.04679988
 1.0778085  1.07783028 1.21030838 1.2103177  1.28182397 1.28186623
 1.55262226 1.55262359 3.28571384 3.28573012]
  58 ( 0.750  0.500  0.500)   [-0.15607796 -0.05137628  0.0790339   0.1303254 ] [0.26671851 0.3770725  0.42824359 0.45128892 0.62442274 0.7058045
 0.71410478 0.78588137 0.92967376 0.94820434 1.01479449 1.05002462
 1.11007729 1.1662443  1.23880313 1.24341459 1.35657795 1.38900951
 1.54696435 1.80652021 2.64925761 3.81217639]
  59 ( 0.750  0.500  0.750)   [-0.17856313 -0.01979666  0.07337399  0.16413792] [0.28991472 0.39502506 0.41706583 0.42012472 0.57100289 0.6222717
 0.75794606 0.89660032 0.92096917 0.92508591 0.99314386 1.02004794
 1.13524691 1.19899342 1.32501684 1.35016486 1.38324442 1.42891698
 1.46307436 1.67054044 2.86532697 3.80435831]
  60 ( 0.750  0.750  0.000)   [-0.21044408  0.04735247  0.14355354  0.14361421] [0.25345522 0.32488613 0.43514938 0.43517828 0.55486833 0.66339824
 0.77392142 0.87310834 0.87311871 1.02449229 1.0607079  1.06073319
 1.10967206 1.17906357 1.29064633 1.40542797 1.43633871 1.43638539
 2.0322556  2.03227682 2.41216923 3.14748864]
  61 ( 0.750  0.750  0.250)   [-0.15603348 -0.05148174  0.07903174  0.13038082] [0.26680116 0.37701277 0.42824589 0.45133396 0.62437303 0.70580463
 0.71405    0.78585017 0.92966899 0.94819179 1.01476527 1.05007295
 1.11006767 1.16627535 1.23883373 1.24341282 1.35660611 1.38899451
 1.54695811 1.80651614 2.64928747 3.81216019]
  62 ( 0.750  0.750  0.500)   [-0.17853833 -0.01988594  0.07336835  0.16421212] [0.29000463 0.39501548 0.4170413  0.42011335 0.57102566 0.62219639
 0.75784114 0.89662184 0.9209713  0.92507483 0.9931655  1.02006541
 1.13529695 1.19895785 1.32498753 1.35021803 1.3832654  1.42893207
 1.46307991 1.67052404 2.86530802 3.80435359]
  63 ( 0.750  0.750  0.750)   [-0.22010177  0.04552148  0.18715273  0.1872793 ] [0.24383224 0.35218931 0.35224035 0.43533742 0.60194571 0.60199136
 0.78125964 0.86227602 0.92538859 0.9254249  1.11238117 1.11239873
 1.29197845 1.29895899 1.29897907 1.33018412 1.5346013  1.53466111
 1.74198246 1.74198972 1.89745867 3.8411515 ]
nelec by numeric integration = 8.000000000000385
    CPU time for vxc     18.57 sec, wall time     17.28 sec
    CPU time for vj and vk     31.96 sec, wall time     29.24 sec
E1 = (1.9829960712738572+9.29406901374781e-19j)  Ecoul = 0.5833423757672725  Exc = -2.333501103408399
cycle= 3 E= -7.828161637741  delta_E= -0.000276  |g|= 0.00625  |ddm|= 0.455
    CPU time for cycle= 3     51.01 sec, wall time     46.68 sec
HOMO = 0.22045653269  LUMO = 0.223436852181
     k-point                  mo_energy
   0 ( 0.000  0.000  0.000)   [-0.24672806  0.22039371  0.22039371  0.22045653] [0.22343685 0.31151733 0.31154262 0.31154262 0.60917087 0.60917087
 0.8906342  0.89066508 0.89066508 1.18538068 1.20738706 1.20738706
 1.20742703 1.28970612 1.28970612 1.64643803 1.64643803 1.64647456
 1.65414401 1.65415309 1.65415309 2.89535293]
   1 (-0.000 -0.000  0.250)   [-0.21994324  0.04569166  0.18738358  0.18738358] [0.24393619 0.35231917 0.35231917 0.43548996 0.60208716 0.60208716
 0.78136317 0.86237827 0.92555807 0.92555807 1.11252415 1.11252415
 1.29213918 1.29912522 1.29912522 1.33023028 1.53474881 1.53474881
 1.74207607 1.74207607 1.89751667 3.84123304]
   2 (-0.000 -0.000  0.500)   [-0.17050964 -0.0612829   0.16835215  0.16835215] [0.22361042 0.35662754 0.35662754 0.54866361 0.65698834 0.72108747
 0.72108747 0.7517497  0.7517497  0.84120312 1.06531862 1.19698986
 1.19698986 1.25405836 1.25405836 1.34640236 1.48171363 1.48171363
 1.61474374 1.61474374 1.8811902  4.17242356]
   3 (-0.000 -0.000  0.750)   [-0.21994324  0.04569166  0.18738358  0.18738358] [0.24393619 0.35231917 0.35231917 0.43548996 0.60208716 0.60208716
 0.78136317 0.86237827 0.92555807 0.92555807 1.11252415 1.11252415
 1.29213918 1.29912522 1.29912522 1.33023028 1.53474881 1.53474881
 1.74207607 1.74207607 1.89751667 3.84123304]
   4 ( 0.000  0.250 -0.000)   [-0.21993843  0.04564699  0.18737463  0.18742101] [0.24398035 0.35231436 0.35234662 0.43545099 0.60206407 0.60208142
 0.78135414 0.8623834  0.92554167 0.92554628 1.11253441 1.11253567
 1.29210102 1.29913726 1.29914585 1.33024237 1.53474233 1.53476244
 1.74207774 1.74208357 1.89753052 3.84121964]
   5 ( 0.000  0.250  0.250)   [-0.21028417  0.04754353  0.14371777  0.14373842] [0.25351315 0.32500041 0.43529593 0.4352984  0.55501402 0.66351885
 0.77402347 0.87325634 0.87326152 1.02462946 1.06081254 1.0608213
 1.10982718 1.17922846 1.29070948 1.4056176  1.43650922 1.43652786
 2.03234459 2.0323451  2.41223384 3.14754924]
   6 (-0.000  0.250  0.500)   [-0.15591039 -0.05119009  0.07911042  0.13049068] [0.26680714 0.37716093 0.42831664 0.45139074 0.62457004 0.70596069
 0.71428695 0.78604679 0.92976894 0.94832505 1.014926   1.05016953
 1.11022924 1.16634464 1.23892399 1.24352036 1.35674199 1.38914102
 1.54706119 1.80660802 2.64933262 3.81225555]
   7 (-0.000  0.250  0.750)   [-0.17838909 -0.01964481  0.07347269  0.16432186] [0.29003111 0.39512668 0.41719119 0.4202125  0.5711241  0.62237666
 0.75807655 0.89671742 0.9211071  0.92518681 0.99330707 1.02021142
 1.1353935  1.19915999 1.32506541 1.35035338 1.38332888 1.42898939
 1.46324346 1.67063993 2.86539658 3.8044335 ]
   8 ( 0.000  0.500 -0.000)   [-0.17048032 -0.0613496   0.16833929  0.16838527] [0.22364677 0.35662316 0.35666911 0.54866518 0.65695645 0.7210607
 0.72108071 0.75170935 0.7517488  0.84115496 1.06531558 1.19698474
 1.19701819 1.25408512 1.25410881 1.34641944 1.48168999 1.48171332
 1.61473324 1.61474893 1.88121144 4.17241563]
   9 ( 0.000  0.500  0.250)   [-0.15588997 -0.05124424  0.07914859  0.13048729] [0.26680275 0.37716264 0.42834946 0.45141873 0.62454078 0.70593702
 0.71424399 0.78600991 0.92978207 0.94834064 1.01492196 1.05020013
 1.11022895 1.16636129 1.23892985 1.24351943 1.35672994 1.38914966
 1.5470641  1.80660833 2.64933178 3.81225095]
  10 ( 0.000  0.500  0.500)   [-0.1055849  -0.10554327  0.10546095  0.10547827] [0.23908484 0.23912028 0.5730097  0.57301462 0.70176649 0.70177807
 0.71863224 0.71865257 0.83384143 0.83385911 1.07710008 1.07711219
 1.14970751 1.14972158 1.23700821 1.23703954 1.27151323 1.27153356
 2.04692416 2.04693842 2.84885197 2.84886935]
  11 (-0.000  0.500  0.750)   [-0.15588997 -0.05124424  0.07914859  0.13048729] [0.26680275 0.37716264 0.42834946 0.45141873 0.62454078 0.70593702
 0.71424399 0.78600991 0.92978207 0.94834064 1.01492196 1.05020013
 1.11022895 1.16636129 1.23892985 1.24351943 1.35672994 1.38914966
 1.5470641  1.80660833 2.64933178 3.81225095]
  12 ( 0.000  0.750 -0.000)   [-0.21993843  0.04564699  0.18737463  0.18742101] [0.24398035 0.35231436 0.35234662 0.43545099 0.60206407 0.60208142
 0.78135414 0.8623834  0.92554167 0.92554628 1.11253441 1.11253567
 1.29210102 1.29913726 1.29914585 1.33024237 1.53474233 1.53476244
 1.74207774 1.74208357 1.89753052 3.84121964]
  13 ( 0.000  0.750  0.250)   [-0.17838909 -0.01964481  0.07347269  0.16432186] [0.29003111 0.39512668 0.41719119 0.4202125  0.5711241  0.62237666
 0.75807655 0.89671742 0.9211071  0.92518681 0.99330707 1.02021142
 1.1353935  1.19915999 1.32506541 1.35035338 1.38332888 1.42898939
 1.46324346 1.67063993 2.86539658 3.8044335 ]
  14 ( 0.000  0.750  0.500)   [-0.15591039 -0.05119009  0.07911042  0.13049068] [0.26680714 0.37716093 0.42831664 0.45139074 0.62457004 0.70596069
 0.71428695 0.78604679 0.92976894 0.94832505 1.014926   1.05016953
 1.11022924 1.16634464 1.23892399 1.24352036 1.35674199 1.38914102
 1.54706119 1.80660802 2.64933262 3.81225555]
  15 ( 0.000  0.750  0.750)   [-0.21028417  0.04754353  0.14371777  0.14373842] [0.25351315 0.32500041 0.43529593 0.4352984  0.55501402 0.66351885
 0.77402347 0.87325634 0.87326152 1.02462946 1.06081254 1.0608213
 1.10982718 1.17922846 1.29070948 1.4056176  1.43650922 1.43652786
 2.03234459 2.0323451  2.41223384 3.14754924]
  16 ( 0.250  0.000  0.000)   [-0.21993843  0.04564699  0.18737463  0.18742101] [0.24398035 0.35231436 0.35234662 0.43545099 0.60206407 0.60208142
 0.78135414 0.8623834  0.92554167 0.92554628 1.11253441 1.11253567
 1.29210102 1.29913726 1.29914585 1.33024237 1.53474233 1.53476244
 1.74207774 1.74208357 1.89753052 3.84121964]
  17 ( 0.250  0.000  0.250)   [-0.21028417  0.04754353  0.14371777  0.14373842] [0.25351315 0.32500041 0.43529593 0.4352984  0.55501402 0.66351885
 0.77402347 0.87325634 0.87326152 1.02462946 1.06081254 1.0608213
 1.10982718 1.17922846 1.29070948 1.4056176  1.43650922 1.43652786
 2.03234459 2.0323451  2.41223384 3.14754924]
  18 ( 0.250 -0.000  0.500)   [-0.15591039 -0.05119009  0.07911042  0.13049068] [0.26680714 0.37716093 0.42831664 0.45139074 0.62457004 0.70596069
 0.71428695 0.78604679 0.92976894 0.94832505 1.014926   1.05016953
 1.11022924 1.16634464 1.23892399 1.24352036 1.35674199 1.38914102
 1.54706119 1.80660802 2.64933262 3.81225555]
  19 ( 0.250 -0.000  0.750)   [-0.17838909 -0.01964481  0.07347269  0.16432186] [0.29003111 0.39512668 0.41719119 0.4202125  0.5711241  0.62237666
 0.75807655 0.89671742 0.9211071  0.92518681 0.99330707 1.02021142
 1.1353935  1.19915999 1.32506541 1.35035338 1.38332888 1.42898939
 1.46324346 1.67063993 2.86539658 3.8044335 ]
  20 ( 0.250  0.250  0.000)   [-0.21028417  0.04754353  0.14371777  0.14373842] [0.25351315 0.32500041 0.43529593 0.4352984  0.55501402 0.66351885
 0.77402348 0.87325634 0.87326152 1.02462946 1.06081254 1.0608213
 1.10982718 1.17922846 1.29070948 1.4056176  1.43650922 1.43652786
 2.03234459 2.0323451  2.41223384 3.14754924]
  21 ( 0.250  0.250  0.250)   [-0.21993843  0.04564699  0.18737463  0.18742101] [0.24398035 0.35231436 0.35234662 0.43545099 0.60206407 0.60208142
 0.78135414 0.8623834  0.92554167 0.92554628 1.11253441 1.11253567
 1.29210102 1.29913726 1.29914585 1.33024237 1.53474233 1.53476244
 1.74207774 1.74208357 1.89753052 3.84121964]
  22 ( 0.250  0.250  0.500)   [-0.17838909 -0.01964481  0.07347269  0.16432186] [0.29003111 0.39512668 0.41719119 0.4202125  0.5711241  0.62237666
 0.75807655 0.89671742 0.9211071  0.92518681 0.99330707 1.02021142
 1.1353935  1.19915999 1.32506541 1.35035338 1.38332888 1.42898939
 1.46324346 1.67063993 2.86539658 3.8044335 ]
  23 ( 0.250  0.250  0.750)   [-0.15591039 -0.05119009  0.07911042  0.13049068] [0.26680714 0.37716093 0.42831664 0.45139074 0.62457004 0.70596069
 0.71428695 0.78604679 0.92976894 0.94832505 1.014926   1.05016953
 1.11022924 1.16634464 1.23892399 1.24352036 1.35674199 1.38914102
 1.54706119 1.80660802 2.64933262 3.81225555]
  24 ( 0.250  0.500 -0.000)   [-0.15589103 -0.05123688  0.07911558  0.13050921] [0.26684268 0.37713611 0.42832435 0.45139869 0.62455502 0.70595909
 0.71426568 0.78603147 0.92976773 0.94832143 1.0149163  1.05018595
 1.11022377 1.16635693 1.2389362  1.24352819 1.35675265 1.38913078
 1.54706548 1.80659783 2.64934207 3.81225081]
  25 ( 0.250  0.500  0.250)   [-0.1783783  -0.01968545  0.07347644  0.16434816] [0.29007362 0.39511169 0.41718074 0.42021317 0.57113402 0.62234797
 0.75802914 0.89672612 0.92111465 0.92518857 0.99331044 1.02021532
 1.1354158  1.19914879 1.32505858 1.35037689 1.38333312 1.42899208
 1.46324622 1.67062654 2.86538796 3.80443219]
  26 ( 0.250  0.500  0.500)   [-0.15589103 -0.05123688  0.07911558  0.13050921] [0.26684268 0.37713611 0.42832435 0.45139869 0.62455502 0.70595909
 0.71426568 0.78603147 0.92976773 0.94832143 1.0149163  1.05018595
 1.11022377 1.16635693 1.2389362  1.24352819 1.35675265 1.38913078
 1.54706548 1.80659783 2.64934207 3.81225081]
  27 ( 0.250  0.500  0.750)   [-0.10169931 -0.10165584  0.07197153  0.07199333] [0.38094512 0.3809759  0.39280158 0.39282918 0.64502615 0.6450418
 0.78837227 0.7883753  0.97547728 0.97549716 1.0469087  1.04691703
 1.0779773  1.07798312 1.21039272 1.21039899 1.28196347 1.28198324
 1.55273211 1.55273601 3.28579342 3.28579812]
  28 ( 0.250  0.750 -0.000)   [-0.1783783  -0.01968545  0.07347644  0.16434816] [0.29007362 0.39511169 0.41718074 0.42021317 0.57113402 0.62234797
 0.75802914 0.89672612 0.92111465 0.92518857 0.99331044 1.02021532
 1.1354158  1.19914879 1.32505858 1.35037689 1.38333312 1.42899208
 1.46324622 1.67062654 2.86538796 3.80443219]
  29 ( 0.250  0.750  0.250)   [-0.15589103 -0.05123688  0.07911558  0.13050921] [0.26684268 0.37713611 0.42832435 0.45139869 0.62455502 0.70595909
 0.71426568 0.78603147 0.92976773 0.94832143 1.0149163  1.05018595
 1.11022377 1.16635693 1.2389362  1.24352819 1.35675265 1.38913078
 1.54706548 1.80659783 2.64934207 3.81225081]
  30 ( 0.250  0.750  0.500)   [-0.10169931 -0.10165584  0.07197153  0.07199333] [0.38094512 0.3809759  0.39280158 0.39282918 0.64502615 0.6450418
 0.78837227 0.7883753  0.97547728 0.97549716 1.0469087  1.04691703
 1.0779773  1.07798312 1.21039272 1.21039899 1.28196347 1.28198324
 1.55273211 1.55273601 3.28579342 3.28579812]
  31 ( 0.250  0.750  0.750)   [-0.15589103 -0.05123688  0.07911558  0.13050921] [0.26684268 0.37713611 0.42832435 0.45139869 0.62455502 0.70595909
 0.71426568 0.78603147 0.92976773 0.94832143 1.0149163  1.05018595
 1.11022377 1.16635693 1.2389362  1.24352819 1.35675265 1.38913078
 1.54706548 1.80659783 2.64934207 3.81225081]
  32 ( 0.500  0.000  0.000)   [-0.17048032 -0.0613496   0.16833929  0.16838527] [0.22364677 0.35662316 0.35666911 0.54866518 0.65695645 0.7210607
 0.72108071 0.75170935 0.7517488  0.84115496 1.06531558 1.19698474
 1.19701819 1.25408512 1.25410881 1.34641944 1.48168999 1.48171332
 1.61473324 1.61474893 1.88121144 4.17241563]
  33 ( 0.500  0.000  0.250)   [-0.15588997 -0.05124424  0.07914859  0.13048729] [0.26680275 0.37716264 0.42834946 0.45141873 0.62454078 0.70593702
 0.71424399 0.78600991 0.92978207 0.94834064 1.01492196 1.05020013
 1.11022895 1.16636129 1.23892985 1.24351943 1.35672994 1.38914966
 1.5470641  1.80660833 2.64933178 3.81225095]
  34 ( 0.500  0.000  0.500)   [-0.1055849  -0.10554327  0.10546095  0.10547827] [0.23908484 0.23912028 0.5730097  0.57301462 0.70176649 0.70177807
 0.71863224 0.71865257 0.83384143 0.83385911 1.07710008 1.07711219
 1.14970751 1.14972158 1.23700821 1.23703954 1.27151323 1.27153356
 2.04692416 2.04693842 2.84885197 2.84886935]
  35 ( 0.500 -0.000  0.750)   [-0.15588997 -0.05124424  0.07914859  0.13048729] [0.26680275 0.37716264 0.42834946 0.45141873 0.62454078 0.70593702
 0.71424399 0.78600991 0.92978207 0.94834064 1.01492196 1.05020013
 1.11022895 1.16636129 1.23892985 1.24351943 1.35672994 1.38914966
 1.5470641  1.80660833 2.64933178 3.81225095]
  36 ( 0.500  0.250  0.000)   [-0.15589103 -0.05123688  0.07911558  0.13050921] [0.26684268 0.37713611 0.42832435 0.45139869 0.62455502 0.70595909
 0.71426568 0.78603147 0.92976773 0.94832143 1.0149163  1.05018595
 1.11022377 1.16635693 1.2389362  1.24352819 1.35675265 1.38913078
 1.54706548 1.80659783 2.64934207 3.81225081]
  37 ( 0.500  0.250  0.250)   [-0.1783783  -0.01968545  0.07347644  0.16434816] [0.29007362 0.39511169 0.41718074 0.42021317 0.57113402 0.62234797
 0.75802914 0.89672612 0.92111465 0.92518857 0.99331044 1.02021532
 1.1354158  1.19914879 1.32505858 1.35037689 1.38333312 1.42899208
 1.46324622 1.67062654 2.86538796 3.80443219]
  38 ( 0.500  0.250  0.500)   [-0.15589103 -0.05123688  0.07911558  0.13050921] [0.26684268 0.37713611 0.42832435 0.45139869 0.62455502 0.70595909
 0.71426568 0.78603147 0.92976773 0.94832143 1.0149163  1.05018595
 1.11022377 1.16635693 1.2389362  1.24352819 1.35675265 1.38913078
 1.54706548 1.80659783 2.64934207 3.81225081]
  39 ( 0.500  0.250  0.750)   [-0.10169931 -0.10165584  0.07197153  0.07199333] [0.38094512 0.3809759  0.39280158 0.39282918 0.64502615 0.6450418
 0.78837227 0.7883753  0.97547728 0.97549716 1.0469087  1.04691703
 1.0779773  1.07798312 1.21039272 1.21039899 1.28196347 1.28198324
 1.55273211 1.55273601 3.28579342 3.28579812]
  40 ( 0.500  0.500  0.000)   [-0.1055849  -0.10554327  0.10546095  0.10547827] [0.23908484 0.23912028 0.5730097  0.57301462 0.70176649 0.70177807
 0.71863224 0.71865257 0.83384143 0.83385911 1.07710008 1.07711219
 1.14970751 1.14972158 1.23700821 1.23703954 1.27151323 1.27153356
 2.04692416 2.04693842 2.84885197 2.84886935]
  41 ( 0.500  0.500  0.250)   [-0.15588997 -0.05124424  0.07914859  0.13048729] [0.26680275 0.37716264 0.42834946 0.45141873 0.62454078 0.70593702
 0.71424399 0.78600991 0.92978207 0.94834064 1.01492196 1.05020013
 1.11022895 1.16636129 1.23892985 1.24351943 1.35672994 1.38914966
 1.5470641  1.80660833 2.64933178 3.81225095]
  42 ( 0.500  0.500  0.500)   [-0.17048032 -0.0613496   0.16833929  0.16838527] [0.22364677 0.35662316 0.35666911 0.54866518 0.65695645 0.7210607
 0.72108071 0.75170935 0.7517488  0.84115496 1.06531558 1.19698474
 1.19701819 1.25408512 1.25410881 1.34641944 1.48168999 1.48171332
 1.61473324 1.61474893 1.88121144 4.17241563]
  43 ( 0.500  0.500  0.750)   [-0.15588997 -0.05124424  0.07914859  0.13048729] [0.26680275 0.37716264 0.42834946 0.45141873 0.62454078 0.70593702
 0.71424399 0.78600991 0.92978207 0.94834064 1.01492196 1.05020013
 1.11022895 1.16636129 1.23892985 1.24351943 1.35672994 1.38914966
 1.5470641  1.80660833 2.64933178 3.81225095]
  44 ( 0.500  0.750 -0.000)   [-0.15589103 -0.05123688  0.07911558  0.13050921] [0.26684268 0.37713611 0.42832435 0.45139869 0.62455502 0.70595909
 0.71426568 0.78603147 0.92976773 0.94832143 1.0149163  1.05018595
 1.11022377 1.16635693 1.2389362  1.24352819 1.35675265 1.38913078
 1.54706548 1.80659783 2.64934207 3.81225081]
  45 ( 0.500  0.750  0.250)   [-0.10169931 -0.10165584  0.07197153  0.07199333] [0.38094512 0.3809759  0.39280158 0.39282918 0.64502615 0.6450418
 0.78837227 0.7883753  0.97547728 0.97549716 1.0469087  1.04691703
 1.0779773  1.07798312 1.21039272 1.21039899 1.28196347 1.28198324
 1.55273211 1.55273601 3.28579342 3.28579812]
  46 ( 0.500  0.750  0.500)   [-0.15589103 -0.05123688  0.07911558  0.13050921] [0.26684268 0.37713611 0.42832435 0.45139869 0.62455502 0.70595909
 0.71426568 0.78603147 0.92976773 0.94832143 1.0149163  1.05018595
 1.11022377 1.16635693 1.2389362  1.24352819 1.35675265 1.38913078
 1.54706548 1.80659783 2.64934207 3.81225081]
  47 ( 0.500  0.750  0.750)   [-0.1783783  -0.01968545  0.07347644  0.16434816] [0.29007362 0.39511169 0.41718074 0.42021317 0.57113402 0.62234797
 0.75802914 0.89672612 0.92111465 0.92518857 0.99331044 1.02021532
 1.1354158  1.19914879 1.32505858 1.35037689 1.38333312 1.42899208
 1.46324622 1.67062654 2.86538796 3.80443219]
  48 ( 0.750  0.000  0.000)   [-0.21993843  0.04564699  0.18737463  0.18742101] [0.24398035 0.35231436 0.35234662 0.43545099 0.60206407 0.60208142
 0.78135414 0.8623834  0.92554167 0.92554628 1.11253441 1.11253567
 1.29210102 1.29913726 1.29914585 1.33024237 1.53474233 1.53476244
 1.74207774 1.74208357 1.89753052 3.84121964]
  49 ( 0.750  0.000  0.250)   [-0.17838909 -0.01964481  0.07347269  0.16432186] [0.29003111 0.39512668 0.41719119 0.4202125  0.5711241  0.62237666
 0.75807655 0.89671742 0.9211071  0.92518681 0.99330707 1.02021142
 1.1353935  1.19915999 1.32506541 1.35035338 1.38332888 1.42898939
 1.46324346 1.67063993 2.86539658 3.8044335 ]
  50 ( 0.750  0.000  0.500)   [-0.15591039 -0.05119009  0.07911042  0.13049068] [0.26680714 0.37716093 0.42831664 0.45139074 0.62457004 0.70596069
 0.71428695 0.78604679 0.92976894 0.94832505 1.014926   1.05016953
 1.11022924 1.16634464 1.23892399 1.24352036 1.35674199 1.38914102
 1.54706119 1.80660802 2.64933262 3.81225555]
  51 ( 0.750  0.000  0.750)   [-0.21028417  0.04754353  0.14371777  0.14373842] [0.25351315 0.32500041 0.43529593 0.4352984  0.55501402 0.66351885
 0.77402347 0.87325634 0.87326152 1.02462946 1.06081254 1.0608213
 1.10982718 1.17922846 1.29070948 1.4056176  1.43650922 1.43652786
 2.03234459 2.0323451  2.41223384 3.14754924]
  52 ( 0.750  0.250  0.000)   [-0.1783783  -0.01968545  0.07347644  0.16434816] [0.29007362 0.39511169 0.41718074 0.42021317 0.57113402 0.62234797
 0.75802914 0.89672612 0.92111465 0.92518857 0.99331044 1.02021532
 1.1354158  1.19914879 1.32505858 1.35037689 1.38333312 1.42899208
 1.46324622 1.67062654 2.86538796 3.80443219]
  53 ( 0.750  0.250  0.250)   [-0.15589103 -0.05123688  0.07911558  0.13050921] [0.26684268 0.37713611 0.42832435 0.45139869 0.62455502 0.70595909
 0.71426568 0.78603147 0.92976773 0.94832143 1.0149163  1.05018595
 1.11022377 1.16635693 1.2389362  1.24352819 1.35675265 1.38913078
 1.54706548 1.80659783 2.64934207 3.81225081]
  54 ( 0.750  0.250  0.500)   [-0.10169931 -0.10165584  0.07197153  0.07199333] [0.38094512 0.3809759  0.39280158 0.39282918 0.64502615 0.6450418
 0.78837227 0.7883753  0.97547728 0.97549716 1.0469087  1.04691703
 1.0779773  1.07798312 1.21039272 1.21039899 1.28196347 1.28198324
 1.55273211 1.55273601 3.28579342 3.28579812]
  55 ( 0.750  0.250  0.750)   [-0.15589103 -0.05123688  0.07911558  0.13050921] [0.26684268 0.37713611 0.42832435 0.45139869 0.62455502 0.70595909
 0.71426568 0.78603147 0.92976773 0.94832143 1.0149163  1.05018595
 1.11022377 1.16635693 1.2389362  1.24352819 1.35675265 1.38913078
 1.54706548 1.80659783 2.64934207 3.81225081]
  56 ( 0.750  0.500  0.000)   [-0.15589103 -0.05123688  0.07911558  0.13050921] [0.26684268 0.37713611 0.42832435 0.45139869 0.62455502 0.70595909
 0.71426568 0.78603147 0.92976773 0.94832143 1.0149163  1.05018595
 1.11022377 1.16635693 1.2389362  1.24352819 1.35675265 1.38913078
 1.54706548 1.80659783 2.64934207 3.81225081]
  57 ( 0.750  0.500  0.250)   [-0.10169931 -0.10165584  0.07197153  0.07199333] [0.38094512 0.3809759  0.39280158 0.39282918 0.64502615 0.6450418
 0.78837227 0.7883753  0.97547728 0.97549716 1.0469087  1.04691703
 1.0779773  1.07798312 1.21039272 1.21039899 1.28196347 1.28198324
 1.55273211 1.55273601 3.28579342 3.28579812]
  58 ( 0.750  0.500  0.500)   [-0.15589103 -0.05123688  0.07911558  0.13050921] [0.26684268 0.37713611 0.42832435 0.45139869 0.62455502 0.70595909
 0.71426568 0.78603147 0.92976773 0.94832143 1.0149163  1.05018595
 1.11022377 1.16635693 1.2389362  1.24352819 1.35675265 1.38913078
 1.54706548 1.80659783 2.64934207 3.81225081]
  59 ( 0.750  0.500  0.750)   [-0.1783783  -0.01968545  0.07347644  0.16434816] [0.29007362 0.39511169 0.41718074 0.42021317 0.57113402 0.62234797
 0.75802914 0.89672612 0.92111465 0.92518857 0.99331044 1.02021532
 1.1354158  1.19914879 1.32505858 1.35037689 1.38333312 1.42899208
 1.46324622 1.67062654 2.86538796 3.80443219]
  60 ( 0.750  0.750  0.000)   [-0.21028417  0.04754353  0.14371777  0.14373842] [0.25351315 0.32500041 0.43529593 0.4352984  0.55501402 0.66351885
 0.77402348 0.87325634 0.87326152 1.02462946 1.06081254 1.0608213
 1.10982718 1.17922846 1.29070948 1.4056176  1.43650922 1.43652786
 2.03234459 2.0323451  2.41223384 3.14754924]
  61 ( 0.750  0.750  0.250)   [-0.15591039 -0.05119009  0.07911042  0.13049068] [0.26680714 0.37716093 0.42831664 0.45139074 0.62457004 0.70596069
 0.71428695 0.78604679 0.92976894 0.94832505 1.014926   1.05016953
 1.11022924 1.16634464 1.23892399 1.24352036 1.35674199 1.38914102
 1.54706119 1.80660802 2.64933262 3.81225555]
  62 ( 0.750  0.750  0.500)   [-0.17838909 -0.01964481  0.07347269  0.16432186] [0.29003111 0.39512668 0.41719119 0.4202125  0.5711241  0.62237666
 0.75807655 0.89671742 0.9211071  0.92518681 0.99330707 1.02021142
 1.1353935  1.19915999 1.32506541 1.35035338 1.38332888 1.42898939
 1.46324346 1.67063993 2.86539658 3.8044335 ]
  63 ( 0.750  0.750  0.750)   [-0.21993843  0.04564699  0.18737463  0.18742101] [0.24398035 0.35231436 0.35234662 0.43545099 0.60206407 0.60208142
 0.78135414 0.8623834  0.92554167 0.92554628 1.11253441 1.11253567
 1.29210102 1.29913726 1.29914585 1.33024237 1.53474233 1.53476244
 1.74207774 1.74208357 1.89753052 3.84121964]
nelec by numeric integration = 8.000000000000393
    CPU time for vxc     17.91 sec, wall time     15.70 sec
    CPU time for vj and vk     30.31 sec, wall time     27.54 sec
E1 = (1.9832291219595122+5.884761401049252e-19j)  Ecoul = 0.5829588415333962  Exc = -2.3333509062139384
cycle= 4 E= -7.82816192409476  delta_E= -2.86e-07  |g|= 0.00173  |ddm|= 0.0152
    CPU time for cycle= 4     48.66 sec, wall time     43.39 sec
HOMO = 0.220427736973  LUMO = 0.223450422066
     k-point                  mo_energy
   0 ( 0.000  0.000  0.000)   [-0.24671727  0.22042772  0.22042772  0.22042774] [0.22345042 0.31154012 0.31154012 0.31154145 0.60917887 0.60917887
 0.89066282 0.89066282 0.89066408 1.18538356 1.20741058 1.20741058
 1.20741063 1.28971768 1.28971768 1.64645445 1.6464546  1.6464546
 1.65415916 1.65415916 1.65415979 2.89535419]
   1 (-0.000 -0.000  0.250)   [-0.21992857  0.04566918  0.18740584  0.18740584] [0.24397886 0.35233423 0.35233423 0.43547093 0.60208436 0.60208436
 0.78136456 0.86239012 0.92555724 0.92555724 1.11254175 1.11254175
 1.29212117 1.29914859 1.29914859 1.33024349 1.53475978 1.53475978
 1.74208504 1.74208504 1.8975308  3.84122761]
   2 (-0.000 -0.000  0.500)   [-0.17047538 -0.06132372  0.16837109  0.16837109] [0.22364672 0.35664656 0.35664656 0.54867006 0.65697437 0.72108411
 0.72108411 0.75174398 0.75174398 0.84117488 1.06532632 1.19700896
 1.19700896 1.25409855 1.25409855 1.34642424 1.48170989 1.48170989
 1.61474967 1.61474967 1.88120928 4.17242218]
   3 (-0.000 -0.000  0.750)   [-0.21992857  0.04566918  0.18740584  0.18740584] [0.24397886 0.35233423 0.35233423 0.43547093 0.60208436 0.60208436
 0.78136456 0.86239012 0.92555724 0.92555724 1.11254175 1.11254175
 1.29212117 1.29914859 1.29914859 1.33024349 1.53475978 1.53475978
 1.74208504 1.74208504 1.8975308  3.84122761]
   4 ( 0.000  0.250 -0.000)   [-0.2199286   0.04566948  0.18740582  0.18740606] [0.24397733 0.35233429 0.35233529 0.43547097 0.6020844  0.60208446
 0.78136394 0.86238939 0.92555731 0.92555805 1.11254156 1.11254195
 1.29212139 1.29914847 1.29914851 1.33024296 1.5347596  1.53475978
 1.74208541 1.74208573 1.89753096 3.84122736]
   5 ( 0.000  0.250  0.250)   [-0.21027309  0.04755675  0.14373796  0.14373821] [0.25351724 0.32500833 0.43530603 0.43530673 0.55502414 0.6635272
 0.77403075 0.87326859 0.87326933 1.02463896 1.06082368 1.06082374
 1.10983791 1.17923991 1.29071403 1.40563071 1.43652934 1.43652943
 2.03234989 2.03235054 2.41223787 3.14755258]
   6 (-0.000  0.250  0.500)   [-0.15588361 -0.05121548  0.0791306   0.13050892] [0.2668283  0.37715627 0.42833629 0.45140883 0.62456508 0.70596316
 0.71427692 0.78603957 0.92977925 0.94833694 1.01492978 1.05019609
 1.11023707 1.16636222 1.23893975 1.24353188 1.3567544  1.38914784
 1.54707157 1.80660862 2.64934091 3.81225664]
   7 (-0.000  0.250  0.750)   [-0.17837209 -0.01965315  0.07348202  0.16434597] [0.29005905 0.39512557 0.41719524 0.42021957 0.57113704 0.62237127
 0.7580637  0.89672957 0.92112089 0.92519549 0.99331919 1.02022413
 1.1354139  1.19916683 1.32506648 1.35037723 1.3833363  1.42899529
 1.4632565  1.67063996 2.86539673 3.80443711]
   8 ( 0.000  0.500 -0.000)   [-0.17047557 -0.06132329  0.16837106  0.16837136] [0.22364533 0.35664667 0.35664752 0.54866933 0.65697415 0.72108379
 0.7210845  0.75174424 0.75174444 0.84117517 1.06532601 1.19700896
 1.19700963 1.25409783 1.25409805 1.34642341 1.48170986 1.48171002
 1.61475011 1.61475036 1.88120916 4.17242195]
   9 ( 0.000  0.500  0.250)   [-0.15588374 -0.05121509  0.07913024  0.13050892] [0.26682844 0.37715619 0.42833595 0.45140889 0.62456528 0.70596311
 0.71427725 0.7860397  0.92977933 0.94833665 1.01492979 1.05019603
 1.11023712 1.16636192 1.2389398  1.24353157 1.35675447 1.38914807
 1.54707159 1.80660874 2.6493411  3.8122564 ]
  10 ( 0.000  0.500  0.500)   [-0.10555221 -0.10555176  0.10547884  0.10547911] [0.23910554 0.23910573 0.57302121 0.5730222  0.70178377 0.70178387
 0.71865193 0.71865211 0.83385944 0.83385978 1.07711425 1.07711455
 1.1497198  1.14972015 1.23703572 1.23703596 1.27153499 1.27153509
 2.04693671 2.04693768 2.84886425 2.84886446]
  11 (-0.000  0.500  0.750)   [-0.15588374 -0.05121509  0.07913024  0.13050892] [0.26682844 0.37715619 0.42833595 0.45140889 0.62456528 0.70596311
 0.71427725 0.7860397  0.92977933 0.94833665 1.01492979 1.05019603
 1.11023712 1.16636192 1.2389398  1.24353157 1.35675447 1.38914807
 1.54707159 1.80660874 2.6493411  3.8122564 ]
  12 ( 0.000  0.750 -0.000)   [-0.2199286   0.04566948  0.18740582  0.18740606] [0.24397733 0.35233429 0.35233529 0.43547097 0.6020844  0.60208446
 0.78136394 0.86238939 0.92555731 0.92555805 1.11254156 1.11254195
 1.29212139 1.29914847 1.29914851 1.33024296 1.5347596  1.53475978
 1.74208541 1.74208573 1.89753096 3.84122736]
  13 ( 0.000  0.750  0.250)   [-0.17837209 -0.01965315  0.07348202  0.16434597] [0.29005905 0.39512557 0.41719524 0.42021957 0.57113704 0.62237127
 0.7580637  0.89672957 0.92112089 0.92519549 0.99331919 1.02022413
 1.1354139  1.19916683 1.32506648 1.35037723 1.3833363  1.42899529
 1.4632565  1.67063996 2.86539673 3.80443711]
  14 ( 0.000  0.750  0.500)   [-0.15588361 -0.05121548  0.0791306   0.13050892] [0.2668283  0.37715627 0.42833629 0.45140883 0.62456508 0.70596316
 0.71427692 0.78603957 0.92977925 0.94833694 1.01492978 1.05019609
 1.11023707 1.16636222 1.23893975 1.24353188 1.3567544  1.38914784
 1.54707157 1.80660862 2.64934091 3.81225664]
  15 ( 0.000  0.750  0.750)   [-0.21027309  0.04755675  0.14373796  0.14373821] [0.25351724 0.32500833 0.43530603 0.43530673 0.55502414 0.6635272
 0.77403075 0.87326859 0.87326933 1.02463896 1.06082368 1.06082374
 1.10983791 1.17923991 1.29071403 1.40563071 1.43652934 1.43652943
 2.03234989 2.03235054 2.41223787 3.14755258]
  16 ( 0.250  0.000  0.000)   [-0.2199286   0.04566948  0.18740582  0.18740606] [0.24397733 0.35233429 0.35233529 0.43547097 0.6020844  0.60208446
 0.78136394 0.86238939 0.92555731 0.92555805 1.11254156 1.11254195
 1.29212139 1.29914847 1.29914851 1.33024296 1.5347596  1.53475978
 1.74208541 1.74208573 1.89753096 3.84122736]
  17 ( 0.250  0.000  0.250)   [-0.21027309  0.04755675  0.14373796  0.14373821] [0.25351724 0.32500833 0.43530603 0.43530673 0.55502414 0.6635272
 0.77403075 0.87326859 0.87326933 1.02463896 1.06082368 1.06082374
 1.10983791 1.17923991 1.29071403 1.40563071 1.43652934 1.43652943
 2.03234989 2.03235054 2.41223787 3.14755258]
  18 ( 0.250 -0.000  0.500)   [-0.15588361 -0.05121548  0.0791306   0.13050892] [0.2668283  0.37715627 0.42833629 0.45140883 0.62456508 0.70596316
 0.71427692 0.78603957 0.92977925 0.94833694 1.01492978 1.05019609
 1.11023707 1.16636222 1.23893975 1.24353188 1.3567544  1.38914784
 1.54707157 1.80660862 2.64934091 3.81225664]
  19 ( 0.250 -0.000  0.750)   [-0.17837209 -0.01965315  0.07348202  0.16434597] [0.29005905 0.39512557 0.41719524 0.42021957 0.57113704 0.62237127
 0.7580637  0.89672957 0.92112089 0.92519549 0.99331919 1.02022413
 1.1354139  1.19916683 1.32506648 1.35037723 1.3833363  1.42899529
 1.4632565  1.67063996 2.86539673 3.80443711]
  20 ( 0.250  0.250  0.000)   [-0.21027309  0.04755675  0.14373796  0.14373821] [0.25351724 0.32500833 0.43530603 0.43530673 0.55502414 0.6635272
 0.77403075 0.87326859 0.87326933 1.02463896 1.06082368 1.06082374
 1.10983791 1.17923991 1.29071403 1.40563071 1.43652934 1.43652943
 2.03234989 2.03235054 2.41223787 3.14755258]
  21 ( 0.250  0.250  0.250)   [-0.2199286   0.04566948  0.18740582  0.18740606] [0.24397733 0.35233429 0.35233529 0.43547097 0.6020844  0.60208446
 0.78136394 0.86238939 0.92555731 0.92555805 1.11254156 1.11254195
 1.29212139 1.29914847 1.29914851 1.33024296 1.5347596  1.53475978
 1.74208541 1.74208573 1.89753096 3.84122736]
  22 ( 0.250  0.250  0.500)   [-0.17837209 -0.01965315  0.07348202  0.16434597] [0.29005905 0.39512557 0.41719524 0.42021957 0.57113704 0.62237127
 0.7580637  0.89672957 0.92112089 0.92519549 0.99331919 1.02022413
 1.1354139  1.19916683 1.32506648 1.35037723 1.3833363  1.42899529
 1.4632565  1.67063996 2.86539673 3.80443711]
  23 ( 0.250  0.250  0.750)   [-0.15588361 -0.05121548  0.0791306   0.13050892] [0.2668283  0.37715627 0.42833629 0.45140883 0.62456508 0.70596316
 0.71427692 0.78603957 0.92977925 0.94833694 1.01492978 1.05019609
 1.11023707 1.16636222 1.23893975 1.24353188 1.3567544  1.38914784
 1.54707157 1.80660862 2.64934091 3.81225664]
  24 ( 0.250  0.500 -0.000)   [-0.15588374 -0.05121509  0.07913011  0.13050918] [0.26682809 0.3771564  0.42833567 0.45140959 0.62456473 0.70596335
 0.71427693 0.7860398  0.92977922 0.94833668 1.01492973 1.05019627
 1.11023715 1.1663622  1.2389397  1.24353138 1.35675438 1.3891481
 1.54707107 1.80660932 2.64934117 3.81225635]
  25 ( 0.250  0.500  0.250)   [-0.17837217 -0.01965273  0.07348152  0.16434619] [0.29005856 0.39512647 0.41719518 0.42021914 0.57113701 0.62237126
 0.75806413 0.89672946 0.92112055 0.92519495 0.99331959 1.02022434
 1.13541377 1.19916671 1.32506603 1.35037711 1.38333637 1.42899548
 1.46325648 1.67064054 2.86539694 3.80443692]
  26 ( 0.250  0.500  0.500)   [-0.15588374 -0.05121509  0.07913011  0.13050918] [0.26682809 0.3771564  0.42833567 0.45140959 0.62456473 0.70596335
 0.71427693 0.7860398  0.92977922 0.94833668 1.01492973 1.05019627
 1.11023715 1.1663622  1.2389397  1.24353138 1.35675438 1.3891481
 1.54707107 1.80660932 2.64934117 3.81225635]
  27 ( 0.250  0.500  0.750)   [-0.10166531 -0.10166493  0.07198932  0.07198977] [0.38096783 0.38096854 0.39282041 0.39282078 0.6450443  0.64504461
 0.78838413 0.78838414 0.97549716 0.97549749 1.04692146 1.04692152
 1.07799127 1.07799141 1.21040164 1.21040173 1.28198219 1.28198233
 1.55274163 1.55274198 3.28579986 3.28580014]
  28 ( 0.250  0.750 -0.000)   [-0.17837217 -0.01965273  0.07348152  0.16434619] [0.29005856 0.39512647 0.41719518 0.42021914 0.57113701 0.62237126
 0.75806413 0.89672946 0.92112055 0.92519495 0.99331959 1.02022434
 1.13541377 1.19916671 1.32506603 1.35037711 1.38333637 1.42899548
 1.46325648 1.67064054 2.86539694 3.80443692]
  29 ( 0.250  0.750  0.250)   [-0.15588374 -0.05121509  0.07913011  0.13050918] [0.26682809 0.3771564  0.42833567 0.45140959 0.62456473 0.70596335
 0.71427693 0.7860398  0.92977922 0.94833668 1.01492973 1.05019627
 1.11023715 1.1663622  1.2389397  1.24353138 1.35675438 1.3891481
 1.54707107 1.80660932 2.64934117 3.81225635]
  30 ( 0.250  0.750  0.500)   [-0.10166531 -0.10166493  0.07198932  0.07198977] [0.38096783 0.38096854 0.39282041 0.39282078 0.6450443  0.64504461
 0.78838413 0.78838414 0.97549716 0.97549749 1.04692146 1.04692152
 1.07799127 1.07799141 1.21040164 1.21040173 1.28198219 1.28198233
 1.55274163 1.55274198 3.28579986 3.28580015]
  31 ( 0.250  0.750  0.750)   [-0.15588374 -0.05121509  0.07913011  0.13050918] [0.26682809 0.3771564  0.42833567 0.45140959 0.62456473 0.70596335
 0.71427693 0.7860398  0.92977922 0.94833668 1.01492973 1.05019627
 1.11023715 1.1663622  1.2389397  1.24353138 1.35675438 1.3891481
 1.54707107 1.80660932 2.64934117 3.81225635]
  32 ( 0.500  0.000  0.000)   [-0.17047557 -0.06132329  0.16837106  0.16837136] [0.22364533 0.35664667 0.35664752 0.54866933 0.65697415 0.72108379
 0.7210845  0.75174424 0.75174444 0.84117517 1.06532601 1.19700896
 1.19700963 1.25409783 1.25409805 1.34642341 1.48170986 1.48171002
 1.61475011 1.61475036 1.88120916 4.17242195]
  33 ( 0.500  0.000  0.250)   [-0.15588374 -0.05121509  0.07913024  0.13050892] [0.26682844 0.37715619 0.42833595 0.45140889 0.62456528 0.70596311
 0.71427725 0.7860397  0.92977933 0.94833665 1.01492979 1.05019603
 1.11023712 1.16636192 1.2389398  1.24353157 1.35675447 1.38914807
 1.54707159 1.80660874 2.6493411  3.8122564 ]
  34 ( 0.500  0.000  0.500)   [-0.10555221 -0.10555176  0.10547884  0.10547911] [0.23910554 0.23910573 0.57302121 0.5730222  0.70178377 0.70178387
 0.71865193 0.71865211 0.83385944 0.83385978 1.07711425 1.07711455
 1.1497198  1.14972015 1.23703572 1.23703596 1.27153499 1.27153509
 2.04693671 2.04693768 2.84886425 2.84886446]
  35 ( 0.500 -0.000  0.750)   [-0.15588374 -0.05121509  0.07913024  0.13050892] [0.26682844 0.37715619 0.42833595 0.45140889 0.62456528 0.70596311
 0.71427725 0.7860397  0.92977933 0.94833665 1.01492979 1.05019603
 1.11023712 1.16636192 1.2389398  1.24353157 1.35675447 1.38914807
 1.54707159 1.80660874 2.6493411  3.8122564 ]
  36 ( 0.500  0.250  0.000)   [-0.15588374 -0.05121509  0.07913011  0.13050918] [0.26682809 0.3771564  0.42833567 0.45140959 0.62456473 0.70596335
 0.71427693 0.7860398  0.92977922 0.94833668 1.01492973 1.05019627
 1.11023715 1.1663622  1.2389397  1.24353138 1.35675438 1.3891481
 1.54707107 1.80660932 2.64934117 3.81225635]
  37 ( 0.500  0.250  0.250)   [-0.17837217 -0.01965273  0.07348152  0.16434619] [0.29005856 0.39512647 0.41719518 0.42021914 0.57113701 0.62237126
 0.75806413 0.89672946 0.92112055 0.92519495 0.99331959 1.02022434
 1.13541377 1.19916671 1.32506603 1.35037711 1.38333637 1.42899548
 1.46325648 1.67064054 2.86539694 3.80443692]
  38 ( 0.500  0.250  0.500)   [-0.15588374 -0.05121509  0.07913011  0.13050918] [0.26682809 0.3771564  0.42833567 0.45140959 0.62456473 0.70596335
 0.71427693 0.7860398  0.92977922 0.94833668 1.01492973 1.05019627
 1.11023715 1.1663622  1.2389397  1.24353138 1.35675438 1.3891481
 1.54707107 1.80660932 2.64934117 3.81225635]
  39 ( 0.500  0.250  0.750)   [-0.10166531 -0.10166493  0.07198932  0.07198977] [0.38096783 0.38096854 0.39282041 0.39282078 0.6450443  0.64504461
 0.78838413 0.78838414 0.97549716 0.97549749 1.04692146 1.04692152
 1.07799127 1.07799141 1.21040164 1.21040173 1.28198219 1.28198233
 1.55274163 1.55274198 3.28579986 3.28580014]
  40 ( 0.500  0.500  0.000)   [-0.10555221 -0.10555176  0.10547884  0.10547911] [0.23910554 0.23910573 0.57302121 0.5730222  0.70178377 0.70178387
 0.71865193 0.71865211 0.83385944 0.83385978 1.07711425 1.07711455
 1.1497198  1.14972015 1.23703572 1.23703596 1.27153499 1.27153509
 2.04693671 2.04693768 2.84886425 2.84886446]
  41 ( 0.500  0.500  0.250)   [-0.15588374 -0.05121509  0.07913024  0.13050892] [0.26682844 0.37715619 0.42833595 0.45140889 0.62456528 0.70596311
 0.71427725 0.7860397  0.92977933 0.94833665 1.01492979 1.05019603
 1.11023712 1.16636192 1.2389398  1.24353157 1.35675447 1.38914807
 1.54707159 1.80660874 2.6493411  3.8122564 ]
  42 ( 0.500  0.500  0.500)   [-0.17047557 -0.06132329  0.16837106  0.16837136] [0.22364533 0.35664667 0.35664752 0.54866933 0.65697415 0.72108379
 0.7210845  0.75174424 0.75174444 0.84117517 1.06532601 1.19700896
 1.19700963 1.25409783 1.25409805 1.34642341 1.48170986 1.48171002
 1.61475011 1.61475036 1.88120916 4.17242195]
  43 ( 0.500  0.500  0.750)   [-0.15588374 -0.05121509  0.07913024  0.13050892] [0.26682844 0.37715619 0.42833595 0.45140889 0.62456528 0.70596311
 0.71427725 0.7860397  0.92977933 0.94833665 1.01492979 1.05019603
 1.11023712 1.16636192 1.2389398  1.24353157 1.35675447 1.38914807
 1.54707159 1.80660874 2.6493411  3.8122564 ]
  44 ( 0.500  0.750 -0.000)   [-0.15588374 -0.05121509  0.07913011  0.13050918] [0.26682809 0.3771564  0.42833567 0.45140959 0.62456473 0.70596335
 0.71427693 0.7860398  0.92977922 0.94833668 1.01492973 1.05019627
 1.11023715 1.1663622  1.2389397  1.24353138 1.35675438 1.3891481
 1.54707107 1.80660932 2.64934117 3.81225635]
  45 ( 0.500  0.750  0.250)   [-0.10166531 -0.10166493  0.07198932  0.07198977] [0.38096783 0.38096854 0.39282041 0.39282078 0.6450443  0.64504461
 0.78838413 0.78838414 0.97549716 0.97549749 1.04692146 1.04692152
 1.07799127 1.07799141 1.21040164 1.21040173 1.28198219 1.28198233
 1.55274163 1.55274198 3.28579986 3.28580014]
  46 ( 0.500  0.750  0.500)   [-0.15588374 -0.05121509  0.07913011  0.13050918] [0.26682809 0.3771564  0.42833567 0.45140959 0.62456473 0.70596335
 0.71427693 0.7860398  0.92977922 0.94833668 1.01492973 1.05019627
 1.11023715 1.1663622  1.2389397  1.24353138 1.35675438 1.3891481
 1.54707107 1.80660932 2.64934117 3.81225635]
  47 ( 0.500  0.750  0.750)   [-0.17837217 -0.01965273  0.07348152  0.16434619] [0.29005856 0.39512647 0.41719518 0.42021914 0.57113701 0.62237126
 0.75806413 0.89672946 0.92112055 0.92519495 0.99331959 1.02022434
 1.13541377 1.19916671 1.32506603 1.35037711 1.38333637 1.42899548
 1.46325648 1.67064054 2.86539694 3.80443692]
  48 ( 0.750  0.000  0.000)   [-0.2199286   0.04566948  0.18740582  0.18740606] [0.24397733 0.35233429 0.35233529 0.43547097 0.6020844  0.60208446
 0.78136394 0.86238939 0.92555731 0.92555805 1.11254156 1.11254195
 1.29212139 1.29914847 1.29914851 1.33024296 1.5347596  1.53475978
 1.74208541 1.74208573 1.89753096 3.84122736]
  49 ( 0.750  0.000  0.250)   [-0.17837209 -0.01965315  0.07348202  0.16434597] [0.29005905 0.39512557 0.41719524 0.42021957 0.57113704 0.62237127
 0.7580637  0.89672957 0.92112089 0.92519549 0.99331919 1.02022413
 1.1354139  1.19916683 1.32506648 1.35037723 1.3833363  1.42899529
 1.4632565  1.67063996 2.86539673 3.80443711]
  50 ( 0.750  0.000  0.500)   [-0.15588361 -0.05121548  0.0791306   0.13050892] [0.2668283  0.37715627 0.42833629 0.45140883 0.62456508 0.70596316
 0.71427692 0.78603957 0.92977925 0.94833694 1.01492978 1.05019609
 1.11023707 1.16636222 1.23893975 1.24353188 1.3567544  1.38914784
 1.54707157 1.80660862 2.64934091 3.81225664]
  51 ( 0.750  0.000  0.750)   [-0.21027309  0.04755675  0.14373796  0.14373821] [0.25351724 0.32500833 0.43530603 0.43530673 0.55502414 0.6635272
 0.77403075 0.87326859 0.87326933 1.02463896 1.06082368 1.06082374
 1.10983791 1.17923991 1.29071403 1.40563071 1.43652934 1.43652943
 2.03234989 2.03235054 2.41223787 3.14755258]
  52 ( 0.750  0.250  0.000)   [-0.17837217 -0.01965273  0.07348152  0.16434619] [0.29005856 0.39512647 0.41719518 0.42021914 0.57113701 0.62237126
 0.75806413 0.89672946 0.92112055 0.92519495 0.99331959 1.02022434
 1.13541377 1.19916671 1.32506603 1.35037711 1.38333637 1.42899548
 1.46325648 1.67064054 2.86539694 3.80443692]
  53 ( 0.750  0.250  0.250)   [-0.15588374 -0.05121509  0.07913011  0.13050918] [0.26682809 0.3771564  0.42833567 0.45140959 0.62456473 0.70596335
 0.71427693 0.7860398  0.92977922 0.94833668 1.01492973 1.05019627
 1.11023715 1.1663622  1.2389397  1.24353138 1.35675438 1.3891481
 1.54707107 1.80660932 2.64934117 3.81225635]
  54 ( 0.750  0.250  0.500)   [-0.10166531 -0.10166493  0.07198932  0.07198977] [0.38096783 0.38096854 0.39282041 0.39282078 0.6450443  0.64504461
 0.78838413 0.78838414 0.97549716 0.97549749 1.04692146 1.04692152
 1.07799127 1.07799141 1.21040164 1.21040173 1.28198219 1.28198233
 1.55274163 1.55274198 3.28579986 3.28580015]
  55 ( 0.750  0.250  0.750)   [-0.15588374 -0.05121509  0.07913011  0.13050918] [0.26682809 0.3771564  0.42833567 0.45140959 0.62456473 0.70596335
 0.71427693 0.7860398  0.92977922 0.94833668 1.01492973 1.05019627
 1.11023715 1.1663622  1.2389397  1.24353138 1.35675438 1.3891481
 1.54707107 1.80660932 2.64934117 3.81225635]
  56 ( 0.750  0.500  0.000)   [-0.15588374 -0.05121509  0.07913011  0.13050918] [0.26682809 0.3771564  0.42833567 0.45140959 0.62456473 0.70596335
 0.71427693 0.7860398  0.92977922 0.94833668 1.01492973 1.05019627
 1.11023715 1.1663622  1.2389397  1.24353138 1.35675438 1.3891481
 1.54707107 1.80660932 2.64934117 3.81225635]
  57 ( 0.750  0.500  0.250)   [-0.10166531 -0.10166493  0.07198932  0.07198977] [0.38096783 0.38096854 0.39282041 0.39282078 0.6450443  0.64504461
 0.78838413 0.78838414 0.97549716 0.97549749 1.04692146 1.04692152
 1.07799127 1.07799141 1.21040164 1.21040173 1.28198219 1.28198233
 1.55274163 1.55274198 3.28579986 3.28580014]
  58 ( 0.750  0.500  0.500)   [-0.15588374 -0.05121509  0.07913011  0.13050918] [0.26682809 0.3771564  0.42833567 0.45140959 0.62456473 0.70596335
 0.71427693 0.7860398  0.92977922 0.94833668 1.01492973 1.05019627
 1.11023715 1.1663622  1.2389397  1.24353138 1.35675438 1.3891481
 1.54707107 1.80660932 2.64934117 3.81225635]
  59 ( 0.750  0.500  0.750)   [-0.17837217 -0.01965273  0.07348152  0.16434619] [0.29005856 0.39512647 0.41719518 0.42021914 0.57113701 0.62237126
 0.75806413 0.89672946 0.92112055 0.92519495 0.99331959 1.02022434
 1.13541377 1.19916671 1.32506603 1.35037711 1.38333637 1.42899548
 1.46325648 1.67064054 2.86539694 3.80443692]
  60 ( 0.750  0.750  0.000)   [-0.21027309  0.04755675  0.14373796  0.14373821] [0.25351724 0.32500833 0.43530603 0.43530673 0.55502414 0.6635272
 0.77403075 0.87326859 0.87326933 1.02463896 1.06082368 1.06082374
 1.10983791 1.17923991 1.29071403 1.40563071 1.43652934 1.43652943
 2.03234989 2.03235054 2.41223787 3.14755258]
  61 ( 0.750  0.750  0.250)   [-0.15588361 -0.05121548  0.0791306   0.13050892] [0.2668283  0.37715627 0.42833629 0.45140883 0.62456508 0.70596316
 0.71427692 0.78603957 0.92977925 0.94833694 1.01492978 1.05019609
 1.11023707 1.16636222 1.23893975 1.24353188 1.3567544  1.38914784
 1.54707157 1.80660862 2.64934091 3.81225664]
  62 ( 0.750  0.750  0.500)   [-0.17837209 -0.01965315  0.07348202  0.16434597] [0.29005905 0.39512557 0.41719524 0.42021957 0.57113704 0.62237127
 0.7580637  0.89672957 0.92112089 0.92519549 0.99331919 1.02022413
 1.1354139  1.19916683 1.32506648 1.35037723 1.3833363  1.42899529
 1.4632565  1.67063996 2.86539673 3.80443711]
  63 ( 0.750  0.750  0.750)   [-0.2199286   0.04566948  0.18740582  0.18740606] [0.24397733 0.35233429 0.35233529 0.43547097 0.6020844  0.60208446
 0.78136394 0.86238939 0.92555731 0.92555805 1.11254156 1.11254195
 1.29212139 1.29914847 1.29914851 1.33024296 1.5347596  1.53475978
 1.74208541 1.74208573 1.89753096 3.84122736]
nelec by numeric integration = 8.000000000000393
    CPU time for vxc     17.00 sec, wall time     14.44 sec
    CPU time for vj and vk     29.98 sec, wall time     26.95 sec
E1 = (1.983245176805325+1.2641966737770433e-19j)  Ecoul = 0.5829324130763653  Exc = -2.333340555505839
cycle= 5 E= -7.82816194699788  delta_E= -2.29e-08  |g|= 3.16e-05  |ddm|= 0.0032
    CPU time for cycle= 5     47.47 sec, wall time     41.54 sec
HOMO = 0.22042752212  LUMO = 0.223450064148
     k-point                  mo_energy
   0 ( 0.000  0.000  0.000)   [-0.24671756  0.22042722  0.22042722  0.22042752] [0.22345006 0.31154019 0.3115405  0.3115405  0.60917864 0.60917864
 0.89066279 0.89066311 0.89066311 1.18538363 1.2074103  1.2074103
 1.20741049 1.28971735 1.28971735 1.64645444 1.64645444 1.64645464
 1.65415908 1.65415922 1.65415922 2.8953543 ]
   1 (-0.000 -0.000  0.250)   [-0.21992892  0.04566929  0.18740552  0.18740552] [0.24397719 0.35233448 0.35233448 0.43547084 0.60208425 0.60208425
 0.78136394 0.8623893  0.92555737 0.92555737 1.1125415  1.1125415
 1.29212123 1.29914815 1.29914815 1.33024303 1.53475952 1.53475952
 1.74208539 1.74208539 1.89753089 3.84122739]
   2 (-0.000 -0.000  0.500)   [-0.17047599 -0.06132336  0.16837081  0.16837081] [0.22364522 0.35664683 0.35664683 0.54866937 0.65697409 0.72108392
 0.72108392 0.75174408 0.75174408 0.84117517 1.06532583 1.19700891
 1.19700891 1.25409762 1.25409762 1.34642331 1.48170991 1.48170991
 1.61475001 1.61475001 1.88120912 4.17242196]
   3 (-0.000 -0.000  0.750)   [-0.21992892  0.04566929  0.18740552  0.18740552] [0.24397719 0.35233448 0.35233448 0.43547084 0.60208425 0.60208425
 0.78136394 0.8623893  0.92555737 0.92555737 1.1125415  1.1125415
 1.29212123 1.29914815 1.29914815 1.33024303 1.53475952 1.53475952
 1.74208539 1.74208539 1.89753089 3.84122739]
   4 ( 0.000  0.250 -0.000)   [-0.21992889  0.04566903  0.18740548  0.18740567] [0.24397762 0.35233431 0.3523346  0.43547064 0.60208413 0.60208421
 0.78136399 0.86238943 0.9255572  0.92555728 1.11254152 1.11254157
 1.29212102 1.29914823 1.29914826 1.33024316 1.53475952 1.53475959
 1.7420853  1.74208538 1.89753093 3.84122736]
   5 ( 0.000  0.250  0.250)   [-0.2102734   0.04755636  0.14373776  0.14373782] [0.25351719 0.32500814 0.43530608 0.43530616 0.55502386 0.66352696
 0.77403067 0.87326859 0.87326872 1.02463869 1.06082359 1.06082363
 1.1098376  1.1792396  1.29071403 1.40563034 1.43652907 1.43652917
 2.03235009 2.03235018 2.41223786 3.14755258]
   6 (-0.000  0.250  0.500)   [-0.15588413 -0.0512153   0.07912996  0.13050874] [0.26682808 0.3771562  0.42833562 0.45140903 0.62456476 0.70596303
 0.71427683 0.78603954 0.92977912 0.94833646 1.01492953 1.05019579
 1.11023686 1.16636195 1.23893952 1.24353135 1.35675415 1.38914782
 1.54707116 1.80660899 2.64934107 3.81225637]
   7 (-0.000  0.250  0.750)   [-0.17837249 -0.01965316  0.07348154  0.1643457 ] [0.29005853 0.39512594 0.41719499 0.42021919 0.57113678 0.62237112
 0.75806377 0.89672931 0.92112044 0.92519503 0.99331909 1.02022395
 1.13541353 1.19916645 1.32506623 1.35037678 1.38333627 1.42899536
 1.4632562  1.67064021 2.86539682 3.80443696]
   8 ( 0.000  0.500 -0.000)   [-0.17047583 -0.06132375  0.16837075  0.16837093] [0.2236456  0.35664667 0.35664701 0.54866948 0.65697396 0.72108384
 0.72108384 0.75174383 0.75174404 0.8411749  1.06532586 1.19700879
 1.19700904 1.25409785 1.25409793 1.34642351 1.4817098  1.48170989
 1.61474986 1.61474997 1.88120924 4.17242195]
   9 ( 0.000  0.500  0.250)   [-0.15588401 -0.05121562  0.0791302   0.13050872] [0.26682804 0.37715622 0.42833583 0.45140915 0.62456459 0.70596292
 0.71427657 0.78603934 0.92977917 0.94833658 1.01492951 1.05019595
 1.11023685 1.16636207 1.23893954 1.24353139 1.35675408 1.38914783
 1.54707117 1.80660898 2.64934104 3.81225638]
  10 ( 0.000  0.500  0.500)   [-0.10555246 -0.1055522   0.10547868  0.10547873] [0.23910554 0.23910573 0.57302136 0.57302152 0.70178351 0.70178358
 0.71865171 0.71865178 0.83385927 0.83385941 1.07711423 1.07711424
 1.14971986 1.14971998 1.23703542 1.23703561 1.27153465 1.27153476
 2.046937   2.04693721 2.84886431 2.84886437]
  11 (-0.000  0.500  0.750)   [-0.15588401 -0.05121562  0.0791302   0.13050872] [0.26682804 0.37715622 0.42833583 0.45140915 0.62456459 0.70596292
 0.71427657 0.78603934 0.92977917 0.94833658 1.01492951 1.05019595
 1.11023685 1.16636207 1.23893954 1.24353139 1.35675408 1.38914783
 1.54707117 1.80660898 2.64934104 3.81225638]
  12 ( 0.000  0.750 -0.000)   [-0.21992889  0.04566903  0.18740548  0.18740567] [0.24397762 0.35233431 0.3523346  0.43547064 0.60208413 0.60208421
 0.78136399 0.86238943 0.9255572  0.92555728 1.11254152 1.11254157
 1.29212102 1.29914823 1.29914826 1.33024316 1.53475952 1.53475959
 1.7420853  1.74208538 1.89753093 3.84122736]
  13 ( 0.000  0.750  0.250)   [-0.17837249 -0.01965316  0.07348154  0.1643457 ] [0.29005853 0.39512594 0.41719499 0.42021919 0.57113678 0.62237112
 0.75806377 0.89672931 0.92112044 0.92519503 0.99331909 1.02022395
 1.13541353 1.19916645 1.32506623 1.35037678 1.38333627 1.42899536
 1.4632562  1.67064021 2.86539682 3.80443696]
  14 ( 0.000  0.750  0.500)   [-0.15588413 -0.0512153   0.07912996  0.13050874] [0.26682808 0.3771562  0.42833562 0.45140903 0.62456476 0.70596303
 0.71427683 0.78603954 0.92977912 0.94833646 1.01492953 1.05019579
 1.11023686 1.16636195 1.23893952 1.24353135 1.35675415 1.38914782
 1.54707116 1.80660899 2.64934107 3.81225637]
  15 ( 0.000  0.750  0.750)   [-0.2102734   0.04755636  0.14373776  0.14373782] [0.25351719 0.32500814 0.43530608 0.43530616 0.55502386 0.66352696
 0.77403067 0.87326859 0.87326872 1.02463869 1.06082359 1.06082363
 1.1098376  1.1792396  1.29071403 1.40563034 1.43652907 1.43652917
 2.03235009 2.03235018 2.41223786 3.14755258]
  16 ( 0.250  0.000  0.000)   [-0.21992889  0.04566903  0.18740548  0.18740567] [0.24397762 0.35233431 0.3523346  0.43547064 0.60208413 0.60208421
 0.78136399 0.86238943 0.9255572  0.92555728 1.11254152 1.11254157
 1.29212102 1.29914823 1.29914826 1.33024316 1.53475952 1.53475959
 1.7420853  1.74208538 1.89753093 3.84122736]
  17 ( 0.250  0.000  0.250)   [-0.2102734   0.04755636  0.14373776  0.14373782] [0.25351719 0.32500814 0.43530608 0.43530616 0.55502386 0.66352696
 0.77403067 0.87326859 0.87326872 1.02463869 1.06082359 1.06082363
 1.1098376  1.1792396  1.29071403 1.40563034 1.43652907 1.43652917
 2.03235009 2.03235018 2.41223786 3.14755258]
  18 ( 0.250 -0.000  0.500)   [-0.15588413 -0.0512153   0.07912996  0.13050874] [0.26682808 0.3771562  0.42833562 0.45140903 0.62456476 0.70596303
 0.71427683 0.78603954 0.92977912 0.94833646 1.01492953 1.05019579
 1.11023686 1.16636195 1.23893952 1.24353135 1.35675415 1.38914782
 1.54707116 1.80660899 2.64934107 3.81225637]
  19 ( 0.250 -0.000  0.750)   [-0.17837249 -0.01965316  0.07348154  0.1643457 ] [0.29005853 0.39512594 0.41719499 0.42021919 0.57113678 0.62237112
 0.75806377 0.89672931 0.92112044 0.92519503 0.99331909 1.02022395
 1.13541353 1.19916645 1.32506623 1.35037678 1.38333627 1.42899536
 1.4632562  1.67064021 2.86539682 3.80443696]
  20 ( 0.250  0.250  0.000)   [-0.2102734   0.04755636  0.14373776  0.14373782] [0.25351719 0.32500814 0.43530608 0.43530616 0.55502386 0.66352696
 0.77403067 0.87326859 0.87326872 1.02463869 1.06082359 1.06082363
 1.1098376  1.1792396  1.29071403 1.40563034 1.43652907 1.43652917
 2.03235009 2.03235018 2.41223786 3.14755258]
  21 ( 0.250  0.250  0.250)   [-0.21992889  0.04566903  0.18740548  0.18740567] [0.24397762 0.35233431 0.3523346  0.43547064 0.60208413 0.60208421
 0.78136399 0.86238943 0.9255572  0.92555728 1.11254152 1.11254157
 1.29212102 1.29914823 1.29914826 1.33024316 1.53475952 1.53475959
 1.7420853  1.74208538 1.89753093 3.84122736]
  22 ( 0.250  0.250  0.500)   [-0.17837249 -0.01965316  0.07348154  0.1643457 ] [0.29005853 0.39512594 0.41719499 0.42021919 0.57113678 0.62237112
 0.75806377 0.89672931 0.92112044 0.92519503 0.99331909 1.02022395
 1.13541353 1.19916645 1.32506623 1.35037678 1.38333627 1.42899536
 1.4632562  1.67064021 2.86539682 3.80443696]
  23 ( 0.250  0.250  0.750)   [-0.15588413 -0.0512153   0.07912996  0.13050874] [0.26682808 0.3771562  0.42833562 0.45140903 0.62456476 0.70596303
 0.71427683 0.78603954 0.92977912 0.94833646 1.01492953 1.05019579
 1.11023686 1.16636195 1.23893952 1.24353135 1.35675415 1.38914782
 1.54707116 1.80660899 2.64934107 3.81225637]
  24 ( 0.250  0.500 -0.000)   [-0.15588402 -0.05121559  0.07913006  0.13050879] [0.26682828 0.37715606 0.42833575 0.45140896 0.62456474 0.70596299
 0.71427672 0.78603943 0.92977911 0.94833648 1.01492949 1.05019584
 1.11023682 1.16636201 1.23893958 1.24353146 1.35675421 1.38914774
 1.54707125 1.80660884 2.64934108 3.81225639]
  25 ( 0.250  0.500  0.250)   [-0.17837243 -0.01965342  0.07348163  0.1643458 ] [0.2900588  0.39512574 0.41719495 0.42021925 0.57113683 0.62237098
 0.75806348 0.89672937 0.92112052 0.92519512 0.99331905 1.02022394
 1.13541366 1.19916641 1.32506626 1.35037691 1.38333628 1.42899534
 1.46325621 1.67064007 2.86539675 3.80443698]
  26 ( 0.250  0.500  0.500)   [-0.15588402 -0.05121559  0.07913006  0.13050879] [0.26682828 0.37715606 0.42833575 0.45140896 0.62456474 0.70596299
 0.71427672 0.78603943 0.92977911 0.94833648 1.01492949 1.05019584
 1.11023682 1.16636201 1.23893958 1.24353146 1.35675421 1.38914774
 1.54707125 1.80660884 2.64934108 3.81225639]
  27 ( 0.250  0.500  0.750)   [-0.10166561 -0.10166535  0.07198935  0.07198939] [0.38096787 0.38096812 0.39282041 0.3928206  0.64504411 0.64504423
 0.78838385 0.78838386 0.97549701 0.97549715 1.04692128 1.04692131
 1.07799102 1.07799103 1.21040159 1.21040164 1.28198199 1.28198211
 1.55274164 1.55274171 3.28579995 3.28579997]
  28 ( 0.250  0.750 -0.000)   [-0.17837243 -0.01965342  0.07348163  0.1643458 ] [0.2900588  0.39512574 0.41719495 0.42021925 0.57113683 0.62237098
 0.75806348 0.89672937 0.92112052 0.92519512 0.99331905 1.02022394
 1.13541366 1.19916641 1.32506626 1.35037691 1.38333628 1.42899534
 1.46325621 1.67064007 2.86539675 3.80443698]
  29 ( 0.250  0.750  0.250)   [-0.15588402 -0.05121559  0.07913006  0.13050879] [0.26682828 0.37715606 0.42833575 0.45140896 0.62456474 0.70596299
 0.71427672 0.78603943 0.92977911 0.94833648 1.01492949 1.05019584
 1.11023682 1.16636201 1.23893958 1.24353146 1.35675421 1.38914774
 1.54707125 1.80660884 2.64934108 3.81225639]
  30 ( 0.250  0.750  0.500)   [-0.10166561 -0.10166535  0.07198935  0.07198939] [0.38096787 0.38096812 0.39282041 0.3928206  0.64504411 0.64504423
 0.78838385 0.78838386 0.97549701 0.97549715 1.04692128 1.04692131
 1.07799102 1.07799103 1.21040159 1.21040164 1.28198199 1.28198211
 1.55274164 1.55274171 3.28579995 3.28579997]
  31 ( 0.250  0.750  0.750)   [-0.15588402 -0.05121559  0.07913006  0.13050879] [0.26682828 0.37715606 0.42833575 0.45140896 0.62456474 0.70596299
 0.71427672 0.78603943 0.92977911 0.94833648 1.01492949 1.05019584
 1.11023682 1.16636201 1.23893958 1.24353146 1.35675421 1.38914774
 1.54707125 1.80660884 2.64934108 3.81225639]
  32 ( 0.500  0.000  0.000)   [-0.17047583 -0.06132375  0.16837075  0.16837093] [0.2236456  0.35664667 0.35664701 0.54866948 0.65697396 0.72108384
 0.72108384 0.75174383 0.75174404 0.8411749  1.06532586 1.19700879
 1.19700904 1.25409785 1.25409793 1.34642351 1.4817098  1.48170989
 1.61474986 1.61474997 1.88120924 4.17242195]
  33 ( 0.500  0.000  0.250)   [-0.15588401 -0.05121562  0.0791302   0.13050872] [0.26682804 0.37715622 0.42833583 0.45140915 0.62456459 0.70596292
 0.71427657 0.78603934 0.92977917 0.94833658 1.01492951 1.05019595
 1.11023685 1.16636207 1.23893954 1.24353139 1.35675408 1.38914783
 1.54707117 1.80660898 2.64934104 3.81225638]
  34 ( 0.500  0.000  0.500)   [-0.10555246 -0.1055522   0.10547868  0.10547873] [0.23910554 0.23910573 0.57302136 0.57302152 0.70178351 0.70178358
 0.71865171 0.71865178 0.83385927 0.83385941 1.07711423 1.07711424
 1.14971986 1.14971998 1.23703542 1.23703561 1.27153465 1.27153476
 2.046937   2.04693721 2.84886431 2.84886437]
  35 ( 0.500 -0.000  0.750)   [-0.15588401 -0.05121562  0.0791302   0.13050872] [0.26682804 0.37715622 0.42833583 0.45140915 0.62456459 0.70596292
 0.71427657 0.78603934 0.92977917 0.94833658 1.01492951 1.05019595
 1.11023685 1.16636207 1.23893954 1.24353139 1.35675408 1.38914783
 1.54707117 1.80660898 2.64934104 3.81225638]
  36 ( 0.500  0.250  0.000)   [-0.15588402 -0.05121559  0.07913006  0.13050879] [0.26682828 0.37715606 0.42833575 0.45140896 0.62456474 0.70596299
 0.71427672 0.78603943 0.92977911 0.94833648 1.01492949 1.05019584
 1.11023682 1.16636201 1.23893958 1.24353146 1.35675421 1.38914774
 1.54707125 1.80660884 2.64934108 3.81225639]
  37 ( 0.500  0.250  0.250)   [-0.17837243 -0.01965342  0.07348163  0.1643458 ] [0.2900588  0.39512574 0.41719495 0.42021925 0.57113683 0.62237098
 0.75806348 0.89672937 0.92112052 0.92519512 0.99331905 1.02022394
 1.13541366 1.19916641 1.32506626 1.35037691 1.38333628 1.42899534
 1.46325621 1.67064007 2.86539675 3.80443698]
  38 ( 0.500  0.250  0.500)   [-0.15588402 -0.05121559  0.07913006  0.13050879] [0.26682828 0.37715606 0.42833575 0.45140896 0.62456474 0.70596299
 0.71427672 0.78603943 0.92977911 0.94833648 1.01492949 1.05019584
 1.11023682 1.16636201 1.23893958 1.24353146 1.35675421 1.38914774
 1.54707125 1.80660884 2.64934108 3.81225639]
  39 ( 0.500  0.250  0.750)   [-0.10166561 -0.10166535  0.07198935  0.07198939] [0.38096787 0.38096812 0.39282041 0.3928206  0.64504411 0.64504423
 0.78838385 0.78838386 0.97549701 0.97549715 1.04692128 1.04692131
 1.07799102 1.07799103 1.21040159 1.21040164 1.28198199 1.28198211
 1.55274164 1.55274171 3.28579995 3.28579997]
  40 ( 0.500  0.500  0.000)   [-0.10555246 -0.1055522   0.10547868  0.10547873] [0.23910554 0.23910573 0.57302136 0.57302152 0.70178351 0.70178358
 0.71865171 0.71865178 0.83385927 0.83385941 1.07711423 1.07711424
 1.14971986 1.14971998 1.23703542 1.23703561 1.27153465 1.27153476
 2.046937   2.04693721 2.84886431 2.84886437]
  41 ( 0.500  0.500  0.250)   [-0.15588401 -0.05121562  0.0791302   0.13050872] [0.26682804 0.37715622 0.42833583 0.45140915 0.62456459 0.70596292
 0.71427657 0.78603934 0.92977917 0.94833658 1.01492951 1.05019595
 1.11023685 1.16636207 1.23893954 1.24353139 1.35675408 1.38914783
 1.54707117 1.80660898 2.64934104 3.81225638]
  42 ( 0.500  0.500  0.500)   [-0.17047583 -0.06132375  0.16837075  0.16837093] [0.2236456  0.35664667 0.35664701 0.54866948 0.65697396 0.72108384
 0.72108384 0.75174383 0.75174404 0.8411749  1.06532586 1.19700879
 1.19700904 1.25409785 1.25409793 1.34642351 1.4817098  1.48170989
 1.61474986 1.61474997 1.88120924 4.17242195]
  43 ( 0.500  0.500  0.750)   [-0.15588401 -0.05121562  0.0791302   0.13050872] [0.26682804 0.37715622 0.42833583 0.45140915 0.62456459 0.70596292
 0.71427657 0.78603934 0.92977917 0.94833658 1.01492951 1.05019595
 1.11023685 1.16636207 1.23893954 1.24353139 1.35675408 1.38914783
 1.54707117 1.80660898 2.64934104 3.81225638]
  44 ( 0.500  0.750 -0.000)   [-0.15588402 -0.05121559  0.07913006  0.13050879] [0.26682828 0.37715606 0.42833575 0.45140896 0.62456474 0.70596299
 0.71427672 0.78603943 0.92977911 0.94833648 1.01492949 1.05019584
 1.11023682 1.16636201 1.23893958 1.24353146 1.35675421 1.38914774
 1.54707125 1.80660884 2.64934108 3.81225639]
  45 ( 0.500  0.750  0.250)   [-0.10166561 -0.10166535  0.07198935  0.07198939] [0.38096787 0.38096812 0.39282041 0.3928206  0.64504411 0.64504423
 0.78838385 0.78838386 0.97549701 0.97549715 1.04692128 1.04692131
 1.07799102 1.07799103 1.21040159 1.21040164 1.28198199 1.28198211
 1.55274164 1.55274171 3.28579995 3.28579997]
  46 ( 0.500  0.750  0.500)   [-0.15588402 -0.05121559  0.07913006  0.13050879] [0.26682828 0.37715606 0.42833575 0.45140896 0.62456474 0.70596299
 0.71427672 0.78603943 0.92977911 0.94833648 1.01492949 1.05019584
 1.11023682 1.16636201 1.23893958 1.24353146 1.35675421 1.38914774
 1.54707125 1.80660884 2.64934108 3.81225639]
  47 ( 0.500  0.750  0.750)   [-0.17837243 -0.01965342  0.07348163  0.1643458 ] [0.2900588  0.39512574 0.41719495 0.42021925 0.57113683 0.62237098
 0.75806348 0.89672937 0.92112052 0.92519512 0.99331905 1.02022394
 1.13541366 1.19916641 1.32506626 1.35037691 1.38333628 1.42899534
 1.46325621 1.67064007 2.86539675 3.80443698]
  48 ( 0.750  0.000  0.000)   [-0.21992889  0.04566903  0.18740548  0.18740567] [0.24397762 0.35233431 0.3523346  0.43547064 0.60208413 0.60208421
 0.78136399 0.86238943 0.9255572  0.92555728 1.11254152 1.11254157
 1.29212102 1.29914823 1.29914826 1.33024316 1.53475952 1.53475959
 1.7420853  1.74208538 1.89753093 3.84122736]
  49 ( 0.750  0.000  0.250)   [-0.17837249 -0.01965316  0.07348154  0.1643457 ] [0.29005853 0.39512594 0.41719499 0.42021919 0.57113678 0.62237112
 0.75806377 0.89672931 0.92112044 0.92519503 0.99331909 1.02022395
 1.13541353 1.19916645 1.32506623 1.35037678 1.38333627 1.42899536
 1.4632562  1.67064021 2.86539682 3.80443696]
  50 ( 0.750  0.000  0.500)   [-0.15588413 -0.0512153   0.07912996  0.13050874] [0.26682808 0.3771562  0.42833562 0.45140903 0.62456476 0.70596303
 0.71427683 0.78603954 0.92977912 0.94833646 1.01492953 1.05019579
 1.11023686 1.16636195 1.23893952 1.24353135 1.35675415 1.38914782
 1.54707116 1.80660899 2.64934107 3.81225637]
  51 ( 0.750  0.000  0.750)   [-0.2102734   0.04755636  0.14373776  0.14373782] [0.25351719 0.32500814 0.43530608 0.43530616 0.55502386 0.66352696
 0.77403067 0.87326859 0.87326872 1.02463869 1.06082359 1.06082363
 1.1098376  1.1792396  1.29071403 1.40563034 1.43652907 1.43652917
 2.03235009 2.03235018 2.41223786 3.14755258]
  52 ( 0.750  0.250  0.000)   [-0.17837243 -0.01965342  0.07348163  0.1643458 ] [0.2900588  0.39512574 0.41719495 0.42021925 0.57113683 0.62237098
 0.75806348 0.89672937 0.92112052 0.92519512 0.99331905 1.02022394
 1.13541366 1.19916641 1.32506626 1.35037691 1.38333628 1.42899534
 1.46325621 1.67064007 2.86539675 3.80443698]
  53 ( 0.750  0.250  0.250)   [-0.15588402 -0.05121559  0.07913006  0.13050879] [0.26682828 0.37715606 0.42833575 0.45140896 0.62456474 0.70596299
 0.71427672 0.78603943 0.92977911 0.94833648 1.01492949 1.05019584
 1.11023682 1.16636201 1.23893958 1.24353146 1.35675421 1.38914774
 1.54707125 1.80660884 2.64934108 3.81225639]
  54 ( 0.750  0.250  0.500)   [-0.10166561 -0.10166535  0.07198935  0.07198939] [0.38096787 0.38096812 0.39282041 0.3928206  0.64504411 0.64504423
 0.78838385 0.78838386 0.97549701 0.97549715 1.04692128 1.04692131
 1.07799102 1.07799103 1.21040159 1.21040164 1.28198199 1.28198211
 1.55274164 1.55274171 3.28579995 3.28579997]
  55 ( 0.750  0.250  0.750)   [-0.15588402 -0.05121559  0.07913006  0.13050879] [0.26682828 0.37715606 0.42833575 0.45140896 0.62456474 0.70596299
 0.71427672 0.78603943 0.92977911 0.94833648 1.01492949 1.05019584
 1.11023682 1.16636201 1.23893958 1.24353146 1.35675421 1.38914774
 1.54707125 1.80660884 2.64934108 3.81225639]
  56 ( 0.750  0.500  0.000)   [-0.15588402 -0.05121559  0.07913006  0.13050879] [0.26682828 0.37715606 0.42833575 0.45140896 0.62456474 0.70596299
 0.71427672 0.78603943 0.92977911 0.94833648 1.01492949 1.05019584
 1.11023682 1.16636201 1.23893958 1.24353146 1.35675421 1.38914774
 1.54707125 1.80660884 2.64934108 3.81225639]
  57 ( 0.750  0.500  0.250)   [-0.10166561 -0.10166535  0.07198935  0.07198939] [0.38096787 0.38096812 0.39282041 0.3928206  0.64504411 0.64504423
 0.78838385 0.78838386 0.97549701 0.97549715 1.04692128 1.04692131
 1.07799102 1.07799103 1.21040159 1.21040164 1.28198199 1.28198211
 1.55274164 1.55274171 3.28579995 3.28579997]
  58 ( 0.750  0.500  0.500)   [-0.15588402 -0.05121559  0.07913006  0.13050879] [0.26682828 0.37715606 0.42833575 0.45140896 0.62456474 0.70596299
 0.71427672 0.78603943 0.92977911 0.94833648 1.01492949 1.05019584
 1.11023682 1.16636201 1.23893958 1.24353146 1.35675421 1.38914774
 1.54707125 1.80660884 2.64934108 3.81225639]
  59 ( 0.750  0.500  0.750)   [-0.17837243 -0.01965342  0.07348163  0.1643458 ] [0.2900588  0.39512574 0.41719495 0.42021925 0.57113683 0.62237098
 0.75806348 0.89672937 0.92112052 0.92519512 0.99331905 1.02022394
 1.13541366 1.19916641 1.32506626 1.35037691 1.38333628 1.42899534
 1.46325621 1.67064007 2.86539675 3.80443698]
  60 ( 0.750  0.750  0.000)   [-0.2102734   0.04755636  0.14373776  0.14373782] [0.25351719 0.32500814 0.43530608 0.43530616 0.55502386 0.66352696
 0.77403067 0.87326859 0.87326872 1.02463869 1.06082359 1.06082363
 1.1098376  1.1792396  1.29071403 1.40563034 1.43652907 1.43652917
 2.03235009 2.03235018 2.41223786 3.14755258]
  61 ( 0.750  0.750  0.250)   [-0.15588413 -0.0512153   0.07912996  0.13050874] [0.26682808 0.3771562  0.42833562 0.45140903 0.62456476 0.70596303
 0.71427683 0.78603954 0.92977912 0.94833646 1.01492953 1.05019579
 1.11023686 1.16636195 1.23893952 1.24353135 1.35675415 1.38914782
 1.54707116 1.80660899 2.64934107 3.81225637]
  62 ( 0.750  0.750  0.500)   [-0.17837249 -0.01965316  0.07348154  0.1643457 ] [0.29005853 0.39512594 0.41719499 0.42021919 0.57113678 0.62237112
 0.75806377 0.89672931 0.92112044 0.92519503 0.99331909 1.02022395
 1.13541353 1.19916645 1.32506623 1.35037678 1.38333627 1.42899536
 1.4632562  1.67064021 2.86539682 3.80443696]
  63 ( 0.750  0.750  0.750)   [-0.21992889  0.04566903  0.18740548  0.18740567] [0.24397762 0.35233431 0.3523346  0.43547064 0.60208413 0.60208421
 0.78136399 0.86238943 0.9255572  0.92555728 1.11254152 1.11254157
 1.29212102 1.29914823 1.29914826 1.33024316 1.53475952 1.53475959
 1.7420853  1.74208538 1.89753093 3.84122736]
nelec by numeric integration = 8.000000000000393
    CPU time for vxc     17.88 sec, wall time     16.44 sec
    CPU time for vj and vk     30.73 sec, wall time     27.92 sec
E1 = (1.9832445900796776+1.3599113968167792e-18j)  Ecoul = 0.5829333777880655  Exc = -2.3333409335006783
Extra cycle  E= -7.82816194700667  delta_E= -8.79e-12  |g|= 1.18e-05  |ddm|= 0.000125
    CPU time for scf_cycle    392.77 sec, wall time    365.76 sec
    CPU time for SCF    393.54 sec, wall time    365.90 sec
converged SCF energy = -7.82816194700667
-7.8281619470066675
nelec by numeric integration = 8.000000000000393
    CPU time for vxc     29.95 sec, wall time     27.96 sec
    CPU time for vj and vk     39.66 sec, wall time     37.32 sec
