40.04786949774999
#INFO: **** input file is /Users/phungngocduy/Documents/1_De_tai_KOBMP2/khanh/NguyenBan_khongchinh_he/DFT_nguyenban/dft_Si_he.py ****
import pyscf.pbc.tools.pyscf_ase as pyscf_ase
import pyscf.pbc.gto as pbcgto
import pyscf.pbc.dft as pbcdft
import pandas as pd  # Thêm thư viện pandas
import numpy
import sys  # Xuất file log

import os
from ase.build import bulk
from ase.dft.kpoints import sc_special_points as special_points, get_bandpath
import datetime


class Tee:
    def __init__(self, filename):
        self.file = open(filename, "w")
        self.stdout = sys.stdout

    def write(self, data):
        self.stdout.write(data)
        self.file.write(data)

    def flush(self):
        self.stdout.flush()
        self.file.flush()

kpointx = 4
kpointy = 4
kpointz = 4

npoints1 = 110

# Generate a unique filename using the current timestamp
output_filename = f"Si_tzvp_pbe_{kpointx}X{kpointy}X{kpointz}_DFT_{datetime.datetime.now().strftime('%Y%m%d_%H%M%S')}.txt"

# Initialize Tee to write to both terminal and file
sys.stdout = Tee(output_filename)

c = bulk('Si', 'diamond', a=5.431) # Tương tự
#c = bulk('Ge', 'diamond', a=5.658)
#c = bulk('C', 'diamond', a=3.5668)
print(c.get_volume())

cell = pbcgto.Cell()
cell.atom = pyscf_ase.ase_atoms_to_pyscf(c)
cell.a = c.cell

cell.basis = 'gth-tzvp'
cell.pseudo = 'gth-pbe'
cell.verbose = 5
#cell.exp_to_discard = 0.1  # Loại bỏ các hàm cơ sở có exponent < 0.1, tránh tràn số (Chỗ đã chỉnh sửa)
#cell.a = numpy.array(cell.a).tolist() 
#cell.build(None, None)
#cell.precision = 1.5e-13
#cell.rcut = 45.21
cell.build()

points = special_points['fcc']
G = points['G']
X = points['X']
W = points['W']
K = points['K']
L = points['L']
band_kpts, kpath, sp_points = get_bandpath([L, G, X, W, K, G], c.cell, npoints=npoints1)
band_kpts = cell.get_abs_kpts(band_kpts)

#
# band structure from Gamma point sampling
#
"""
mf = pbcdft.RKS(cell)
print(mf.kernel())

e_kn = mf.get_bands(band_kpts)[0]
vbmax = -99
for en in e_kn:
    vb_k = en[cell.nelectron // 2 - 1]
    if vb_k > vbmax:
        vbmax = vb_k
e_kn = [en - vbmax for en in e_kn]
"""
#
# band structure from 222 k-point sampling
#

kmf = pbcdft.KRKS(cell, cell.make_kpts([kpointx, kpointy, kpointz]))
print(kmf.kernel())

e_kn_2 = kmf.get_bands(band_kpts)[0]
vbmax = -99
for en in e_kn_2:
    vb_k = en[cell.nelectron // 2 - 1]
    if vb_k > vbmax:
        vbmax = vb_k
e_kn_2 = [en - vbmax for en in e_kn_2]

au2ev = 27.21139  # Hệ số chuyển đổi Hartree → eV

# Tạo DataFrame chứa kết quả
nbands = cell.nao_nr()
band_data = []

# Thu thập dữ liệu cho từng k-point
for i, k in enumerate(kpath):
    row = {'kpath': k}
    for band_idx in range(nbands):
        #row[f'band_{band_idx}_gamma'] = e_kn[i][band_idx] * au2ev
        row[f'band_{band_idx}_222'] = e_kn_2[i][band_idx] * au2ev
    band_data.append(row)

# Tạo DataFrame từ dữ liệu
df_bands = pd.DataFrame(band_data)

# Tạo DataFrame cho các điểm đặc biệt
df_special_points = pd.DataFrame({
    'label': ['L', 'Gamma', 'X', 'W', 'K', 'Gamma'],
    'position': sp_points
})

# Lưu kết quả vào file Excel
timestamp = datetime.datetime.now().strftime('%Y%m%d_%H%M%S')
filename = os.path.join(os.getcwd(), f"Si_tzvp_pbe_{kpointx}x{kpointy}x{kpointz}_DFT_{timestamp}.xlsx")
with pd.ExcelWriter(filename) as writer:
    df_bands.to_excel(writer, sheet_name='Band Energies', index=False)
    df_special_points.to_excel(writer, sheet_name='Special Points', index=False)
#INFO: ******************** input file end ********************


System: uname_result(system='Darwin', node='MacBook-Pro-cua-Phung.local', release='25.0.0', version='Darwin Kernel Version 25.0.0: Mon Aug 25 21:17:45 PDT 2025; root:xnu-12377.1.9~3/RELEASE_ARM64_T8103', machine='arm64')  Threads 1
Python 3.11.8 | packaged by conda-forge | (main, Feb 16 2024, 20:49:36) [Clang 16.0.6 ]
numpy 1.26.4  scipy 1.11.4  h5py 3.9.0
Date: Fri Sep 19 14:45:44 2025
PySCF version 2.7.0
PySCF path  /opt/anaconda3/lib/python3.11/site-packages/pyscf

[CONFIG] conf_file None
[INPUT] verbose = 5
[INPUT] max_memory = 4000 
[INPUT] num. atoms = 2
[INPUT] num. electrons = 8
[INPUT] charge = 0
[INPUT] spin (= nelec alpha-beta = 2S) = 0
[INPUT] symmetry False subgroup None
[INPUT] Mole.unit = angstrom
[INPUT] Symbol           X                Y                Z      unit          X                Y                Z       unit  Magmom
[INPUT]  1 Si     0.000000000000   0.000000000000   0.000000000000 AA    0.000000000000   0.000000000000   0.000000000000 Bohr   0.0
[INPUT]  2 Si     1.357750000000   1.357750000000   1.357750000000 AA    2.565775645628   2.565775645628   2.565775645628 Bohr   0.0
[INPUT] ---------------- BASIS SET ---------------- 
[INPUT] l, kappa, [nprim/nctr], expnt,             c_1 c_2 ...
[INPUT] Si
[INPUT] 0    0    [5    /3   ]  1.2331731434      0.3150424674    0    0
                                0.657995718       -0.0732928041    0    0
                                0.2547041526      -0.5862322199    0    0
                                0.1060089904      -0.5051712664    1    0
                                0.0418790646      -0.050725361    0    1
[INPUT] 1    0    [5    /3   ]  1.2331731434      0.0667574395    0    0
                                0.657995718       -0.1473516106    0    0
                                0.2547041526      -0.4034178654    0    0
                                0.1060089904      -0.4457008802    1    0
                                0.0418790646      -0.1941498294    0    1
[INPUT] 2    0    [1    /1   ]  0.275                1

Ewald components = 0.195136013803087, -9.50534245811579, 0.912281156775871
nuclear repulsion = -8.39792528753684
number of shells = 6
number of NR pGTOs = 50
number of NR cGTOs = 34
basis = gth-tzvp
ecp = {}
CPU time:         2.60
lattice vectors  a1 [0.000000000, 5.131551291, 5.131551291]
                 a2 [5.131551291, 0.000000000, 5.131551291]
                 a3 [5.131551291, 5.131551291, 0.000000000]
dimension = 3
low_dim_ft_type = None
Cell volume = 270.256
rcut = 36.33138003717319 (nimgs = [7 7 7])
lattice sum = 1547 cells
precision = 1e-08
pseudo = gth-pbe
ke_cutoff = 114.40426650807389
    = [37 37 37] mesh (50653 PWs)


******** <class 'pyscf.pbc.dft.krks.KRKS'> ********
method = KRKS
initial guess = minao
damping factor = 0
level_shift factor = 0
DIIS = <class 'pyscf.scf.diis.CDIIS'>
diis_start_cycle = 1
diis_space = 8
diis_damp = 0
SCF conv_tol = 1e-07
SCF conv_tol_grad = None
SCF max_cycles = 50
direct_scf = True
direct_scf_tol = 1e-13
chkfile to save SCF result = /var/folders/6s/wvr4jbnj67583gh8hszcx5bh0000gn/T/tmpc4wloud_
max_memory 4000 MB (current use 0 MB)


******** PBC SCF flags ********
N kpts = 64
kpts = [[ 0.          0.          0.        ]
 [ 0.15305277  0.15305277 -0.15305277]
 [ 0.30610555  0.30610555 -0.30610555]
 [ 0.45915832  0.45915832 -0.45915832]
 [ 0.15305277 -0.15305277  0.15305277]
 [ 0.30610555  0.          0.        ]
 [ 0.45915832  0.15305277 -0.15305277]
 [ 0.6122111   0.30610555 -0.30610555]
 [ 0.30610555 -0.30610555  0.30610555]
 [ 0.45915832 -0.15305277  0.15305277]
 [ 0.6122111   0.          0.        ]
 [ 0.76526387  0.15305277 -0.15305277]
 [ 0.45915832 -0.45915832  0.45915832]
 [ 0.6122111  -0.30610555  0.30610555]
 [ 0.76526387 -0.15305277  0.15305277]
 [ 0.91831665  0.          0.        ]
 [-0.15305277  0.15305277  0.15305277]
 [ 0.          0.30610555  0.        ]
 [ 0.15305277  0.45915832 -0.15305277]
 [ 0.30610555  0.6122111  -0.30610555]
 [ 0.          0.          0.30610555]
 [ 0.15305277  0.15305277  0.15305277]
 [ 0.30610555  0.30610555  0.        ]
 [ 0.45915832  0.45915832 -0.15305277]
 [ 0.15305277 -0.15305277  0.45915832]
 [ 0.30610555  0.          0.30610555]
 [ 0.45915832  0.15305277  0.15305277]
 [ 0.6122111   0.30610555  0.        ]
 [ 0.30610555 -0.30610555  0.6122111 ]
 [ 0.45915832 -0.15305277  0.45915832]
 [ 0.6122111   0.          0.30610555]
 [ 0.76526387  0.15305277  0.15305277]
 [-0.30610555  0.30610555  0.30610555]
 [-0.15305277  0.45915832  0.15305277]
 [ 0.          0.6122111   0.        ]
 [ 0.15305277  0.76526387 -0.15305277]
 [-0.15305277  0.15305277  0.45915832]
 [ 0.          0.30610555  0.30610555]
 [ 0.15305277  0.45915832  0.15305277]
 [ 0.30610555  0.6122111   0.        ]
 [ 0.          0.          0.6122111 ]
 [ 0.15305277  0.15305277  0.45915832]
 [ 0.30610555  0.30610555  0.30610555]
 [ 0.45915832  0.45915832  0.15305277]
 [ 0.15305277 -0.15305277  0.76526387]
 [ 0.30610555  0.          0.6122111 ]
 [ 0.45915832  0.15305277  0.45915832]
 [ 0.6122111   0.30610555  0.30610555]
 [-0.45915832  0.45915832  0.45915832]
 [-0.30610555  0.6122111   0.30610555]
 [-0.15305277  0.76526387  0.15305277]
 [ 0.          0.91831665  0.        ]
 [-0.30610555  0.30610555  0.6122111 ]
 [-0.15305277  0.45915832  0.45915832]
 [ 0.          0.6122111   0.30610555]
 [ 0.15305277  0.76526387  0.15305277]
 [-0.15305277  0.15305277  0.76526387]
 [ 0.          0.30610555  0.6122111 ]
 [ 0.15305277  0.45915832  0.45915832]
 [ 0.30610555  0.6122111   0.30610555]
 [ 0.          0.          0.91831665]
 [ 0.15305277  0.15305277  0.76526387]
 [ 0.30610555  0.30610555  0.6122111 ]
 [ 0.45915832  0.45915832  0.45915832]]
Exchange divergence treatment (exxdiv) = ewald
Ewald components = 1.42256742922134e-16, -0.113291422214575, 0.0574498524108462
    madelung (= occupied orbital energy shift) = 0.11168313960745807
    Total energy shift due to Ewald probe charge = -1/2 * Nelec*madelung = -0.44673255843
DF object = <pyscf.pbc.df.fft.FFTDF object at 0x161114590>
XC functionals = LDA,VWN
small_rho_cutoff = 1e-07
Uniform grid, mesh = [37 37 37]
Set gradient conv threshold to 0.000316228
nelec by numeric integration = 7.999999578540839
    CPU time for vxc      6.58 sec, wall time      5.40 sec
    CPU time for vj and vk     12.38 sec, wall time      9.48 sec
E1 = (2.3066373773572426+2.2373416939578873e-18j)  Ecoul = 0.4065974689069551  Exc = -2.3400659757742304
init E= -8.02475641704687
    CPU time for initialize scf     31.31 sec, wall time     23.78 sec
HOMO = 0.215750633369  LUMO = 0.250776695426
     k-point                  mo_energy
   0 ( 0.000  0.000  0.000)   [-0.2237974   0.21575063  0.21575063  0.21575063] [0.31813845 0.31813847 0.31813847 0.33368962 0.51456438 0.52925344
 0.52925344 0.65137368 0.65137368 0.65137392 0.78826773 1.14236255
 1.14236255 1.14236287 1.17076129 1.17076815 1.17076815 1.20724368
 1.20724368 1.61576834 1.61577201 1.61577201 1.8482674  1.8482674
 1.84826793 2.12264718 2.12299826 2.12299829 3.35944345 3.46424235]
   1 ( 0.000  0.000  0.250)   [-0.19500583  0.07104405  0.18792585  0.18792585] [0.29397481 0.35418679 0.3541868  0.46914588 0.50444065 0.50444069
 0.55764989 0.66153041 0.79683051 0.79683101 0.90846905 0.92020689
 0.92020692 0.96518452 1.19882261 1.1988227  1.26375942 1.2637595
 1.31729927 1.35228454 1.50274809 1.50274944 1.5925427  1.59254655
 1.74909373 1.9127812  1.95314489 1.95316135 3.40138766 3.44675239]
   2 ( 0.000  0.000  0.500)   [-0.1394893  -0.04028392  0.17130233  0.17130233] [0.27565874 0.35060018 0.35060018 0.51218664 0.63501896 0.64181252
 0.64181253 0.65319336 0.6531934  0.68951969 0.96576872 0.97531248
 1.05813648 1.05813668 1.12189482 1.1218949  1.25285974 1.2853193
 1.28531943 1.41132097 1.41132156 1.52651263 1.55568944 1.55568952
 1.68426259 1.87382913 1.87383759 2.49682563 3.43927393 3.46758857]
   3 ( 0.000  0.000  0.750)   [-0.19500583  0.07104405  0.18792585  0.18792585] [0.29397481 0.35418679 0.3541868  0.46914588 0.50444065 0.50444069
 0.55764989 0.66153041 0.79683051 0.79683101 0.90846905 0.92020689
 0.92020692 0.96518452 1.19882261 1.1988227  1.26375942 1.2637595
 1.31729927 1.35228454 1.50274809 1.50274944 1.5925427  1.59254655
 1.74909373 1.91278121 1.95314489 1.95316135 3.40138766 3.44675239]
   4 (-0.000  0.250  0.000)   [-0.19500583  0.07104405  0.18792585  0.18792585] [0.29397481 0.35418679 0.3541868  0.46914588 0.50444065 0.50444069
 0.55764989 0.66153041 0.79683051 0.79683101 0.90846904 0.92020689
 0.92020692 0.96518453 1.19882261 1.1988227  1.26375942 1.2637595
 1.31729927 1.35228449 1.50274809 1.50274944 1.5925427  1.59254655
 1.74909371 1.9127812  1.95314489 1.95316137 3.40138766 3.44675238]
   5 ( 0.000  0.250  0.250)   [-0.18467934  0.08478296  0.14689868  0.14689874] [0.26443536 0.34221886 0.43795981 0.43795995 0.51523796 0.57837525
 0.64171731 0.72373959 0.72374358 0.74583718 0.88692892 0.88692893
 0.98435501 0.99017384 1.0766112  1.26460441 1.26529429 1.31340011
 1.31340419 1.39555379 1.39566565 1.42850136 1.43414261 1.7655364
 1.8819848  1.88238855 1.97483982 1.9751812  3.39856946 3.44662169]
   6 ( 0.000  0.250  0.500)   [-0.12525907 -0.01994411  0.08694605  0.13510822] [0.28017351 0.39085363 0.43396993 0.44703808 0.60324319 0.63227639
 0.69138235 0.69588192 0.7123942  0.86154424 0.93187373 0.93419916
 0.97814125 1.00119495 1.00887543 1.13095269 1.15786102 1.2206795
 1.23255357 1.36982315 1.40092859 1.41965374 1.62961358 1.64160607
 1.81509768 1.81981232 1.91930478 2.05320579 3.41176072 3.4362632 ]
   7 ( 0.000  0.250  0.750)   [-0.14976128  0.01307456  0.07925762  0.16720618] [0.31369592 0.40170273 0.41418724 0.44644313 0.47804556 0.58349173
 0.69750982 0.72775119 0.73105301 0.86467217 0.88277918 0.9087363
 0.9402015  1.05433629 1.111481   1.15478266 1.19582274 1.23727247
 1.25913025 1.31008379 1.40063433 1.44667244 1.49655966 1.54824922
 1.59224405 1.77220306 1.96289174 2.04348093 3.41952429 3.42136128]
   8 (-0.000  0.500  0.000)   [-0.1394893  -0.04028392  0.17130233  0.17130233] [0.27565873 0.35060018 0.35060018 0.51218664 0.63501897 0.64181252
 0.64181253 0.65319336 0.6531934  0.68951969 0.96576873 0.97531247
 1.05813648 1.05813668 1.12189482 1.1218949  1.25285974 1.2853193
 1.28531943 1.41132097 1.41132156 1.52651261 1.55568944 1.55568952
 1.68426245 1.87382913 1.87383759 2.49682558 3.43927397 3.46758865]
   9 (-0.000  0.500  0.250)   [-0.12525907 -0.01994411  0.08694605  0.13510822] [0.28017351 0.39085362 0.43396993 0.44703808 0.60324319 0.63227639
 0.69138235 0.69588192 0.7123942  0.86154424 0.93187373 0.93419916
 0.97814125 1.00119497 1.00887543 1.1309527  1.15786102 1.22067951
 1.23255357 1.36982316 1.40092859 1.41965374 1.62961357 1.64160607
 1.81509768 1.81981231 1.91930478 2.05320575 3.41176072 3.4362632 ]
  10 ( 0.000  0.500  0.500)   [-0.07297978 -0.07297978  0.11142302  0.11142302] [0.2507767  0.2507767  0.59326138 0.5932618  0.65817529 0.65817529
 0.69259918 0.69259918 0.72870989 0.72870989 0.97170199 0.971702
 0.97414681 0.97414681 0.98205621 0.98230995 1.03188999 1.03189
 1.25394146 1.25394146 1.41083276 1.41135742 1.68252857 1.68252862
 1.87824192 1.87829184 2.08548979 2.08548982 3.41414833 3.41414834]
  11 ( 0.000  0.500  0.750)   [-0.12525907 -0.01994411  0.08694605  0.13510822] [0.28017351 0.39085362 0.43396993 0.44703808 0.60324319 0.63227639
 0.69138235 0.69588192 0.7123942  0.86154424 0.93187373 0.93419916
 0.97814125 1.00119497 1.00887543 1.1309527  1.15786102 1.22067951
 1.23255357 1.36982316 1.40092859 1.41965374 1.62961357 1.64160607
 1.81509769 1.81981231 1.91930478 2.05320576 3.41176072 3.4362632 ]
  12 (-0.000  0.750  0.000)   [-0.19500583  0.07104405  0.18792585  0.18792585] [0.29397481 0.35418679 0.3541868  0.46914588 0.50444065 0.50444069
 0.55764989 0.66153041 0.79683051 0.79683101 0.90846904 0.92020689
 0.92020692 0.96518453 1.19882261 1.1988227  1.26375942 1.2637595
 1.31729927 1.3522845  1.50274809 1.50274944 1.5925427  1.59254655
 1.74909371 1.9127812  1.95314489 1.95316137 3.40138766 3.44675238]
  13 (-0.000  0.750  0.250)   [-0.14976128  0.01307456  0.07925762  0.16720618] [0.31369592 0.40170273 0.41418724 0.44644313 0.47804556 0.58349173
 0.69750982 0.72775119 0.73105301 0.86467217 0.88277918 0.9087363
 0.9402015  1.05433629 1.111481   1.15478266 1.19582274 1.23727247
 1.25913025 1.31008379 1.40063433 1.44667244 1.49655966 1.54824922
 1.59224405 1.77220306 1.96289174 2.04348093 3.41952429 3.42136128]
  14 (-0.000  0.750  0.500)   [-0.12525907 -0.01994411  0.08694605  0.13510822] [0.28017351 0.39085363 0.43396993 0.44703808 0.60324319 0.63227639
 0.69138235 0.69588192 0.7123942  0.86154424 0.93187373 0.93419916
 0.97814125 1.00119495 1.00887543 1.1309527  1.15786102 1.2206795
 1.23255357 1.36982315 1.40092859 1.41965374 1.62961358 1.64160607
 1.81509769 1.81981232 1.91930478 2.05320579 3.41176072 3.4362632 ]
  15 ( 0.000  0.750  0.750)   [-0.18467934  0.08478296  0.14689868  0.14689874] [0.26443536 0.34221886 0.43795981 0.43795995 0.51523796 0.57837525
 0.64171731 0.72373959 0.72374358 0.74583718 0.88692892 0.88692893
 0.98435501 0.99017384 1.0766112  1.26460441 1.26529429 1.31340011
 1.31340419 1.3955538  1.39566565 1.42850136 1.43414261 1.7655364
 1.88198485 1.88238858 1.97483987 1.97518123 3.39856946 3.44662169]
  16 ( 0.250 -0.000 -0.000)   [-0.19500583  0.07104405  0.18792585  0.18792585] [0.29397481 0.35418679 0.3541868  0.46914588 0.50444065 0.50444069
 0.55764989 0.66153041 0.79683051 0.79683101 0.90846904 0.92020689
 0.92020692 0.96518453 1.19882261 1.1988227  1.26375942 1.2637595
 1.31729927 1.35228449 1.50274809 1.50274944 1.5925427  1.59254655
 1.7490937  1.9127812  1.9531449  1.95316137 3.40138766 3.44675238]
  17 ( 0.250  0.000  0.250)   [-0.18467934  0.08478296  0.14689868  0.14689874] [0.26443536 0.34221886 0.43795981 0.43795995 0.51523796 0.57837525
 0.64171731 0.72373959 0.72374358 0.74583718 0.88692892 0.88692893
 0.98435501 0.99017384 1.0766112  1.26460441 1.26529429 1.31340011
 1.31340419 1.39555374 1.39566569 1.42850136 1.43414261 1.7655364
 1.88198455 1.88238879 1.97483961 1.97518141 3.39856946 3.44662169]
  18 ( 0.250  0.000  0.500)   [-0.12525907 -0.01994411  0.08694605  0.13510822] [0.28017351 0.39085363 0.43396993 0.44703808 0.60324319 0.63227639
 0.69138235 0.69588192 0.7123942  0.86154424 0.93187373 0.93419916
 0.97814125 1.00119495 1.00887543 1.1309527  1.15786102 1.2206795
 1.23255357 1.36982315 1.40092859 1.41965374 1.62961358 1.64160607
 1.81509769 1.81981232 1.91930478 2.05320582 3.41176072 3.43626319]
  19 ( 0.250  0.000  0.750)   [-0.14976128  0.01307456  0.07925762  0.16720618] [0.31369592 0.40170273 0.41418724 0.44644313 0.47804556 0.58349173
 0.69750982 0.72775119 0.73105301 0.86467217 0.88277918 0.9087363
 0.9402015  1.05433629 1.111481   1.15478266 1.19582274 1.23727247
 1.25913025 1.31008382 1.40063433 1.44667244 1.49655968 1.54824922
 1.59224405 1.77220306 1.96289175 2.04348089 3.41952429 3.42136128]
  20 ( 0.250  0.250  0.000)   [-0.18467934  0.08478296  0.14689868  0.14689874] [0.26443536 0.34221887 0.43795981 0.43795995 0.51523796 0.57837525
 0.64171731 0.72373959 0.72374358 0.74583719 0.88692892 0.88692893
 0.98435501 0.99017384 1.0766112  1.26460441 1.26529429 1.31340011
 1.31340418 1.39555375 1.39566568 1.42850136 1.43414261 1.76553641
 1.88198463 1.88238874 1.97483962 1.97518131 3.39856946 3.44662169]
  21 ( 0.250  0.250  0.250)   [-0.19500584  0.07104404  0.18792585  0.18792585] [0.2939748  0.3541868  0.3541868  0.46914588 0.50444065 0.50444065
 0.55764961 0.66152983 0.79683102 0.79683102 0.90846086 0.9202069
 0.9202069  0.96515728 1.1988226  1.1988226  1.26375949 1.26375949
 1.31729934 1.35221354 1.50275056 1.50275056 1.59254766 1.59254766
 1.74909699 1.91277003 1.95316579 1.9531658  3.40138725 3.44675216]
  22 ( 0.250  0.250  0.500)   [-0.14976128  0.01307456  0.07925762  0.16720618] [0.31369592 0.40170274 0.41418723 0.44644313 0.47804556 0.58349173
 0.69750991 0.72775091 0.73105284 0.86467086 0.88277941 0.9087363
 0.94020397 1.05433499 1.11148092 1.1547813  1.19582382 1.23727735
 1.2591299  1.31007415 1.40063432 1.44667191 1.4965962  1.54824878
 1.59224673 1.77220028 1.9628895  2.0435684  3.41952477 3.4213609 ]
  23 ( 0.250  0.250  0.750)   [-0.12525908 -0.01994411  0.08694605  0.13510822] [0.28017349 0.39085362 0.43396992 0.44703808 0.60324307 0.63227639
 0.69138235 0.69588199 0.71239348 0.86154341 0.93187379 0.93419881
 0.97813992 1.00119272 1.00887547 1.13094527 1.15786081 1.22067917
 1.23255454 1.36980422 1.400925   1.41965602 1.62960129 1.64160928
 1.81507989 1.8198283  1.91930303 2.05308694 3.41176067 3.43626137]
  24 ( 0.250  0.500  0.000)   [-0.12525907 -0.01994411  0.08694605  0.13510822] [0.28017351 0.39085363 0.43396993 0.44703808 0.60324319 0.63227639
 0.69138235 0.69588192 0.7123942  0.86154424 0.93187373 0.93419917
 0.97814125 1.00119496 1.00887543 1.13095269 1.15786102 1.2206795
 1.23255357 1.36982315 1.40092857 1.41965373 1.62961358 1.64160607
 1.81509765 1.81981232 1.91930479 2.05320574 3.41176072 3.4362632 ]
  25 ( 0.250  0.500  0.250)   [-0.14976128  0.01307456  0.07925762  0.16720618] [0.31369592 0.40170274 0.41418724 0.44644313 0.47804556 0.58349173
 0.69750991 0.72775091 0.73105283 0.86467087 0.88277941 0.9087363
 0.94020397 1.05433501 1.11148092 1.1547813  1.19582382 1.23727735
 1.2591299  1.3100742  1.40063432 1.44667192 1.49659619 1.54824877
 1.59224673 1.77220028 1.9628895  2.04356844 3.41952476 3.42136093]
  26 ( 0.250  0.500  0.500)   [-0.12525908 -0.01994411  0.08694605  0.13510822] [0.28017349 0.39085361 0.43396993 0.44703808 0.60324314 0.63227639
 0.69138232 0.69588199 0.71239371 0.86154267 0.93187379 0.93419768
 0.9781371  1.0011943  1.00887547 1.13095617 1.1578602  1.22068053
 1.23255449 1.36980151 1.40091514 1.41965594 1.62959281 1.64160912
 1.81500763 1.81982753 1.9192957  2.05309348 3.41176074 3.43626129]
  27 ( 0.250  0.500  0.750)   [-0.06722407 -0.06722407  0.07572771  0.07572772] [0.38463521 0.38463522 0.40807479 0.4080748  0.62424453 0.62424453
 0.71522168 0.71522177 0.85383752 0.85383963 0.93370095 0.933701
 0.96215878 0.96215899 1.00150513 1.00150514 1.12561332 1.12561917
 1.32667842 1.32668161 1.38947433 1.38947592 1.69120628 1.69120631
 1.77777505 1.77780858 2.16701608 2.16703493 3.40880123 3.40880132]
  28 ( 0.250  0.750  0.000)   [-0.14976128  0.01307456  0.07925762  0.16720618] [0.31369592 0.40170273 0.41418724 0.44644313 0.47804556 0.58349173
 0.69750982 0.72775119 0.73105302 0.86467217 0.88277918 0.9087363
 0.9402015  1.05433629 1.111481   1.15478267 1.19582276 1.23727247
 1.25913025 1.31008382 1.40063433 1.44667243 1.49655969 1.54824922
 1.59224405 1.77220306 1.96289174 2.04348088 3.41952429 3.42136131]
  29 ( 0.250  0.750  0.250)   [-0.12525908 -0.01994411  0.08694605  0.13510822] [0.28017349 0.39085362 0.43396993 0.44703808 0.60324307 0.63227639
 0.69138235 0.695882   0.71239348 0.86154341 0.93187379 0.93419881
 0.97813992 1.00119273 1.00887547 1.13094528 1.15786082 1.22067918
 1.23255454 1.36980425 1.400925   1.41965602 1.62960128 1.64160928
 1.81507989 1.81982829 1.91930303 2.05308691 3.41176068 3.43626139]
  30 ( 0.250  0.750  0.500)   [-0.06722407 -0.06722407  0.07572771  0.07572772] [0.38463521 0.38463522 0.40807479 0.4080748  0.62424453 0.62424453
 0.71522168 0.71522177 0.85383752 0.85383962 0.93370095 0.93370099
 0.96215878 0.96215899 1.00150513 1.00150514 1.12561332 1.12561916
 1.32667841 1.3266816  1.38947433 1.38947592 1.69120628 1.69120631
 1.77777505 1.77780858 2.16701607 2.16703493 3.40880122 3.40880131]
  31 ( 0.250  0.750  0.750)   [-0.12525908 -0.01994411  0.08694605  0.13510822] [0.28017349 0.39085362 0.43396993 0.44703808 0.60324307 0.63227639
 0.69138235 0.695882   0.71239348 0.86154341 0.93187379 0.93419881
 0.97813992 1.00119274 1.00887547 1.13094528 1.15786082 1.22067918
 1.23255454 1.36980427 1.40092501 1.41965602 1.6296013  1.64160928
 1.81507992 1.81982829 1.91930303 2.05308709 3.41176068 3.43626139]
  32 ( 0.500 -0.000 -0.000)   [-0.1394893  -0.04028392  0.17130233  0.17130233] [0.27565873 0.35060018 0.35060018 0.51218664 0.63501897 0.64181252
 0.64181253 0.65319336 0.6531934  0.68951969 0.96576873 0.97531247
 1.05813648 1.05813668 1.12189482 1.1218949  1.25285974 1.2853193
 1.28531943 1.41132097 1.41132156 1.52651258 1.55568944 1.55568952
 1.68426237 1.87382914 1.87383759 2.49682563 3.43927397 3.46758865]
  33 ( 0.500 -0.000  0.250)   [-0.12525907 -0.01994411  0.08694605  0.13510822] [0.28017351 0.39085362 0.43396993 0.44703808 0.60324319 0.63227639
 0.69138235 0.69588192 0.7123942  0.86154424 0.93187373 0.93419916
 0.97814125 1.00119497 1.00887543 1.1309527  1.15786102 1.22067951
 1.23255357 1.36982318 1.40092859 1.41965374 1.62961359 1.64160607
 1.8150977  1.81981231 1.91930478 2.05320591 3.41176072 3.4362632 ]
  34 ( 0.500  0.000  0.500)   [-0.07297978 -0.07297978  0.11142302  0.11142302] [0.2507767  0.2507767  0.59326138 0.5932618  0.65817529 0.65817529
 0.69259918 0.69259918 0.72870989 0.72870989 0.97170199 0.971702
 0.97414681 0.97414681 0.98205618 0.98230998 1.03188999 1.03189
 1.25394146 1.25394146 1.41083266 1.41135749 1.68252857 1.68252862
 1.87824191 1.87829185 2.08548979 2.08548982 3.41414833 3.41414834]
  35 ( 0.500  0.000  0.750)   [-0.12525907 -0.01994411  0.08694605  0.13510822] [0.28017351 0.39085362 0.43396993 0.44703808 0.60324319 0.63227639
 0.69138235 0.69588192 0.7123942  0.86154424 0.93187373 0.93419916
 0.97814125 1.00119497 1.00887543 1.1309527  1.15786102 1.22067951
 1.23255357 1.36982318 1.40092859 1.41965374 1.62961359 1.64160607
 1.8150977  1.81981231 1.91930478 2.05320595 3.41176072 3.4362632 ]
  36 ( 0.500  0.250 -0.000)   [-0.12525907 -0.01994411  0.08694605  0.13510822] [0.28017351 0.39085363 0.43396993 0.44703808 0.60324319 0.63227639
 0.69138235 0.69588192 0.7123942  0.86154424 0.93187373 0.93419917
 0.97814125 1.00119496 1.00887543 1.13095269 1.15786102 1.22067951
 1.23255357 1.36982317 1.40092858 1.41965373 1.6296136  1.64160607
 1.81509767 1.81981231 1.91930479 2.05320587 3.41176072 3.4362632 ]
  37 ( 0.500  0.250  0.250)   [-0.14976128  0.01307456  0.07925762  0.16720618] [0.31369592 0.40170274 0.41418724 0.44644313 0.47804556 0.58349173
 0.69750991 0.72775091 0.73105283 0.86467088 0.88277941 0.9087363
 0.94020397 1.05433501 1.11148092 1.15478131 1.19582382 1.23727735
 1.2591299  1.31007422 1.40063432 1.44667192 1.49659621 1.54824877
 1.59224673 1.77220027 1.9628895  2.04356841 3.41952476 3.42136093]
  38 ( 0.500  0.250  0.500)   [-0.12525908 -0.01994411  0.08694605  0.13510822] [0.28017349 0.39085361 0.43396993 0.44703808 0.60324314 0.63227639
 0.69138232 0.69588199 0.7123937  0.86154267 0.93187379 0.93419768
 0.9781371  1.0011943  1.00887547 1.13095617 1.1578602  1.22068053
 1.23255449 1.36980151 1.40091514 1.41965594 1.62959281 1.64160912
 1.81500763 1.81982754 1.9192957  2.05309347 3.41176074 3.4362613 ]
  39 ( 0.500  0.250  0.750)   [-0.06722407 -0.06722407  0.07572771  0.07572772] [0.38463521 0.38463522 0.40807479 0.4080748  0.62424453 0.62424453
 0.71522168 0.71522177 0.85383752 0.85383963 0.93370095 0.933701
 0.96215878 0.96215899 1.00150513 1.00150514 1.12561332 1.12561917
 1.32667842 1.32668161 1.38947433 1.38947592 1.69120628 1.69120631
 1.77777505 1.77780858 2.16701608 2.16703493 3.40880123 3.40880132]
  40 ( 0.500  0.500  0.000)   [-0.07297978 -0.07297978  0.11142302  0.11142302] [0.2507767  0.2507767  0.59326138 0.5932618  0.65817529 0.65817529
 0.69259918 0.69259918 0.72870989 0.72870989 0.97170199 0.971702
 0.97414681 0.97414681 0.98205618 0.98230999 1.03188998 1.03189
 1.25394146 1.25394146 1.41083283 1.41135743 1.68252857 1.68252862
 1.87824192 1.87829186 2.08548979 2.08548981 3.41414832 3.41414834]
  41 ( 0.500  0.500  0.250)   [-0.12525908 -0.01994411  0.08694605  0.13510822] [0.28017349 0.39085361 0.43396993 0.44703808 0.60324314 0.63227639
 0.69138232 0.69588199 0.71239371 0.86154266 0.93187379 0.93419768
 0.9781371  1.0011943  1.00887547 1.13095617 1.1578602  1.22068053
 1.23255449 1.36980149 1.40091514 1.41965595 1.62959281 1.64160912
 1.81500762 1.81982753 1.9192957  2.05309342 3.41176074 3.43626129]
  42 ( 0.500  0.500  0.500)   [-0.13948929 -0.04028392  0.17130233  0.17130233] [0.27565871 0.35060018 0.35060018 0.51218673 0.63501884 0.64181252
 0.64181252 0.65319341 0.65319341 0.68951976 0.96577675 0.97531244
 1.05813671 1.05813671 1.12189481 1.12189481 1.25286008 1.28531945
 1.28531945 1.41132093 1.41132093 1.52649563 1.55568954 1.55568954
 1.68422374 1.87382851 1.87382852 2.49717168 3.43927376 3.4676038 ]
  43 ( 0.500  0.500  0.750)   [-0.12525908 -0.01994411  0.08694605  0.13510822] [0.28017349 0.39085361 0.43396993 0.44703808 0.60324314 0.63227639
 0.69138232 0.69588199 0.71239371 0.86154266 0.93187379 0.93419768
 0.9781371  1.0011943  1.00887547 1.13095617 1.1578602  1.22068053
 1.23255449 1.3698015  1.40091514 1.41965595 1.62959282 1.64160912
 1.81500763 1.81982753 1.9192957  2.05309347 3.41176074 3.43626129]
  44 ( 0.500  0.750  0.000)   [-0.12525907 -0.01994411  0.08694605  0.13510822] [0.28017351 0.39085363 0.43396993 0.44703808 0.60324319 0.63227639
 0.69138235 0.69588192 0.7123942  0.86154424 0.93187373 0.93419917
 0.97814125 1.00119496 1.00887543 1.13095269 1.15786102 1.22067951
 1.23255357 1.36982317 1.40092858 1.41965373 1.6296136  1.64160607
 1.81509767 1.81981231 1.91930479 2.05320588 3.41176072 3.4362632 ]
  45 ( 0.500  0.750  0.250)   [-0.06722407 -0.06722407  0.07572771  0.07572772] [0.38463521 0.38463522 0.40807479 0.4080748  0.62424453 0.62424453
 0.71522168 0.71522177 0.85383752 0.85383963 0.93370095 0.933701
 0.96215878 0.96215899 1.00150513 1.00150514 1.12561332 1.12561917
 1.32667842 1.32668161 1.38947433 1.38947592 1.69120628 1.69120631
 1.77777505 1.77780858 2.16701607 2.16703493 3.40880123 3.40880132]
  46 ( 0.500  0.750  0.500)   [-0.12525908 -0.01994411  0.08694605  0.13510822] [0.28017349 0.39085361 0.43396993 0.44703808 0.60324314 0.63227639
 0.69138232 0.69588199 0.7123937  0.86154267 0.93187379 0.93419768
 0.9781371  1.0011943  1.00887547 1.13095617 1.1578602  1.22068053
 1.23255449 1.3698015  1.40091514 1.41965594 1.62959281 1.64160912
 1.81500763 1.81982754 1.9192957  2.05309344 3.41176074 3.4362613 ]
  47 ( 0.500  0.750  0.750)   [-0.14976128  0.01307456  0.07925762  0.16720618] [0.31369592 0.40170274 0.41418724 0.44644313 0.47804556 0.58349173
 0.69750991 0.72775091 0.73105283 0.86467088 0.88277941 0.9087363
 0.94020397 1.05433501 1.11148092 1.15478131 1.19582382 1.23727735
 1.2591299  1.31007423 1.40063432 1.44667192 1.4965962  1.54824877
 1.59224673 1.77220027 1.96288951 2.04356843 3.41952476 3.42136093]
  48 ( 0.750 -0.000 -0.000)   [-0.19500583  0.07104405  0.18792585  0.18792585] [0.29397481 0.35418679 0.3541868  0.46914588 0.50444065 0.50444069
 0.55764989 0.66153041 0.79683051 0.79683101 0.90846904 0.92020689
 0.92020692 0.96518453 1.19882261 1.1988227  1.26375942 1.2637595
 1.31729927 1.35228449 1.50274809 1.50274944 1.5925427  1.59254655
 1.7490937  1.9127812  1.9531449  1.95316137 3.40138766 3.44675238]
  49 ( 0.750 -0.000  0.250)   [-0.14976128  0.01307456  0.07925762  0.16720618] [0.31369592 0.40170273 0.41418724 0.44644313 0.47804556 0.58349173
 0.69750982 0.72775119 0.73105301 0.86467217 0.88277918 0.9087363
 0.9402015  1.05433629 1.111481   1.15478266 1.19582274 1.23727247
 1.25913025 1.31008382 1.40063433 1.44667244 1.49655968 1.54824922
 1.59224405 1.77220306 1.96289175 2.04348089 3.41952429 3.42136128]
  50 ( 0.750 -0.000  0.500)   [-0.12525907 -0.01994411  0.08694605  0.13510822] [0.28017351 0.39085363 0.43396993 0.44703808 0.60324319 0.63227639
 0.69138235 0.69588192 0.7123942  0.86154424 0.93187373 0.93419916
 0.97814125 1.00119495 1.00887543 1.13095269 1.15786102 1.2206795
 1.23255357 1.36982315 1.40092859 1.41965374 1.62961357 1.64160607
 1.81509768 1.81981232 1.91930478 2.05320579 3.41176072 3.43626319]
  51 ( 0.750  0.000  0.750)   [-0.18467934  0.08478296  0.14689868  0.14689874] [0.26443536 0.34221886 0.43795981 0.43795995 0.51523796 0.57837525
 0.64171731 0.72373959 0.72374358 0.74583718 0.88692892 0.88692893
 0.98435501 0.99017384 1.0766112  1.26460441 1.26529429 1.31340011
 1.31340419 1.39555375 1.3956657  1.42850136 1.43414261 1.7655364
 1.8819846  1.88238882 1.97483965 1.97518144 3.39856946 3.44662169]
  52 ( 0.750  0.250 -0.000)   [-0.14976128  0.01307456  0.07925762  0.16720618] [0.31369592 0.40170273 0.41418724 0.44644313 0.47804556 0.58349173
 0.69750982 0.72775119 0.73105302 0.86467217 0.88277918 0.9087363
 0.9402015  1.05433629 1.111481   1.15478267 1.19582276 1.23727247
 1.25913025 1.31008382 1.40063433 1.44667243 1.49655969 1.54824922
 1.59224405 1.77220306 1.96289174 2.04348089 3.41952429 3.42136131]
  53 ( 0.750  0.250  0.250)   [-0.12525908 -0.01994411  0.08694605  0.13510822] [0.28017349 0.39085362 0.43396993 0.44703808 0.60324307 0.63227639
 0.69138235 0.695882   0.71239348 0.86154341 0.93187379 0.93419881
 0.97813992 1.00119274 1.00887547 1.13094528 1.15786082 1.22067918
 1.23255454 1.36980426 1.40092501 1.41965602 1.62960129 1.64160928
 1.81507991 1.8198283  1.91930303 2.05308706 3.41176068 3.43626139]
  54 ( 0.750  0.250  0.500)   [-0.06722407 -0.06722407  0.07572771  0.07572772] [0.38463521 0.38463522 0.40807479 0.4080748  0.62424453 0.62424453
 0.71522168 0.71522177 0.85383752 0.85383962 0.93370095 0.93370099
 0.96215878 0.96215899 1.00150513 1.00150514 1.12561332 1.12561916
 1.32667841 1.3266816  1.38947433 1.38947592 1.69120628 1.69120631
 1.77777505 1.77780858 2.16701607 2.16703493 3.40880122 3.40880131]
  55 ( 0.750  0.250  0.750)   [-0.12525908 -0.01994411  0.08694605  0.13510822] [0.28017349 0.39085362 0.43396993 0.44703808 0.60324307 0.63227639
 0.69138235 0.695882   0.71239348 0.86154341 0.93187379 0.93419881
 0.97813992 1.00119273 1.00887547 1.13094528 1.15786082 1.22067918
 1.23255454 1.36980425 1.400925   1.41965602 1.62960128 1.64160928
 1.8150799  1.8198283  1.91930303 2.05308696 3.41176068 3.43626139]
  56 ( 0.750  0.500 -0.000)   [-0.12525907 -0.01994411  0.08694605  0.13510822] [0.28017351 0.39085363 0.43396993 0.44703808 0.60324319 0.63227639
 0.69138235 0.69588192 0.7123942  0.86154424 0.93187373 0.93419917
 0.97814125 1.00119496 1.00887543 1.13095269 1.15786102 1.2206795
 1.23255357 1.36982315 1.40092858 1.41965373 1.62961358 1.64160607
 1.81509765 1.81981232 1.91930479 2.05320576 3.41176072 3.4362632 ]
  57 ( 0.750  0.500  0.250)   [-0.06722407 -0.06722407  0.07572771  0.07572772] [0.38463521 0.38463522 0.40807479 0.4080748  0.62424453 0.62424453
 0.71522168 0.71522177 0.85383752 0.85383963 0.93370095 0.933701
 0.96215878 0.96215899 1.00150513 1.00150514 1.12561332 1.12561917
 1.32667842 1.32668161 1.38947433 1.38947592 1.69120628 1.69120631
 1.77777505 1.77780857 2.16701608 2.16703493 3.40880123 3.40880132]
  58 ( 0.750  0.500  0.500)   [-0.12525908 -0.01994411  0.08694605  0.13510822] [0.28017349 0.39085361 0.43396993 0.44703808 0.60324314 0.63227639
 0.69138232 0.69588199 0.71239371 0.86154267 0.93187379 0.93419768
 0.9781371  1.0011943  1.00887547 1.13095617 1.1578602  1.22068053
 1.23255449 1.36980151 1.40091514 1.41965594 1.62959281 1.64160912
 1.81500763 1.81982754 1.9192957  2.05309348 3.41176074 3.43626129]
  59 ( 0.750  0.500  0.750)   [-0.14976128  0.01307456  0.07925762  0.16720618] [0.31369592 0.40170274 0.41418724 0.44644313 0.47804556 0.58349173
 0.69750991 0.72775091 0.73105283 0.86467087 0.88277941 0.9087363
 0.94020397 1.05433501 1.11148092 1.1547813  1.19582382 1.23727735
 1.2591299  1.3100742  1.40063432 1.44667192 1.49659619 1.54824877
 1.59224673 1.77220028 1.9628895  2.04356845 3.41952476 3.42136093]
  60 ( 0.750  0.750  0.000)   [-0.18467934  0.08478296  0.14689868  0.14689874] [0.26443536 0.34221887 0.43795981 0.43795995 0.51523796 0.57837525
 0.64171731 0.72373959 0.72374358 0.74583719 0.88692892 0.88692893
 0.98435501 0.99017384 1.0766112  1.26460441 1.26529429 1.31340011
 1.31340418 1.39555375 1.39566569 1.42850136 1.43414261 1.76553641
 1.88198462 1.88238875 1.97483961 1.97518132 3.39856946 3.44662169]
  61 ( 0.750  0.750  0.250)   [-0.12525908 -0.01994411  0.08694605  0.13510822] [0.28017349 0.39085362 0.43396992 0.44703808 0.60324307 0.63227639
 0.69138235 0.69588199 0.71239348 0.86154341 0.93187379 0.93419881
 0.97813992 1.00119272 1.00887547 1.13094527 1.15786081 1.22067917
 1.23255454 1.36980421 1.400925   1.41965602 1.62960129 1.64160928
 1.81507988 1.8198283  1.91930303 2.05308691 3.41176067 3.43626137]
  62 ( 0.750  0.750  0.500)   [-0.14976128  0.01307456  0.07925762  0.16720618] [0.31369592 0.40170274 0.41418723 0.44644313 0.47804556 0.58349173
 0.69750991 0.72775091 0.73105284 0.86467086 0.88277941 0.9087363
 0.94020397 1.05433499 1.11148092 1.1547813  1.19582382 1.23727735
 1.2591299  1.31007416 1.40063432 1.44667191 1.49659621 1.54824878
 1.59224673 1.77220028 1.9628895  2.04356839 3.41952477 3.4213609 ]
  63 ( 0.750  0.750  0.750)   [-0.19500584  0.07104404  0.18792585  0.18792585] [0.2939748  0.3541868  0.3541868  0.46914588 0.50444065 0.50444065
 0.55764961 0.66152983 0.79683102 0.79683102 0.90846086 0.9202069
 0.9202069  0.96515728 1.1988226  1.1988226  1.26375949 1.26375949
 1.31729934 1.35221354 1.50275056 1.50275056 1.59254766 1.59254766
 1.74909698 1.91277003 1.9531658  1.9531658  3.40138725 3.44675216]
nelec by numeric integration = 7.999999999787212
    CPU time for vxc      6.54 sec, wall time      5.26 sec
    CPU time for vj and vk     11.61 sec, wall time      9.08 sec
E1 = (2.3906019207630793+5.541500452141499e-15j)  Ecoul = 0.572639086250401  Exc = -2.407090606153632
cycle= 1 E= -7.84177488667699  delta_E= 0.183  |g|= 0.466  |ddm|= 9.32e+04
    CPU time for cycle= 1     18.62 sec, wall time     14.45 sec
HOMO = 0.239745756776  LUMO = 0.257114087149
     k-point                  mo_energy
   0 ( 0.000  0.000  0.000)   [-0.20644144  0.23974575  0.23974576  0.23974576] [0.33073859 0.3307386  0.3307386  0.3569784  0.51562777 0.54143145
 0.54143145 0.6511699  0.6511699  0.65117015 0.78196957 1.15613105
 1.15613105 1.15613135 1.18776286 1.18777099 1.18777099 1.22452172
 1.22452172 1.62782442 1.62782833 1.62782833 1.86108736 1.86108736
 1.86108789 2.12724267 2.12759225 2.12759228 3.40303763 3.5070164 ]
   1 ( 0.000  0.000  0.250)   [-0.1771477   0.08993108  0.20975681  0.20975682] [0.3093516  0.36725943 0.36725944 0.48813109 0.51307288 0.51307293
 0.55785246 0.66772161 0.80327455 0.80327514 0.92008013 0.93303075
 0.93303075 0.96484541 1.21496967 1.21496978 1.28327473 1.2832748
 1.33406284 1.36236148 1.51103332 1.51103489 1.60128483 1.60128856
 1.75852767 1.9242746  1.96575131 1.96576766 3.44443773 3.48931666]
   2 ( 0.000  0.000  0.500)   [-0.11918809 -0.02494333  0.19281393  0.19281394] [0.29134549 0.36034761 0.36034761 0.51103659 0.64957651 0.65547552
 0.65547554 0.66491183 0.66491188 0.70831701 0.97264081 0.9902706
 1.06461712 1.06461731 1.13837857 1.13837867 1.26528294 1.30457723
 1.30457735 1.41932707 1.41932769 1.53099434 1.56409267 1.56409274
 1.69263866 1.8806754  1.8806838  2.51192808 3.48130637 3.50981072]
   3 ( 0.000  0.000  0.750)   [-0.1771477   0.08993108  0.20975681  0.20975682] [0.3093516  0.36725943 0.36725944 0.48813109 0.51307288 0.51307293
 0.55785246 0.66772161 0.80327455 0.80327514 0.92008013 0.93303075
 0.93303075 0.96484541 1.21496967 1.21496978 1.28327473 1.2832748
 1.33406284 1.36236148 1.51103332 1.51103489 1.60128483 1.60128856
 1.75852767 1.9242746  1.96575131 1.96576766 3.44443773 3.48931666]
   4 (-0.000  0.250  0.000)   [-0.1771477   0.08993108  0.20975681  0.20975682] [0.3093516  0.36725943 0.36725944 0.48813109 0.51307288 0.51307293
 0.55785246 0.66772161 0.80327455 0.80327514 0.92008012 0.93303075
 0.93303075 0.96484542 1.21496967 1.21496978 1.28327473 1.2832748
 1.33406284 1.36236143 1.51103332 1.51103489 1.60128483 1.60128856
 1.75852765 1.9242746  1.96575131 1.96576767 3.44443773 3.48931665]
   5 ( 0.000  0.250  0.250)   [-0.16666605  0.10800199  0.16573118  0.16573122] [0.27339536 0.34966364 0.4554798  0.4554799  0.53530348 0.59091453
 0.64766222 0.72612688 0.72613159 0.74692226 0.89968149 0.89968157
 1.00086528 1.00580212 1.08949091 1.26915737 1.27783798 1.33300296
 1.3330071  1.40278486 1.40290222 1.44291766 1.44314436 1.77530528
 1.88906991 1.88949713 1.98406041 1.98437217 3.44189297 3.48936322]
   6 ( 0.000  0.250  0.500)   [-0.10543098 -0.00029751  0.10222008  0.153825  ] [0.28810874 0.40159612 0.45098207 0.46029029 0.61603131 0.64537656
 0.70954185 0.7103277  0.71667904 0.87107301 0.94347104 0.95228972
 0.98563986 1.01591915 1.01947419 1.13730197 1.16788954 1.23330619
 1.24690683 1.37662431 1.41166837 1.42993303 1.63790558 1.64816038
 1.82467324 1.83022854 1.92943165 2.06582247 3.45455994 3.4786639 ]
   7 ( 0.000  0.250  0.750)   [-0.13070503  0.03375965  0.09321665  0.18790063] [0.32413765 0.41499384 0.43025218 0.46002859 0.48632557 0.59649406
 0.70698376 0.73347935 0.74148243 0.87182484 0.90103276 0.92498905
 0.95558459 1.07180612 1.11490009 1.16674768 1.19736384 1.25253429
 1.26876413 1.32251702 1.41044917 1.45672469 1.50768664 1.55617229
 1.5999802  1.78194783 1.9745097  2.0523251  3.46239604 3.46421035]
   8 (-0.000  0.500  0.000)   [-0.11918809 -0.02494333  0.19281393  0.19281394] [0.29134549 0.36034761 0.36034761 0.51103659 0.64957651 0.65547552
 0.65547554 0.66491183 0.66491188 0.70831701 0.97264083 0.99027059
 1.06461712 1.06461731 1.13837857 1.13837867 1.26528294 1.30457723
 1.30457735 1.41932707 1.41932769 1.53099432 1.56409267 1.56409274
 1.69263853 1.8806754  1.8806838  2.51192803 3.4813064  3.5098108 ]
   9 (-0.000  0.500  0.250)   [-0.10543098 -0.00029751  0.10222008  0.153825  ] [0.28810874 0.40159612 0.45098207 0.46029029 0.61603131 0.64537656
 0.70954186 0.7103277  0.71667904 0.87107301 0.94347104 0.95228972
 0.98563986 1.01591917 1.0194742  1.13730198 1.16788954 1.23330619
 1.24690683 1.37662432 1.41166837 1.42993303 1.63790557 1.64816039
 1.82467324 1.83022852 1.92943165 2.06582243 3.45455995 3.4786639 ]
  10 ( 0.000  0.500  0.500)   [-0.05260571 -0.0526057   0.12911307  0.12911307] [0.25711409 0.25711409 0.61125539 0.61125564 0.67360896 0.67360896
 0.71123557 0.7112356  0.74236663 0.74236664 0.97315726 0.97315727
 0.9846307  0.9846307  0.98729019 0.98756318 1.03547393 1.03547403
 1.27196855 1.27196857 1.42802943 1.42853632 1.69248015 1.6924802
 1.88631086 1.88635946 2.09597106 2.0959711  3.45702565 3.45713303]
  11 ( 0.000  0.500  0.750)   [-0.10543098 -0.00029751  0.10222008  0.153825  ] [0.28810874 0.40159612 0.45098207 0.46029029 0.61603131 0.64537656
 0.70954186 0.7103277  0.71667904 0.87107301 0.94347104 0.95228972
 0.98563986 1.01591917 1.0194742  1.13730198 1.16788954 1.23330619
 1.24690683 1.37662432 1.41166837 1.42993303 1.63790558 1.64816039
 1.82467324 1.83022852 1.92943165 2.06582244 3.45455995 3.4786639 ]
  12 (-0.000  0.750  0.000)   [-0.1771477   0.08993108  0.20975681  0.20975682] [0.3093516  0.36725943 0.36725944 0.48813109 0.51307288 0.51307293
 0.55785246 0.66772161 0.80327455 0.80327514 0.92008012 0.93303075
 0.93303075 0.96484542 1.21496967 1.21496978 1.28327473 1.2832748
 1.33406284 1.36236144 1.51103332 1.51103489 1.60128483 1.60128856
 1.75852765 1.9242746  1.96575131 1.96576767 3.44443773 3.48931665]
  13 (-0.000  0.750  0.250)   [-0.13070503  0.03375965  0.09321665  0.18790063] [0.32413765 0.41499384 0.43025218 0.46002859 0.48632557 0.59649406
 0.70698376 0.73347935 0.74148243 0.87182484 0.90103276 0.92498905
 0.95558459 1.07180612 1.11490009 1.16674768 1.19736384 1.25253429
 1.26876413 1.32251702 1.41044917 1.45672469 1.50768664 1.55617229
 1.5999802  1.78194783 1.97450971 2.0523251  3.46239604 3.46421035]
  14 (-0.000  0.750  0.500)   [-0.10543098 -0.00029751  0.10222008  0.153825  ] [0.28810874 0.40159612 0.45098207 0.46029029 0.61603131 0.64537656
 0.70954185 0.7103277  0.71667904 0.87107301 0.94347104 0.95228972
 0.98563986 1.01591915 1.01947419 1.13730197 1.16788954 1.23330619
 1.24690683 1.37662431 1.41166837 1.42993303 1.63790558 1.64816038
 1.82467325 1.83022854 1.92943165 2.06582247 3.45455994 3.4786639 ]
  15 ( 0.000  0.750  0.750)   [-0.16666605  0.10800199  0.16573118  0.16573122] [0.27339536 0.34966364 0.4554798  0.4554799  0.53530348 0.59091453
 0.64766222 0.72612688 0.72613159 0.74692226 0.89968149 0.89968157
 1.00086528 1.00580212 1.08949091 1.26915737 1.27783798 1.33300296
 1.3330071  1.40278487 1.40290223 1.44291766 1.44314436 1.77530528
 1.88906997 1.88949716 1.98406045 1.98437219 3.44189297 3.48936322]
  16 ( 0.250 -0.000 -0.000)   [-0.1771477   0.08993108  0.20975681  0.20975682] [0.3093516  0.36725943 0.36725944 0.48813109 0.51307288 0.51307293
 0.55785246 0.66772161 0.80327455 0.80327514 0.92008012 0.93303075
 0.93303075 0.96484542 1.21496967 1.21496978 1.28327473 1.2832748
 1.33406284 1.36236143 1.51103332 1.51103489 1.60128483 1.60128856
 1.75852764 1.9242746  1.96575131 1.96576768 3.44443773 3.48931664]
  17 ( 0.250  0.000  0.250)   [-0.16666605  0.10800199  0.16573118  0.16573122] [0.27339536 0.34966364 0.4554798  0.4554799  0.53530348 0.59091453
 0.64766222 0.72612688 0.72613159 0.74692226 0.89968149 0.89968157
 1.00086528 1.00580212 1.08949091 1.26915737 1.27783798 1.33300296
 1.3330071  1.40278481 1.40290227 1.44291766 1.44314436 1.77530528
 1.88906965 1.88949738 1.98406021 1.98437236 3.44189297 3.48936322]
  18 ( 0.250  0.000  0.500)   [-0.10543098 -0.00029751  0.10222008  0.153825  ] [0.28810874 0.40159612 0.45098207 0.46029029 0.61603131 0.64537656
 0.70954185 0.7103277  0.71667904 0.87107301 0.94347104 0.95228972
 0.98563986 1.01591915 1.01947419 1.13730198 1.16788954 1.23330619
 1.24690683 1.37662431 1.41166837 1.42993303 1.63790558 1.64816038
 1.82467324 1.83022853 1.92943165 2.0658225  3.45455994 3.4786639 ]
  19 ( 0.250  0.000  0.750)   [-0.13070503  0.03375965  0.09321665  0.18790063] [0.32413765 0.41499384 0.43025218 0.46002859 0.48632557 0.59649406
 0.70698376 0.73347935 0.74148243 0.87182484 0.90103276 0.92498905
 0.95558459 1.07180613 1.11490009 1.16674769 1.19736384 1.25253429
 1.26876413 1.32251705 1.41044917 1.45672469 1.50768665 1.55617229
 1.5999802  1.78194783 1.97450971 2.05232507 3.46239604 3.46421035]
  20 ( 0.250  0.250  0.000)   [-0.16666605  0.10800199  0.16573118  0.16573122] [0.27339536 0.34966364 0.4554798  0.4554799  0.53530348 0.59091453
 0.64766222 0.72612688 0.72613159 0.74692226 0.89968149 0.89968157
 1.00086527 1.00580212 1.08949091 1.26915737 1.27783798 1.33300296
 1.3330071  1.40278482 1.40290226 1.44291766 1.44314436 1.77530529
 1.88906973 1.88949732 1.98406022 1.98437227 3.44189297 3.48936322]
  21 ( 0.250  0.250  0.250)   [-0.17714771  0.08993107  0.20975681  0.20975682] [0.30935159 0.36725943 0.36725943 0.48813108 0.51307287 0.51307287
 0.5578521  0.66772103 0.80327516 0.80327516 0.9200656  0.93303073
 0.93303073 0.96482326 1.21496966 1.21496966 1.28327479 1.28327479
 1.33406203 1.36229294 1.51103609 1.51103609 1.60128961 1.60128962
 1.75853087 1.92426328 1.96577206 1.96577207 3.44443731 3.4893164 ]
  22 ( 0.250  0.250  0.500)   [-0.13070503  0.03375964  0.09321666  0.18790063] [0.32413765 0.41499384 0.43025218 0.46002859 0.48632557 0.59649406
 0.70698381 0.73347913 0.74148215 0.87182347 0.90103305 0.92498905
 0.95558745 1.07180464 1.11490001 1.16674623 1.19736487 1.25253989
 1.26876414 1.32250777 1.41044917 1.45672435 1.50772195 1.55617185
 1.59998298 1.78194507 1.97450748 2.05241208 3.46239649 3.46420996]
  23 ( 0.250  0.250  0.750)   [-0.10543098 -0.00029751  0.10222008  0.153825  ] [0.28810873 0.40159612 0.45098207 0.46029029 0.61603113 0.64537656
 0.70954195 0.71032766 0.71667834 0.871072   0.9434711  0.95228917
 0.98563822 1.01591695 1.01947424 1.13729454 1.16788928 1.23330584
 1.24690796 1.37660459 1.41166543 1.42993528 1.63789328 1.64816362
 1.8246562  1.83024434 1.92942996 2.0657037  3.45455989 3.47866216]
  24 ( 0.250  0.500  0.000)   [-0.10543098 -0.00029751  0.10222008  0.153825  ] [0.28810874 0.40159612 0.45098207 0.46029029 0.61603131 0.64537656
 0.70954186 0.7103277  0.71667904 0.87107301 0.94347104 0.95228973
 0.98563986 1.01591916 1.01947419 1.13730197 1.16788954 1.23330619
 1.24690683 1.37662431 1.41166836 1.42993303 1.63790558 1.64816039
 1.82467321 1.83022853 1.92943166 2.06582242 3.45455994 3.4786639 ]
  25 ( 0.250  0.500  0.250)   [-0.13070503  0.03375964  0.09321666  0.18790063] [0.32413765 0.41499384 0.43025218 0.46002859 0.48632557 0.59649406
 0.70698381 0.73347912 0.74148215 0.87182348 0.90103305 0.92498905
 0.95558745 1.07180466 1.11490001 1.16674623 1.19736487 1.2525399
 1.26876414 1.32250781 1.41044917 1.45672436 1.50772194 1.55617184
 1.59998298 1.78194507 1.97450749 2.05241211 3.46239649 3.46420999]
  26 ( 0.250  0.500  0.500)   [-0.10543099 -0.00029751  0.10222008  0.153825  ] [0.28810873 0.40159611 0.45098207 0.46029029 0.61603122 0.64537656
 0.70954195 0.71032771 0.71667853 0.87107106 0.9434711  0.95228748
 0.98563516 1.01591923 1.01947424 1.13730542 1.16788854 1.23330712
 1.2469079  1.37659988 1.41165671 1.4299352  1.63788414 1.64816345
 1.82458609 1.83024359 1.92942295 2.06570973 3.45455996 3.47866211]
  27 ( 0.250  0.500  0.750)   [-0.04593121 -0.0459312   0.0890339   0.0890339 ] [0.39503464 0.39503464 0.42186234 0.42186235 0.64193404 0.64193404
 0.72998937 0.72998947 0.86079404 0.86079635 0.936497   0.93649707
 0.98114052 0.98114069 1.02076626 1.0207663  1.13296362 1.13296993
 1.33104466 1.33104782 1.39965812 1.39965953 1.70100946 1.70100951
 1.79097298 1.79100618 2.17597477 2.17599348 3.45142245 3.45152933]
  28 ( 0.250  0.750  0.000)   [-0.13070503  0.03375965  0.09321665  0.18790063] [0.32413765 0.41499384 0.43025218 0.46002859 0.48632557 0.59649406
 0.70698376 0.73347935 0.74148242 0.87182484 0.90103276 0.92498905
 0.95558459 1.07180613 1.11490009 1.1667477  1.19736385 1.25253429
 1.26876413 1.32251704 1.41044917 1.45672469 1.50768666 1.55617229
 1.5999802  1.78194783 1.97450971 2.05232505 3.46239604 3.46421038]
  29 ( 0.250  0.750  0.250)   [-0.10543098 -0.00029751  0.10222008  0.153825  ] [0.28810873 0.40159612 0.45098207 0.46029029 0.61603113 0.64537656
 0.70954195 0.71032766 0.71667834 0.871072   0.9434711  0.95228916
 0.98563822 1.01591696 1.01947424 1.13729454 1.16788929 1.23330584
 1.24690796 1.37660462 1.41166543 1.42993528 1.63789326 1.64816362
 1.82465619 1.83024434 1.92942996 2.06570367 3.4545599  3.47866218]
  30 ( 0.250  0.750  0.500)   [-0.04593121 -0.0459312   0.0890339   0.0890339 ] [0.39503464 0.39503464 0.42186234 0.42186235 0.64193404 0.64193404
 0.72998937 0.72998947 0.86079404 0.86079635 0.936497   0.93649707
 0.98114052 0.98114069 1.02076626 1.0207663  1.13296362 1.13296993
 1.33104465 1.33104781 1.39965812 1.39965953 1.70100946 1.70100951
 1.79097297 1.79100618 2.17597476 2.17599348 3.45142244 3.45152932]
  31 ( 0.250  0.750  0.750)   [-0.10543098 -0.00029751  0.10222008  0.153825  ] [0.28810873 0.40159612 0.45098207 0.46029029 0.61603113 0.64537656
 0.70954195 0.71032766 0.71667834 0.871072   0.9434711  0.95228916
 0.98563822 1.01591696 1.01947424 1.13729454 1.16788929 1.23330584
 1.24690796 1.37660464 1.41166544 1.42993528 1.63789328 1.64816362
 1.82465622 1.83024433 1.92942996 2.06570386 3.4545599  3.47866218]
  32 ( 0.500 -0.000 -0.000)   [-0.11918809 -0.02494333  0.19281393  0.19281394] [0.29134549 0.36034761 0.36034761 0.51103659 0.64957651 0.65547552
 0.65547554 0.66491183 0.66491188 0.70831701 0.97264083 0.99027059
 1.06461712 1.06461731 1.13837857 1.13837867 1.26528294 1.30457723
 1.30457735 1.41932707 1.41932769 1.53099429 1.56409267 1.56409274
 1.69263844 1.88067541 1.8806838  2.51192808 3.4813064  3.5098108 ]
  33 ( 0.500 -0.000  0.250)   [-0.10543098 -0.00029751  0.10222008  0.153825  ] [0.28810874 0.40159612 0.45098207 0.46029029 0.61603131 0.64537656
 0.70954186 0.7103277  0.71667904 0.87107301 0.94347104 0.95228972
 0.98563986 1.01591917 1.01947419 1.13730198 1.16788954 1.23330619
 1.24690683 1.37662434 1.41166838 1.42993303 1.63790559 1.64816039
 1.82467325 1.83022852 1.92943165 2.06582259 3.45455995 3.4786639 ]
  34 ( 0.500  0.000  0.500)   [-0.05260571 -0.0526057   0.12911307  0.12911307] [0.25711409 0.25711409 0.61125539 0.61125564 0.67360896 0.67360896
 0.71123557 0.7112356  0.74236663 0.74236664 0.97315726 0.97315727
 0.9846307  0.9846307  0.98729015 0.98756321 1.03547393 1.03547403
 1.27196855 1.27196857 1.42802933 1.42853639 1.69248015 1.6924802
 1.88631084 1.88635947 2.09597106 2.0959711  3.45702565 3.45713303]
  35 ( 0.500  0.000  0.750)   [-0.10543098 -0.00029751  0.10222008  0.153825  ] [0.28810874 0.40159612 0.45098207 0.46029029 0.61603131 0.64537656
 0.70954186 0.7103277  0.71667904 0.87107301 0.94347104 0.95228972
 0.98563986 1.01591917 1.01947419 1.13730198 1.16788954 1.23330619
 1.24690683 1.37662435 1.41166838 1.42993303 1.6379056  1.64816039
 1.82467325 1.83022852 1.92943165 2.06582263 3.45455995 3.4786639 ]
  36 ( 0.500  0.250 -0.000)   [-0.10543098 -0.00029751  0.10222008  0.153825  ] [0.28810874 0.40159612 0.45098207 0.46029029 0.6160313  0.64537656
 0.70954186 0.7103277  0.71667904 0.87107301 0.94347104 0.95228973
 0.98563986 1.01591916 1.01947419 1.13730197 1.16788954 1.23330619
 1.24690683 1.37662433 1.41166836 1.42993303 1.6379056  1.64816039
 1.82467323 1.83022852 1.92943166 2.06582255 3.45455994 3.4786639 ]
  37 ( 0.500  0.250  0.250)   [-0.13070503  0.03375964  0.09321666  0.18790063] [0.32413765 0.41499384 0.43025218 0.46002859 0.48632557 0.59649406
 0.70698381 0.73347912 0.74148215 0.87182348 0.90103305 0.92498905
 0.95558745 1.07180466 1.11490001 1.16674624 1.19736486 1.2525399
 1.26876414 1.32250784 1.41044917 1.45672436 1.50772195 1.55617184
 1.59998299 1.78194507 1.97450749 2.05241209 3.46239649 3.46420999]
  38 ( 0.500  0.250  0.500)   [-0.10543099 -0.00029751  0.10222008  0.153825  ] [0.28810873 0.40159611 0.45098207 0.46029029 0.61603122 0.64537656
 0.70954195 0.71032771 0.71667853 0.87107106 0.9434711  0.95228747
 0.98563516 1.01591923 1.01947424 1.13730542 1.16788854 1.23330712
 1.2469079  1.37659988 1.41165671 1.4299352  1.63788414 1.64816345
 1.82458609 1.83024359 1.92942295 2.06570972 3.45455996 3.47866212]
  39 ( 0.500  0.250  0.750)   [-0.04593121 -0.0459312   0.0890339   0.0890339 ] [0.39503464 0.39503464 0.42186234 0.42186235 0.64193404 0.64193404
 0.72998937 0.72998948 0.86079404 0.86079635 0.936497   0.93649707
 0.98114052 0.98114069 1.02076626 1.0207663  1.13296362 1.13296993
 1.33104466 1.33104782 1.39965812 1.39965953 1.70100946 1.70100951
 1.79097297 1.79100618 2.17597477 2.17599348 3.45142245 3.45152933]
  40 ( 0.500  0.500  0.000)   [-0.05260571 -0.0526057   0.12911307  0.12911307] [0.25711409 0.25711409 0.61125539 0.61125564 0.67360896 0.67360896
 0.71123557 0.7112356  0.74236663 0.74236664 0.97315726 0.97315727
 0.9846307  0.9846307  0.98729015 0.98756322 1.03547392 1.03547403
 1.27196855 1.27196857 1.42802949 1.42853633 1.69248015 1.6924802
 1.88631085 1.88635948 2.09597107 2.0959711  3.45702564 3.45713303]
  41 ( 0.500  0.500  0.250)   [-0.10543099 -0.00029751  0.10222008  0.153825  ] [0.28810873 0.40159611 0.45098207 0.46029029 0.61603122 0.64537656
 0.70954195 0.71032771 0.71667853 0.87107106 0.9434711  0.95228747
 0.98563516 1.01591923 1.01947424 1.13730542 1.16788854 1.23330712
 1.2469079  1.37659986 1.41165671 1.42993521 1.63788414 1.64816345
 1.82458608 1.83024358 1.92942295 2.06570967 3.45455996 3.47866211]
  42 ( 0.500  0.500  0.500)   [-0.11918808 -0.02494334  0.19281394  0.19281394] [0.29134548 0.36034761 0.36034761 0.5110367  0.64957639 0.65547551
 0.65547551 0.66491189 0.66491189 0.70831706 0.9726494  0.99027056
 1.06461735 1.06461735 1.13837857 1.13837857 1.26528324 1.30457737
 1.30457738 1.41932702 1.41932702 1.53097726 1.56409276 1.56409276
 1.69259985 1.88067479 1.88067479 2.51227426 3.48130622 3.50982533]
  43 ( 0.500  0.500  0.750)   [-0.10543099 -0.00029751  0.10222008  0.153825  ] [0.28810873 0.40159611 0.45098207 0.46029029 0.61603122 0.64537656
 0.70954195 0.71032771 0.71667853 0.87107106 0.9434711  0.95228747
 0.98563516 1.01591923 1.01947424 1.13730542 1.16788854 1.23330712
 1.2469079  1.37659987 1.41165671 1.42993521 1.63788415 1.64816346
 1.82458609 1.83024358 1.92942295 2.06570972 3.45455996 3.47866211]
  44 ( 0.500  0.750  0.000)   [-0.10543098 -0.00029751  0.10222008  0.153825  ] [0.28810874 0.40159612 0.45098207 0.46029029 0.6160313  0.64537656
 0.70954186 0.7103277  0.71667904 0.87107301 0.94347104 0.95228973
 0.98563986 1.01591916 1.01947419 1.13730197 1.16788954 1.23330619
 1.24690683 1.37662433 1.41166836 1.42993303 1.6379056  1.64816039
 1.82467322 1.83022853 1.92943166 2.06582256 3.45455994 3.4786639 ]
  45 ( 0.500  0.750  0.250)   [-0.04593121 -0.0459312   0.0890339   0.0890339 ] [0.39503464 0.39503464 0.42186234 0.42186235 0.64193404 0.64193404
 0.72998937 0.72998948 0.86079404 0.86079635 0.936497   0.93649707
 0.98114052 0.98114069 1.02076626 1.0207663  1.13296362 1.13296993
 1.33104466 1.33104782 1.39965812 1.39965953 1.70100946 1.70100951
 1.79097297 1.79100618 2.17597477 2.17599348 3.45142245 3.45152933]
  46 ( 0.500  0.750  0.500)   [-0.10543099 -0.00029751  0.10222008  0.153825  ] [0.28810873 0.40159611 0.45098207 0.46029029 0.61603122 0.64537656
 0.70954195 0.71032771 0.71667853 0.87107106 0.9434711  0.95228747
 0.98563516 1.01591923 1.01947424 1.13730542 1.16788854 1.23330712
 1.2469079  1.37659987 1.41165671 1.42993521 1.63788413 1.64816345
 1.82458609 1.83024359 1.92942295 2.06570969 3.45455996 3.47866211]
  47 ( 0.500  0.750  0.750)   [-0.13070503  0.03375964  0.09321666  0.18790063] [0.32413765 0.41499384 0.43025218 0.46002859 0.48632557 0.59649406
 0.70698381 0.73347912 0.74148215 0.87182348 0.90103305 0.92498905
 0.95558745 1.07180466 1.11490001 1.16674624 1.19736486 1.2525399
 1.26876414 1.32250784 1.41044917 1.45672436 1.50772195 1.55617184
 1.59998298 1.78194507 1.97450749 2.0524121  3.46239649 3.46420999]
  48 ( 0.750 -0.000 -0.000)   [-0.1771477   0.08993108  0.20975681  0.20975682] [0.3093516  0.36725943 0.36725944 0.48813109 0.51307288 0.51307293
 0.55785246 0.66772161 0.80327455 0.80327514 0.92008012 0.93303075
 0.93303075 0.96484542 1.21496967 1.21496978 1.28327473 1.2832748
 1.33406284 1.36236143 1.51103332 1.51103489 1.60128483 1.60128856
 1.75852764 1.9242746  1.96575131 1.96576768 3.44443773 3.48931664]
  49 ( 0.750 -0.000  0.250)   [-0.13070503  0.03375965  0.09321665  0.18790063] [0.32413765 0.41499384 0.43025218 0.46002859 0.48632557 0.59649406
 0.70698376 0.73347935 0.74148243 0.87182484 0.90103276 0.92498905
 0.95558459 1.07180613 1.11490009 1.16674769 1.19736384 1.25253429
 1.26876413 1.32251705 1.41044917 1.45672469 1.50768665 1.55617229
 1.5999802  1.78194783 1.97450971 2.05232507 3.46239604 3.46421035]
  50 ( 0.750 -0.000  0.500)   [-0.10543098 -0.00029751  0.10222008  0.153825  ] [0.28810874 0.40159612 0.45098207 0.46029029 0.61603131 0.64537656
 0.70954185 0.7103277  0.71667904 0.87107301 0.94347104 0.95228972
 0.98563986 1.01591915 1.01947419 1.13730197 1.16788954 1.23330619
 1.24690683 1.37662431 1.41166837 1.42993303 1.63790558 1.64816038
 1.82467324 1.83022853 1.92943165 2.06582246 3.45455994 3.4786639 ]
  51 ( 0.750  0.000  0.750)   [-0.16666605  0.10800199  0.16573118  0.16573122] [0.27339536 0.34966364 0.4554798  0.4554799  0.53530348 0.59091453
 0.64766222 0.72612688 0.72613159 0.74692226 0.89968149 0.89968157
 1.00086528 1.00580212 1.08949091 1.26915737 1.27783798 1.33300296
 1.3330071  1.40278482 1.40290228 1.44291766 1.44314436 1.77530528
 1.8890697  1.88949741 1.98406025 1.98437239 3.44189297 3.48936322]
  52 ( 0.750  0.250 -0.000)   [-0.13070503  0.03375965  0.09321665  0.18790063] [0.32413765 0.41499384 0.43025218 0.46002859 0.48632557 0.59649406
 0.70698376 0.73347935 0.74148242 0.87182484 0.90103276 0.92498905
 0.95558459 1.07180613 1.11490009 1.1667477  1.19736385 1.25253429
 1.26876413 1.32251705 1.41044917 1.45672469 1.50768666 1.55617229
 1.5999802  1.78194783 1.97450971 2.05232507 3.46239604 3.46421038]
  53 ( 0.750  0.250  0.250)   [-0.10543098 -0.00029751  0.10222008  0.153825  ] [0.28810873 0.40159612 0.45098207 0.46029029 0.61603113 0.64537656
 0.70954195 0.71032766 0.71667834 0.871072   0.9434711  0.95228916
 0.98563822 1.01591696 1.01947424 1.13729454 1.16788929 1.23330584
 1.24690796 1.37660464 1.41166544 1.42993528 1.63789328 1.64816362
 1.82465621 1.83024434 1.92942996 2.06570382 3.4545599  3.47866218]
  54 ( 0.750  0.250  0.500)   [-0.04593121 -0.0459312   0.0890339   0.0890339 ] [0.39503464 0.39503464 0.42186234 0.42186235 0.64193404 0.64193404
 0.72998937 0.72998947 0.86079404 0.86079635 0.936497   0.93649707
 0.98114052 0.98114069 1.02076626 1.0207663  1.13296362 1.13296993
 1.33104465 1.33104781 1.39965812 1.39965953 1.70100946 1.70100951
 1.79097297 1.79100618 2.17597476 2.17599348 3.45142244 3.45152932]
  55 ( 0.750  0.250  0.750)   [-0.10543098 -0.00029751  0.10222008  0.153825  ] [0.28810873 0.40159612 0.45098207 0.46029029 0.61603113 0.64537656
 0.70954196 0.71032766 0.71667834 0.871072   0.9434711  0.95228916
 0.98563822 1.01591696 1.01947424 1.13729454 1.16788929 1.23330584
 1.24690796 1.37660463 1.41166543 1.42993528 1.63789327 1.64816362
 1.82465621 1.83024434 1.92942996 2.06570372 3.4545599  3.47866218]
  56 ( 0.750  0.500 -0.000)   [-0.10543098 -0.00029751  0.10222008  0.153825  ] [0.28810874 0.40159612 0.45098207 0.46029029 0.61603131 0.64537656
 0.70954186 0.7103277  0.71667904 0.87107301 0.94347104 0.95228973
 0.98563986 1.01591916 1.01947419 1.13730197 1.16788954 1.23330619
 1.24690683 1.37662431 1.41166836 1.42993303 1.63790558 1.64816039
 1.8246732  1.83022853 1.92943166 2.06582244 3.45455994 3.4786639 ]
  57 ( 0.750  0.500  0.250)   [-0.04593121 -0.0459312   0.0890339   0.0890339 ] [0.39503464 0.39503464 0.42186234 0.42186235 0.64193404 0.64193404
 0.72998937 0.72998947 0.86079404 0.86079635 0.936497   0.93649707
 0.98114052 0.98114069 1.02076626 1.0207663  1.13296362 1.13296993
 1.33104466 1.33104782 1.39965812 1.39965953 1.70100946 1.70100951
 1.79097298 1.79100618 2.17597477 2.17599348 3.45142245 3.45152933]
  58 ( 0.750  0.500  0.500)   [-0.10543099 -0.00029751  0.10222008  0.153825  ] [0.28810873 0.40159611 0.45098207 0.46029029 0.61603122 0.64537656
 0.70954195 0.71032771 0.71667853 0.87107106 0.9434711  0.95228748
 0.98563516 1.01591923 1.01947424 1.13730542 1.16788854 1.23330712
 1.2469079  1.37659988 1.41165671 1.42993521 1.63788414 1.64816345
 1.82458609 1.83024359 1.92942295 2.06570973 3.45455996 3.47866211]
  59 ( 0.750  0.500  0.750)   [-0.13070503  0.03375964  0.09321666  0.18790063] [0.32413765 0.41499384 0.43025218 0.46002859 0.48632557 0.59649406
 0.70698381 0.73347912 0.74148215 0.87182348 0.90103305 0.92498905
 0.95558745 1.07180466 1.11490001 1.16674623 1.19736487 1.2525399
 1.26876414 1.32250781 1.41044917 1.45672436 1.50772194 1.55617184
 1.59998298 1.78194507 1.97450749 2.05241212 3.46239649 3.46420999]
  60 ( 0.750  0.750  0.000)   [-0.16666605  0.10800199  0.16573118  0.16573122] [0.27339536 0.34966364 0.4554798  0.4554799  0.53530348 0.59091453
 0.64766222 0.72612688 0.72613159 0.74692226 0.89968149 0.89968157
 1.00086527 1.00580212 1.08949091 1.26915737 1.27783798 1.33300296
 1.3330071  1.40278482 1.40290226 1.44291766 1.44314436 1.77530529
 1.88906972 1.88949733 1.98406021 1.98437227 3.44189297 3.48936322]
  61 ( 0.750  0.750  0.250)   [-0.10543098 -0.00029751  0.10222008  0.153825  ] [0.28810873 0.40159612 0.45098207 0.46029029 0.61603113 0.64537656
 0.70954195 0.71032766 0.71667834 0.871072   0.9434711  0.95228917
 0.98563822 1.01591695 1.01947424 1.13729454 1.16788928 1.23330584
 1.24690796 1.37660459 1.41166543 1.42993528 1.63789327 1.64816361
 1.82465619 1.83024434 1.92942996 2.06570367 3.45455989 3.47866216]
  62 ( 0.750  0.750  0.500)   [-0.13070503  0.03375964  0.09321666  0.18790063] [0.32413765 0.41499384 0.43025218 0.46002859 0.48632557 0.59649406
 0.70698381 0.73347913 0.74148215 0.87182347 0.90103305 0.92498905
 0.95558745 1.07180464 1.11490001 1.16674623 1.19736487 1.2525399
 1.26876414 1.32250777 1.41044917 1.45672435 1.50772196 1.55617185
 1.59998298 1.78194507 1.97450748 2.05241207 3.46239649 3.46420996]
  63 ( 0.750  0.750  0.750)   [-0.17714771  0.08993107  0.20975681  0.20975682] [0.30935159 0.36725943 0.36725943 0.48813108 0.51307287 0.51307287
 0.5578521  0.66772103 0.80327516 0.80327516 0.9200656  0.93303073
 0.93303073 0.96482326 1.21496966 1.21496966 1.28327479 1.28327479
 1.33406203 1.36229294 1.51103609 1.51103609 1.60128962 1.60128962
 1.75853087 1.92426328 1.96577206 1.96577207 3.44443731 3.4893164 ]
nelec by numeric integration = 7.9999999999092655
    CPU time for vxc      6.44 sec, wall time      4.91 sec
    CPU time for vj and vk     12.19 sec, wall time      9.43 sec
E1 = (2.4232053653753804-5.277655618302415e-15j)  Ecoul = 0.5178268166476536  Exc = -2.3865041811763565
cycle= 2 E= -7.84339728669016  delta_E= -0.00162  |g|= 0.164  |ddm|= 2.91e+04
    CPU time for cycle= 2     19.21 sec, wall time     14.46 sec
HOMO = 0.234099469135  LUMO = 0.25580478048
     k-point                  mo_energy
   0 ( 0.000  0.000  0.000)   [-0.21051535  0.23409947  0.23409947  0.23409947] [0.32777971 0.32777973 0.32777973 0.3510468  0.51563815 0.53870304
 0.53870304 0.65147265 0.65147266 0.6514729  0.78401114 1.15301467
 1.15301467 1.15301497 1.1834847  1.18349245 1.18349246 1.220498
 1.220498   1.62493016 1.62493399 1.62493399 1.85766751 1.85766751
 1.85766804 2.12631037 2.12666039 2.12666042 3.39180168 3.49608818]
   1 ( 0.000  0.000  0.250)   [-0.18134105  0.08551018  0.20463772  0.20463772] [0.30560502 0.36420066 0.36420066 0.48358663 0.51123723 0.51123728
 0.55805858 0.666337   0.80194986 0.80195043 0.91766784 0.93003271
 0.93003272 0.96499377 1.21122811 1.21122821 1.27835959 1.27835967
 1.3300981  1.3598826  1.50900148 1.50900298 1.59923122 1.59923497
 1.75616637 1.9212987  1.96247119 1.96248757 3.43339403 3.4784335 ]
   2 ( 0.000  0.000  0.500)   [-0.12402448 -0.02844866  0.18775374  0.18775374] [0.28750267 0.35816378 0.35816378 0.51172599 0.64622876 0.6524156
 0.65241562 0.66218673 0.66218677 0.70352571 0.97111999 0.9867325
 1.06333015 1.06333035 1.13443681 1.1344369  1.26237223 1.29969265
 1.29969277 1.41737611 1.41737673 1.52994063 1.56208207 1.56208215
 1.69057098 1.87898577 1.87899418 2.50818851 3.4706007  3.49902225]
   3 ( 0.000  0.000  0.750)   [-0.18134105  0.08551018  0.20463772  0.20463772] [0.30560502 0.36420066 0.36420066 0.48358663 0.51123723 0.51123728
 0.55805858 0.666337   0.80194986 0.80195043 0.91766784 0.93003271
 0.93003272 0.96499377 1.21122811 1.21122821 1.27835959 1.27835967
 1.3300981  1.3598826  1.50900148 1.50900298 1.59923122 1.59923497
 1.75616637 1.9212987  1.96247119 1.96248757 3.43339403 3.4784335 ]
   4 (-0.000  0.250  0.000)   [-0.18134105  0.08551018  0.20463772  0.20463772] [0.30560502 0.36420066 0.36420066 0.48358663 0.51123723 0.51123728
 0.55805859 0.666337   0.80194986 0.80195043 0.91766783 0.93003271
 0.93003272 0.96499378 1.21122811 1.21122821 1.27835959 1.27835967
 1.3300981  1.35988256 1.50900147 1.50900298 1.59923122 1.59923497
 1.75616635 1.9212987  1.96247119 1.96248758 3.43339403 3.47843348]
   5 ( 0.000  0.250  0.250)   [-0.1708988   0.10241982  0.161355    0.16135504] [0.2713952  0.34813916 0.45128947 0.45128958 0.53026069 0.5880969
 0.64642612 0.72583734 0.72584188 0.74707553 0.89669931 0.8966994
 0.99673084 1.00220456 1.08654972 1.26848438 1.27481844 1.32813383
 1.32813796 1.40105095 1.40116669 1.43971086 1.44066382 1.77286453
 1.88741144 1.88783228 1.98168004 1.98199999 3.43076544 3.47842639]
   6 ( 0.000  0.250  0.500)   [-0.11013336 -0.00492781  0.0987121   0.14946888] [0.28640309 0.39918606 0.44685988 0.45721278 0.61313235 0.64239685
 0.70582559 0.7063998  0.71567169 0.86902386 0.94088759 0.94791747
 0.9840338  1.0123373  1.01702138 1.13591096 1.16564974 1.23026668
 1.24344007 1.37506329 1.40915916 1.42728575 1.63589377 1.64663008
 1.82223995 1.82756177 1.92688145 2.06268772 3.44360063 3.46782628]
   7 ( 0.000  0.250  0.750)   [-0.13520545  0.02884533  0.09006283  0.18305328] [0.32176587 0.41185799 0.42652445 0.45677864 0.484604   0.59345846
 0.70505896 0.73315112 0.73802625 0.8702631  0.896642   0.92121741
 0.95190499 1.06757729 1.1143883  1.16402007 1.19720197 1.24895207
 1.26652276 1.31945754 1.40784215 1.45438943 1.50486113 1.55422211
 1.5981832  1.77952168 1.97156608 2.05011424 3.45141391 3.45323076]
   8 (-0.000  0.500  0.000)   [-0.12402448 -0.02844866  0.18775374  0.18775374] [0.28750267 0.35816378 0.35816378 0.51172599 0.64622876 0.6524156
 0.65241562 0.66218673 0.66218677 0.70352571 0.97112    0.98673249
 1.06333015 1.06333035 1.13443681 1.1344369  1.26237223 1.29969265
 1.29969277 1.41737611 1.41737673 1.52994061 1.56208207 1.56208215
 1.69057084 1.87898577 1.87899418 2.50818846 3.47060073 3.49902233]
   9 (-0.000  0.500  0.250)   [-0.11013336 -0.00492781  0.0987121   0.14946888] [0.28640309 0.39918606 0.44685988 0.45721278 0.61313235 0.64239685
 0.7058256  0.70639981 0.71567169 0.86902386 0.94088759 0.94791747
 0.9840338  1.01233731 1.01702138 1.13591096 1.16564974 1.23026668
 1.24344008 1.3750633  1.40915917 1.42728575 1.63589377 1.64663008
 1.82223994 1.82756176 1.92688145 2.06268768 3.44360063 3.46782628]
  10 ( 0.000  0.500  0.500)   [-0.05744574 -0.05744573  0.1250079   0.1250079 ] [0.25580478 0.25580478 0.60682264 0.60682292 0.67015813 0.67015813
 0.70666102 0.70666104 0.73927035 0.73927036 0.97301568 0.97301569
 0.9824001  0.98240011 0.98622017 0.98648822 1.034606   1.0346061
 1.26773915 1.26773916 1.42372026 1.42423166 1.68983634 1.68983639
 1.88437266 1.88442165 2.09337782 2.09337785 3.44602006 3.44612252]
  11 ( 0.000  0.500  0.750)   [-0.11013336 -0.00492781  0.0987121   0.14946888] [0.28640309 0.39918606 0.44685988 0.45721278 0.61313235 0.64239685
 0.7058256  0.70639981 0.71567169 0.86902386 0.94088759 0.94791747
 0.9840338  1.01233731 1.01702138 1.13591097 1.16564974 1.23026668
 1.24344008 1.37506331 1.40915917 1.42728575 1.63589377 1.64663008
 1.82223995 1.82756176 1.92688145 2.06268769 3.44360063 3.46782628]
  12 (-0.000  0.750  0.000)   [-0.18134105  0.08551018  0.20463772  0.20463772] [0.30560502 0.36420066 0.36420066 0.48358663 0.51123723 0.51123728
 0.55805859 0.666337   0.80194986 0.80195043 0.91766783 0.93003271
 0.93003272 0.96499378 1.21122811 1.21122821 1.27835959 1.27835967
 1.3300981  1.35988256 1.50900147 1.50900298 1.59923122 1.59923497
 1.75616635 1.9212987  1.96247119 1.96248759 3.43339403 3.47843348]
  13 (-0.000  0.750  0.250)   [-0.13520545  0.02884533  0.09006283  0.18305328] [0.32176587 0.41185799 0.42652445 0.45677864 0.484604   0.59345846
 0.70505896 0.73315112 0.73802625 0.8702631  0.896642   0.92121741
 0.95190499 1.06757729 1.1143883  1.16402007 1.19720196 1.24895207
 1.26652275 1.31945755 1.40784215 1.45438943 1.50486113 1.55422211
 1.5981832  1.77952168 1.97156608 2.05011423 3.45141391 3.45323076]
  14 (-0.000  0.750  0.500)   [-0.11013336 -0.00492781  0.0987121   0.14946888] [0.28640309 0.39918606 0.44685988 0.45721278 0.61313235 0.64239685
 0.70582559 0.7063998  0.71567169 0.86902386 0.94088759 0.94791747
 0.9840338  1.0123373  1.01702138 1.13591096 1.16564974 1.23026668
 1.24344007 1.37506329 1.40915916 1.42728575 1.63589377 1.64663008
 1.82223996 1.82756177 1.92688145 2.06268771 3.44360063 3.46782628]
  15 ( 0.000  0.750  0.750)   [-0.1708988   0.10241982  0.161355    0.16135504] [0.2713952  0.34813916 0.45128947 0.45128958 0.53026069 0.5880969
 0.64642612 0.72583734 0.72584188 0.74707553 0.89669931 0.8966994
 0.99673084 1.00220456 1.08654972 1.26848438 1.27481844 1.32813383
 1.32813796 1.40105096 1.40116669 1.43971086 1.44066382 1.77286453
 1.8874115  1.88783231 1.98168009 1.98200001 3.43076544 3.47842639]
  16 ( 0.250 -0.000 -0.000)   [-0.18134105  0.08551018  0.20463772  0.20463772] [0.30560502 0.36420066 0.36420066 0.48358663 0.51123723 0.51123728
 0.55805859 0.666337   0.80194986 0.80195043 0.91766783 0.93003271
 0.93003272 0.96499378 1.21122811 1.21122821 1.27835959 1.27835967
 1.3300981  1.35988255 1.50900148 1.50900298 1.59923122 1.59923497
 1.75616635 1.9212987  1.96247119 1.96248759 3.43339403 3.47843348]
  17 ( 0.250  0.000  0.250)   [-0.1708988   0.10241982  0.161355    0.16135504] [0.2713952  0.34813916 0.45128947 0.45128958 0.53026069 0.5880969
 0.64642612 0.72583734 0.72584188 0.74707553 0.89669931 0.8966994
 0.99673084 1.00220456 1.08654972 1.26848438 1.27481844 1.32813383
 1.32813796 1.4010509  1.40116673 1.43971086 1.44066382 1.77286453
 1.88741119 1.88783253 1.98167983 1.98200019 3.43076544 3.47842639]
  18 ( 0.250  0.000  0.500)   [-0.11013336 -0.00492781  0.0987121   0.14946888] [0.28640309 0.39918606 0.44685988 0.45721278 0.61313235 0.64239685
 0.70582559 0.7063998  0.71567169 0.86902386 0.94088759 0.94791747
 0.9840338  1.0123373  1.01702138 1.13591096 1.16564974 1.23026668
 1.24344008 1.37506329 1.40915916 1.42728575 1.63589377 1.64663008
 1.82223995 1.82756177 1.92688145 2.06268774 3.44360063 3.46782627]
  19 ( 0.250  0.000  0.750)   [-0.13520545  0.02884533  0.09006283  0.18305328] [0.32176587 0.41185799 0.42652445 0.45677864 0.484604   0.59345846
 0.70505896 0.73315112 0.73802625 0.8702631  0.896642   0.92121741
 0.95190499 1.0675773  1.1143883  1.16402008 1.19720196 1.24895207
 1.26652276 1.31945757 1.40784215 1.45438943 1.50486114 1.55422211
 1.5981832  1.77952167 1.97156608 2.05011421 3.45141391 3.45323077]
  20 ( 0.250  0.250  0.000)   [-0.1708988   0.10241982  0.161355    0.16135504] [0.2713952  0.34813916 0.45128946 0.45128958 0.53026069 0.5880969
 0.64642612 0.72583734 0.72584188 0.74707553 0.89669931 0.8966994
 0.99673084 1.00220456 1.08654972 1.26848438 1.27481844 1.32813383
 1.32813795 1.40105091 1.40116672 1.43971086 1.44066382 1.77286453
 1.88741127 1.88783247 1.98167984 1.98200009 3.43076545 3.47842639]
  21 ( 0.250  0.250  0.250)   [-0.18134106  0.08551017  0.20463772  0.20463772] [0.30560502 0.36420066 0.36420066 0.48358662 0.51123722 0.51123722
 0.55805825 0.66633642 0.80195044 0.80195044 0.91765535 0.9300327
 0.9300327  0.96496989 1.2112281  1.2112281  1.27835965 1.27835965
 1.33009773 1.3598132  1.50900416 1.50900416 1.59923604 1.59923605
 1.75616959 1.92128742 1.96249198 1.96249199 3.43339361 3.47843325]
  22 ( 0.250  0.250  0.500)   [-0.13520544  0.02884533  0.09006283  0.18305328] [0.32176587 0.41185799 0.42652445 0.45677864 0.48460399 0.59345845
 0.70505902 0.73315091 0.73802597 0.87026174 0.89664228 0.92121741
 0.95190774 1.06757586 1.11438823 1.16401864 1.19720302 1.24895747
 1.26652264 1.3194482  1.40784215 1.45438904 1.50489676 1.55422167
 1.59818597 1.77951891 1.97156385 2.05020136 3.45141437 3.45323038]
  23 ( 0.250  0.250  0.750)   [-0.11013336 -0.00492781  0.0987121   0.14946888] [0.28640309 0.39918606 0.44685987 0.45721278 0.61313219 0.64239685
 0.70582559 0.7063999  0.71567096 0.8690229  0.94088765 0.94791699
 0.9840322  1.01233511 1.01702142 1.13590353 1.16564949 1.23026633
 1.24344116 1.3750438  1.40915607 1.427288   1.63588146 1.64663331
 1.82222269 1.82757763 1.92687975 2.06256892 3.44360058 3.46782451]
  24 ( 0.250  0.500  0.000)   [-0.11013336 -0.00492781  0.0987121   0.14946888] [0.28640309 0.39918606 0.44685988 0.45721278 0.61313235 0.64239685
 0.7058256  0.70639981 0.71567169 0.86902386 0.94088759 0.94791748
 0.9840338  1.0123373  1.01702138 1.13591096 1.16564974 1.23026668
 1.24344008 1.37506329 1.40915915 1.42728574 1.63589377 1.64663008
 1.82223992 1.82756177 1.92688146 2.06268766 3.44360063 3.46782627]
  25 ( 0.250  0.500  0.250)   [-0.13520545  0.02884533  0.09006283  0.18305328] [0.32176587 0.41185799 0.42652445 0.45677864 0.48460399 0.59345845
 0.70505902 0.7331509  0.73802597 0.87026176 0.89664228 0.92121741
 0.95190774 1.06757587 1.11438823 1.16401864 1.19720302 1.24895748
 1.26652265 1.31944824 1.40784215 1.45438904 1.50489675 1.55422166
 1.59818597 1.77951891 1.97156385 2.05020139 3.45141437 3.45323041]
  26 ( 0.250  0.500  0.500)   [-0.11013336 -0.00492781  0.0987121   0.14946888] [0.28640308 0.39918605 0.44685988 0.45721278 0.61313227 0.64239685
 0.70582559 0.70639989 0.71567118 0.86902202 0.94088765 0.94791548
 0.98402915 1.01233722 1.01702143 1.13591442 1.16564879 1.23026764
 1.2434411  1.3750396  1.40914706 1.42728792 1.63587248 1.64663315
 1.82215197 1.82757687 1.92687266 2.0625751  3.44360065 3.46782445]
  27 ( 0.250  0.500  0.750)   [-0.05102197 -0.05102196  0.08607234  0.08607234] [0.39275008 0.39275008 0.41857054 0.41857054 0.63771928 0.63771928
 0.72647922 0.72647933 0.85945288 0.85945514 0.93593331 0.93593338
 0.97652167 0.97652185 1.01618653 1.01618656 1.13129201 1.13129819
 1.3301526  1.33015576 1.39726225 1.3972637  1.69850769 1.69850773
 1.78768903 1.78772233 2.17375054 2.17376929 3.44049761 3.44059959]
  28 ( 0.250  0.750  0.000)   [-0.13520545  0.02884533  0.09006283  0.18305328] [0.32176587 0.41185799 0.42652445 0.45677864 0.484604   0.59345846
 0.70505895 0.73315112 0.73802625 0.8702631  0.896642   0.92121741
 0.95190498 1.0675773  1.1143883  1.16402009 1.19720198 1.24895207
 1.26652275 1.31945757 1.40784216 1.45438942 1.50486116 1.55422211
 1.5981832  1.77952167 1.97156608 2.05011419 3.45141391 3.4532308 ]
  29 ( 0.250  0.750  0.250)   [-0.11013336 -0.00492781  0.0987121   0.14946888] [0.28640309 0.39918606 0.44685987 0.45721278 0.61313219 0.64239685
 0.70582559 0.7063999  0.71567095 0.8690229  0.94088765 0.94791698
 0.98403221 1.01233512 1.01702143 1.13590353 1.1656495  1.23026634
 1.24344116 1.37504383 1.40915607 1.42728799 1.63588144 1.64663331
 1.82222269 1.82757762 1.92687975 2.06256889 3.44360059 3.46782453]
  30 ( 0.250  0.750  0.500)   [-0.05102197 -0.05102196  0.08607234  0.08607234] [0.39275008 0.39275008 0.41857054 0.41857054 0.63771928 0.63771928
 0.72647922 0.72647932 0.85945288 0.85945514 0.9359333  0.93593338
 0.97652167 0.97652185 1.01618653 1.01618656 1.13129201 1.13129819
 1.33015259 1.33015576 1.39726225 1.3972637  1.69850769 1.69850773
 1.78768903 1.78772233 2.17375054 2.17376929 3.4404976  3.44059958]
  31 ( 0.250  0.750  0.750)   [-0.11013336 -0.00492781  0.0987121   0.14946888] [0.28640309 0.39918606 0.44685987 0.45721278 0.61313219 0.64239685
 0.70582559 0.7063999  0.71567095 0.8690229  0.94088765 0.94791698
 0.98403221 1.01233512 1.01702143 1.13590353 1.1656495  1.23026634
 1.24344116 1.37504386 1.40915608 1.42728799 1.63588146 1.64663331
 1.82222272 1.82757762 1.92687975 2.06256908 3.44360059 3.46782453]
  32 ( 0.500 -0.000 -0.000)   [-0.12402448 -0.02844866  0.18775374  0.18775374] [0.28750267 0.35816378 0.35816378 0.51172599 0.64622876 0.6524156
 0.65241562 0.66218673 0.66218677 0.70352571 0.97112    0.98673249
 1.06333015 1.06333035 1.13443681 1.1344369  1.26237223 1.29969265
 1.29969277 1.41737611 1.41737673 1.52994058 1.56208207 1.56208215
 1.69057076 1.87898577 1.87899418 2.50818851 3.47060073 3.49902234]
  33 ( 0.500 -0.000  0.250)   [-0.11013336 -0.00492781  0.0987121   0.14946888] [0.28640309 0.39918606 0.44685988 0.45721278 0.61313235 0.64239685
 0.7058256  0.70639981 0.71567169 0.86902386 0.94088759 0.94791747
 0.9840338  1.01233731 1.01702138 1.13591097 1.16564974 1.23026668
 1.24344008 1.37506332 1.40915917 1.42728575 1.63589378 1.64663008
 1.82223996 1.82756176 1.92688145 2.06268784 3.44360064 3.46782628]
  34 ( 0.500  0.000  0.500)   [-0.05744574 -0.05744573  0.1250079   0.1250079 ] [0.25580478 0.25580478 0.60682264 0.60682292 0.67015813 0.67015813
 0.70666102 0.70666104 0.73927035 0.73927036 0.97301568 0.97301569
 0.9824001  0.98240011 0.98622013 0.98648826 1.034606   1.0346061
 1.26773915 1.26773916 1.42372016 1.42423174 1.68983634 1.68983638
 1.88437265 1.88442166 2.09337782 2.09337785 3.44602006 3.44612252]
  35 ( 0.500  0.000  0.750)   [-0.11013336 -0.00492781  0.0987121   0.14946888] [0.28640309 0.39918606 0.44685988 0.45721278 0.61313235 0.64239685
 0.7058256  0.70639981 0.71567169 0.86902386 0.94088759 0.94791747
 0.9840338  1.01233731 1.01702138 1.13591097 1.16564974 1.23026668
 1.24344008 1.37506333 1.40915917 1.42728575 1.63589379 1.64663008
 1.82223996 1.82756176 1.92688145 2.06268787 3.44360064 3.46782628]
  36 ( 0.500  0.250 -0.000)   [-0.11013336 -0.00492781  0.0987121   0.14946888] [0.28640309 0.39918606 0.44685988 0.45721278 0.61313235 0.64239685
 0.7058256  0.70639981 0.71567169 0.86902386 0.94088759 0.94791748
 0.9840338  1.01233731 1.01702138 1.13591096 1.16564974 1.23026668
 1.24344008 1.37506331 1.40915916 1.42728574 1.63589379 1.64663008
 1.82223994 1.82756176 1.92688146 2.0626878  3.44360063 3.46782627]
  37 ( 0.500  0.250  0.250)   [-0.13520545  0.02884533  0.09006283  0.18305328] [0.32176587 0.41185799 0.42652445 0.45677864 0.48460399 0.59345845
 0.70505902 0.7331509  0.73802597 0.87026176 0.89664228 0.92121741
 0.95190774 1.06757588 1.11438823 1.16401864 1.19720301 1.24895748
 1.26652265 1.31944827 1.40784215 1.45438904 1.50489677 1.55422166
 1.59818597 1.77951891 1.97156386 2.05020137 3.45141436 3.45323041]
  38 ( 0.500  0.250  0.500)   [-0.11013336 -0.00492781  0.0987121   0.14946888] [0.28640308 0.39918605 0.44685988 0.45721278 0.61313227 0.64239685
 0.70582559 0.70639989 0.71567118 0.86902202 0.94088765 0.94791548
 0.98402915 1.01233722 1.01702143 1.13591442 1.16564879 1.23026764
 1.2434411  1.3750396  1.40914706 1.42728792 1.63587248 1.64663315
 1.82215197 1.82757687 1.92687266 2.06257509 3.44360065 3.46782446]
  39 ( 0.500  0.250  0.750)   [-0.05102197 -0.05102196  0.08607234  0.08607234] [0.39275008 0.39275008 0.41857054 0.41857054 0.63771928 0.63771928
 0.72647922 0.72647933 0.85945288 0.85945514 0.93593331 0.93593338
 0.97652167 0.97652185 1.01618653 1.01618656 1.13129201 1.13129819
 1.3301526  1.33015576 1.39726225 1.3972637  1.69850769 1.69850773
 1.78768903 1.78772233 2.17375054 2.17376929 3.44049761 3.44059959]
  40 ( 0.500  0.500  0.000)   [-0.05744574 -0.05744573  0.1250079   0.1250079 ] [0.25580478 0.25580478 0.60682264 0.60682292 0.67015813 0.67015813
 0.70666102 0.70666104 0.73927035 0.73927036 0.97301568 0.97301569
 0.9824001  0.98240011 0.98622013 0.98648826 1.034606   1.0346061
 1.26773915 1.26773916 1.42372032 1.42423167 1.68983634 1.68983639
 1.88437266 1.88442166 2.09337782 2.09337785 3.44602005 3.44612251]
  41 ( 0.500  0.500  0.250)   [-0.11013336 -0.00492781  0.0987121   0.14946888] [0.28640308 0.39918605 0.44685988 0.45721278 0.61313227 0.64239685
 0.70582559 0.70639989 0.71567118 0.86902202 0.94088765 0.94791548
 0.98402915 1.01233722 1.01702143 1.13591442 1.16564879 1.23026764
 1.24344111 1.37503959 1.40914706 1.42728793 1.63587248 1.64663315
 1.82215197 1.82757686 1.92687267 2.06257505 3.44360065 3.46782445]
  42 ( 0.500  0.500  0.500)   [-0.12402447 -0.02844866  0.18775374  0.18775374] [0.28750266 0.35816378 0.35816378 0.51172609 0.64622864 0.6524156
 0.6524156  0.66218678 0.66218679 0.70352576 0.97112841 0.98673246
 1.06333039 1.06333039 1.1344368  1.1344368  1.26237254 1.2996928
 1.2996928  1.41737607 1.41737607 1.52992356 1.56208216 1.56208216
 1.69053217 1.87898515 1.87898515 2.50853467 3.47060055 3.49903703]
  43 ( 0.500  0.500  0.750)   [-0.11013336 -0.00492781  0.0987121   0.14946888] [0.28640308 0.39918605 0.44685988 0.45721278 0.61313227 0.64239685
 0.70582559 0.70639989 0.71567118 0.86902202 0.94088765 0.94791548
 0.98402915 1.01233722 1.01702143 1.13591442 1.16564879 1.23026764
 1.24344111 1.37503959 1.40914706 1.42728793 1.63587249 1.64663315
 1.82215197 1.82757686 1.92687267 2.06257509 3.44360065 3.46782445]
  44 ( 0.500  0.750  0.000)   [-0.11013336 -0.00492781  0.0987121   0.14946888] [0.28640309 0.39918606 0.44685988 0.45721278 0.61313235 0.64239685
 0.7058256  0.70639981 0.71567169 0.86902386 0.94088759 0.94791748
 0.9840338  1.01233731 1.01702138 1.13591096 1.16564974 1.23026668
 1.24344008 1.37506331 1.40915916 1.42728574 1.63589379 1.64663008
 1.82223993 1.82756176 1.92688146 2.0626878  3.44360063 3.46782628]
  45 ( 0.500  0.750  0.250)   [-0.05102197 -0.05102196  0.08607234  0.08607234] [0.39275008 0.39275008 0.41857054 0.41857054 0.63771928 0.63771928
 0.72647922 0.72647933 0.85945288 0.85945514 0.93593331 0.93593338
 0.97652167 0.97652185 1.01618653 1.01618656 1.13129201 1.13129819
 1.3301526  1.33015576 1.39726225 1.3972637  1.69850769 1.69850773
 1.78768903 1.78772233 2.17375054 2.17376929 3.44049761 3.44059959]
  46 ( 0.500  0.750  0.500)   [-0.11013336 -0.00492781  0.0987121   0.14946888] [0.28640308 0.39918605 0.44685988 0.45721278 0.61313227 0.64239685
 0.70582559 0.70639989 0.71567118 0.86902202 0.94088765 0.94791548
 0.98402915 1.01233722 1.01702143 1.13591442 1.16564879 1.23026764
 1.2434411  1.3750396  1.40914706 1.42728792 1.63587248 1.64663315
 1.82215197 1.82757688 1.92687267 2.06257506 3.44360065 3.46782446]
  47 ( 0.500  0.750  0.750)   [-0.13520545  0.02884533  0.09006283  0.18305328] [0.32176587 0.41185799 0.42652445 0.45677864 0.48460399 0.59345845
 0.70505902 0.7331509  0.73802597 0.87026176 0.89664228 0.92121741
 0.95190774 1.06757588 1.11438823 1.16401864 1.19720301 1.24895748
 1.26652265 1.31944827 1.40784215 1.45438904 1.50489676 1.55422166
 1.59818597 1.77951891 1.97156386 2.05020138 3.45141436 3.45323041]
  48 ( 0.750 -0.000 -0.000)   [-0.18134105  0.08551018  0.20463772  0.20463772] [0.30560502 0.36420066 0.36420066 0.48358663 0.51123723 0.51123728
 0.55805859 0.666337   0.80194986 0.80195043 0.91766783 0.93003271
 0.93003272 0.96499378 1.21122811 1.21122821 1.27835959 1.27835967
 1.3300981  1.35988255 1.50900148 1.50900298 1.59923122 1.59923497
 1.75616635 1.9212987  1.96247119 1.96248759 3.43339403 3.47843348]
  49 ( 0.750 -0.000  0.250)   [-0.13520545  0.02884533  0.09006283  0.18305328] [0.32176587 0.41185799 0.42652445 0.45677864 0.484604   0.59345846
 0.70505896 0.73315112 0.73802625 0.8702631  0.896642   0.92121741
 0.95190499 1.0675773  1.1143883  1.16402008 1.19720196 1.24895207
 1.26652275 1.31945757 1.40784215 1.45438943 1.50486115 1.55422211
 1.5981832  1.77952167 1.97156608 2.0501142  3.45141391 3.45323077]
  50 ( 0.750 -0.000  0.500)   [-0.11013336 -0.00492781  0.0987121   0.14946888] [0.28640309 0.39918606 0.44685988 0.45721278 0.61313235 0.64239685
 0.70582559 0.7063998  0.71567169 0.86902386 0.94088759 0.94791747
 0.9840338  1.0123373  1.01702138 1.13591096 1.16564974 1.23026668
 1.24344008 1.37506329 1.40915916 1.42728575 1.63589377 1.64663008
 1.82223995 1.82756177 1.92688145 2.06268771 3.44360063 3.46782627]
  51 ( 0.750  0.000  0.750)   [-0.1708988   0.10241982  0.161355    0.16135504] [0.2713952  0.34813916 0.45128947 0.45128958 0.53026069 0.5880969
 0.64642612 0.72583734 0.72584188 0.74707553 0.89669931 0.8966994
 0.99673084 1.00220456 1.08654972 1.26848438 1.27481844 1.32813383
 1.32813796 1.40105091 1.40116674 1.43971086 1.44066382 1.77286453
 1.88741124 1.88783256 1.98167988 1.98200021 3.43076544 3.47842639]
  52 ( 0.750  0.250 -0.000)   [-0.13520545  0.02884533  0.09006283  0.18305328] [0.32176587 0.41185799 0.42652445 0.45677864 0.484604   0.59345846
 0.70505895 0.73315112 0.73802625 0.8702631  0.896642   0.92121741
 0.95190498 1.0675773  1.1143883  1.16402009 1.19720198 1.24895207
 1.26652276 1.31945757 1.40784216 1.45438942 1.50486115 1.55422211
 1.5981832  1.77952167 1.97156608 2.0501142  3.45141391 3.4532308 ]
  53 ( 0.750  0.250  0.250)   [-0.11013336 -0.00492781  0.0987121   0.14946888] [0.28640309 0.39918606 0.44685987 0.45721278 0.61313219 0.64239685
 0.70582559 0.7063999  0.71567095 0.8690229  0.94088765 0.94791698
 0.98403221 1.01233512 1.01702143 1.13590353 1.1656495  1.23026634
 1.24344116 1.37504385 1.40915607 1.427288   1.63588146 1.64663331
 1.82222271 1.82757763 1.92687975 2.06256904 3.44360059 3.46782453]
  54 ( 0.750  0.250  0.500)   [-0.05102197 -0.05102196  0.08607234  0.08607234] [0.39275008 0.39275008 0.41857054 0.41857054 0.63771928 0.63771928
 0.72647922 0.72647932 0.85945288 0.85945514 0.9359333  0.93593338
 0.97652167 0.97652185 1.01618653 1.01618656 1.13129201 1.13129819
 1.33015259 1.33015576 1.39726225 1.3972637  1.69850769 1.69850773
 1.78768903 1.78772233 2.17375054 2.17376929 3.4404976  3.44059958]
  55 ( 0.750  0.250  0.750)   [-0.11013336 -0.00492781  0.0987121   0.14946888] [0.28640309 0.39918606 0.44685987 0.45721278 0.61313219 0.64239685
 0.70582559 0.7063999  0.71567095 0.8690229  0.94088765 0.94791698
 0.98403221 1.01233512 1.01702143 1.13590353 1.1656495  1.23026634
 1.24344116 1.37504384 1.40915607 1.427288   1.63588145 1.64663331
 1.8222227  1.82757762 1.92687975 2.06256894 3.44360059 3.46782453]
  56 ( 0.750  0.500 -0.000)   [-0.11013336 -0.00492781  0.0987121   0.14946888] [0.28640309 0.39918606 0.44685988 0.45721278 0.61313235 0.64239685
 0.7058256  0.70639981 0.71567169 0.86902386 0.94088759 0.94791748
 0.9840338  1.0123373  1.01702138 1.13591096 1.16564974 1.23026668
 1.24344008 1.3750633  1.40915915 1.42728574 1.63589377 1.64663008
 1.82223991 1.82756177 1.92688146 2.06268768 3.44360063 3.46782628]
  57 ( 0.750  0.500  0.250)   [-0.05102197 -0.05102196  0.08607234  0.08607234] [0.39275008 0.39275008 0.41857054 0.41857054 0.63771928 0.63771928
 0.72647922 0.72647933 0.85945288 0.85945514 0.93593331 0.93593338
 0.97652167 0.97652185 1.01618653 1.01618656 1.13129201 1.13129819
 1.3301526  1.33015576 1.39726225 1.3972637  1.69850769 1.69850773
 1.78768903 1.78772233 2.17375054 2.17376929 3.44049761 3.44059959]
  58 ( 0.750  0.500  0.500)   [-0.11013336 -0.00492781  0.0987121   0.14946888] [0.28640308 0.39918605 0.44685988 0.45721278 0.61313227 0.64239685
 0.70582559 0.70639989 0.71567118 0.86902202 0.94088765 0.94791548
 0.98402915 1.01233722 1.01702143 1.13591442 1.16564879 1.23026764
 1.2434411  1.3750396  1.40914706 1.42728792 1.63587248 1.64663315
 1.82215197 1.82757687 1.92687266 2.0625751  3.44360065 3.46782445]
  59 ( 0.750  0.500  0.750)   [-0.13520545  0.02884533  0.09006283  0.18305328] [0.32176587 0.41185799 0.42652445 0.45677864 0.48460399 0.59345845
 0.70505902 0.7331509  0.73802597 0.87026176 0.89664228 0.92121741
 0.95190774 1.06757587 1.11438823 1.16401864 1.19720302 1.24895748
 1.26652265 1.31944824 1.40784215 1.45438904 1.50489675 1.55422166
 1.59818597 1.77951891 1.97156385 2.0502014  3.45141437 3.45323041]
  60 ( 0.750  0.750  0.000)   [-0.1708988   0.10241982  0.161355    0.16135504] [0.2713952  0.34813916 0.45128946 0.45128958 0.53026069 0.5880969
 0.64642612 0.72583734 0.72584188 0.74707553 0.89669931 0.8966994
 0.99673084 1.00220456 1.08654972 1.26848438 1.27481844 1.32813383
 1.32813795 1.40105091 1.40116672 1.43971086 1.44066382 1.77286453
 1.88741126 1.88783248 1.98167984 1.9820001  3.43076545 3.47842639]
  61 ( 0.750  0.750  0.250)   [-0.11013336 -0.00492781  0.0987121   0.14946888] [0.28640309 0.39918606 0.44685987 0.45721278 0.61313219 0.64239685
 0.70582559 0.7063999  0.71567096 0.8690229  0.94088765 0.94791699
 0.9840322  1.01233511 1.01702142 1.13590353 1.16564949 1.23026633
 1.24344116 1.3750438  1.40915606 1.427288   1.63588145 1.64663331
 1.82222268 1.82757763 1.92687975 2.06256889 3.44360058 3.46782451]
  62 ( 0.750  0.750  0.500)   [-0.13520544  0.02884533  0.09006283  0.18305328] [0.32176587 0.41185799 0.42652445 0.45677864 0.48460399 0.59345845
 0.70505902 0.73315091 0.73802597 0.87026174 0.89664228 0.92121741
 0.95190774 1.06757586 1.11438823 1.16401864 1.19720302 1.24895748
 1.26652264 1.31944821 1.40784215 1.45438904 1.50489677 1.55422167
 1.59818597 1.77951891 1.97156385 2.05020135 3.45141437 3.45323038]
  63 ( 0.750  0.750  0.750)   [-0.18134106  0.08551017  0.20463772  0.20463772] [0.30560502 0.36420066 0.36420066 0.48358662 0.51123722 0.51123722
 0.55805825 0.66633642 0.80195044 0.80195044 0.91765535 0.9300327
 0.9300327  0.96496989 1.2112281  1.2112281  1.27835965 1.27835965
 1.33009773 1.3598132  1.50900416 1.50900416 1.59923604 1.59923605
 1.75616959 1.92128742 1.96249198 1.96249199 3.43339361 3.47843325]
nelec by numeric integration = 7.999999999879703
    CPU time for vxc      6.64 sec, wall time      5.00 sec
    CPU time for vj and vk     12.07 sec, wall time      9.19 sec
E1 = (2.4142741178513023+1.0690546822897558e-15j)  Ecoul = 0.531711561901382  Exc = -2.391678584174851
cycle= 3 E= -7.843618191959  delta_E= -0.000221  |g|= 0.0002  |ddm|= 6.54e+03
    CPU time for cycle= 3     19.22 sec, wall time     14.30 sec
HOMO = 0.234077759717  LUMO = 0.255782300983
     k-point                  mo_energy
   0 ( 0.000  0.000  0.000)   [-0.21053526  0.23407776  0.23407776  0.23407776] [0.32776263 0.32776265 0.32776265 0.35103118 0.51560586 0.53868683
 0.53868683 0.65144682 0.65144682 0.65144707 0.78397673 1.15298795
 1.15298795 1.15298825 1.18346355 1.18347131 1.18347131 1.22048399
 1.22048399 1.62490839 1.62491222 1.62491223 1.85764979 1.8576498
 1.85765033 2.12628607 2.12663608 2.12663612 3.39178168 3.4960678 ]
   1 ( 0.000  0.000  0.250)   [-0.18136084  0.08549004  0.20461703  0.20461703] [0.30558591 0.36418282 0.36418282 0.48356605 0.51121745 0.51121751
 0.55802932 0.66631088 0.80192865 0.80192922 0.91764392 0.93001011
 0.93001013 0.96496298 1.21120953 1.21120963 1.27834    1.27834008
 1.3300756  1.35985829 1.5089802  1.5089817  1.59920855 1.5992123
 1.75614558 1.92127858 1.96245321 1.96246959 3.43337387 3.47841332]
   2 ( 0.000  0.000  0.500)   [-0.12404371 -0.02846936  0.18773337  0.18773337] [0.28748307 0.35814529 0.35814529 0.51169692 0.64620169 0.65239413
 0.65239416 0.66216843 0.66216848 0.70350809 0.97109191 0.98671021
 1.06330554 1.06330574 1.13442105 1.13442114 1.26234968 1.29967293
 1.29967306 1.41735396 1.41735458 1.52991507 1.56206177 1.56206184
 1.69054822 1.87896441 1.87897282 2.50816788 3.47058011 3.49900263]
   3 ( 0.000  0.000  0.750)   [-0.18136084  0.08549004  0.20461703  0.20461703] [0.30558591 0.36418282 0.36418282 0.48356605 0.51121745 0.51121751
 0.55802932 0.66631088 0.80192865 0.80192922 0.91764392 0.93001011
 0.93001013 0.96496299 1.21120953 1.21120963 1.27834    1.27834008
 1.3300756  1.35985828 1.5089802  1.5089817  1.59920855 1.5992123
 1.75614558 1.92127858 1.96245321 1.96246959 3.43337387 3.47841332]
   4 (-0.000  0.250  0.000)   [-0.18136083  0.08549004  0.20461703  0.20461703] [0.3055859  0.36418282 0.36418282 0.48356605 0.51121745 0.51121751
 0.55802932 0.66631088 0.80192865 0.80192922 0.9176439  0.93001012
 0.93001012 0.96496299 1.21120953 1.21120963 1.27834    1.27834008
 1.3300756  1.35985824 1.5089802  1.5089817  1.59920855 1.5992123
 1.75614555 1.92127858 1.96245321 1.96246961 3.43337386 3.47841331]
   5 ( 0.000  0.250  0.250)   [-0.17091857  0.1024004   0.16133467  0.16133472] [0.27137421 0.34811783 0.45127058 0.45127069 0.53024207 0.58808081
 0.64639791 0.72581313 0.72581767 0.74704843 0.89667391 0.89667399
 0.99671301 1.00218973 1.08652762 1.26845413 1.27479923 1.32811352
 1.32811765 1.40102744 1.40114318 1.43968655 1.44064211 1.77284485
 1.88738963 1.88781049 1.98165967 1.98197959 3.43074536 3.47840632]
   6 ( 0.000  0.250  0.500)   [-0.11015277 -0.00494752  0.09869134  0.14944873] [0.28638153 0.39916401 0.44684051 0.45719426 0.61310988 0.64237629
 0.70580541 0.70638139 0.71564608 0.86899733 0.94086837 0.9478989
 0.98400993 1.01231674 1.01699881 1.13588565 1.16562607 1.23024536
 1.24341947 1.37503931 1.40913575 1.42726602 1.63587047 1.64660757
 1.8222184  1.82754378 1.92686151 2.06266741 3.44358036 3.46780619]
   7 ( 0.000  0.250  0.750)   [-0.13522502  0.02882579  0.09004182  0.18303299] [0.32174595 0.41184117 0.42650035 0.45675944 0.484582   0.59343785
 0.70503556 0.73312301 0.73800759 0.87023867 0.89661935 0.9211979
 0.95188867 1.06755973 1.11435957 1.16399485 1.19717444 1.24893329
 1.26650132 1.31943708 1.40782299 1.45436505 1.50484286 1.55420058
 1.59815984 1.77949983 1.97154576 2.05009305 3.45139373 3.45321074]
   8 (-0.000  0.500  0.000)   [-0.12404371 -0.02846936  0.18773337  0.18773337] [0.28748307 0.35814529 0.35814529 0.51169692 0.64620169 0.65239413
 0.65239416 0.66216843 0.66216848 0.70350809 0.97109192 0.98671021
 1.06330554 1.06330574 1.13442105 1.13442114 1.26234968 1.29967293
 1.29967306 1.41735396 1.41735458 1.52991505 1.56206177 1.56206184
 1.69054809 1.87896441 1.87897282 2.50816783 3.47058015 3.49900271]
   9 (-0.000  0.500  0.250)   [-0.11015277 -0.00494752  0.09869134  0.14944873] [0.28638153 0.39916401 0.44684051 0.45719426 0.61310988 0.64237629
 0.70580541 0.70638139 0.71564608 0.86899733 0.94086837 0.94789889
 0.98400993 1.01231676 1.01699881 1.13588565 1.16562607 1.23024536
 1.24341947 1.37503932 1.40913576 1.42726602 1.63587046 1.64660757
 1.8222184  1.82754376 1.92686151 2.06266737 3.44358037 3.46780619]
  10 ( 0.000  0.500  0.500)   [-0.05746515 -0.05746514  0.12498778  0.12498778] [0.2557823  0.2557823  0.60680699 0.60680728 0.67013179 0.67013179
 0.70664012 0.70664015 0.73925466 0.73925466 0.97298852 0.97298853
 0.98237683 0.98237684 0.98619892 0.98646698 1.03458106 1.03458117
 1.26771748 1.26771749 1.42370066 1.42421206 1.68981703 1.68981707
 1.88435051 1.8843995  2.09335622 2.09335625 3.44599861 3.44610386]
  11 ( 0.000  0.500  0.750)   [-0.11015277 -0.00494752  0.09869134  0.14944873] [0.28638153 0.39916401 0.44684051 0.45719426 0.61310988 0.64237629
 0.70580541 0.70638139 0.71564608 0.86899733 0.94086837 0.9478989
 0.98400993 1.01231676 1.01699881 1.13588565 1.16562607 1.23024536
 1.24341947 1.37503932 1.40913576 1.42726602 1.63587047 1.64660758
 1.82221841 1.82754376 1.92686151 2.06266738 3.44358037 3.46780619]
  12 (-0.000  0.750  0.000)   [-0.18136083  0.08549004  0.20461703  0.20461703] [0.3055859  0.36418282 0.36418282 0.48356605 0.51121745 0.51121751
 0.55802932 0.66631088 0.80192865 0.80192922 0.9176439  0.93001012
 0.93001012 0.96496299 1.21120953 1.21120963 1.27834    1.27834008
 1.3300756  1.35985824 1.5089802  1.5089817  1.59920855 1.5992123
 1.75614555 1.92127858 1.96245321 1.96246961 3.43337386 3.47841331]
  13 (-0.000  0.750  0.250)   [-0.13522502  0.02882579  0.09004182  0.18303299] [0.32174595 0.41184117 0.42650035 0.45675944 0.484582   0.59343785
 0.70503556 0.73312301 0.73800759 0.87023867 0.89661935 0.9211979
 0.95188867 1.06755973 1.11435957 1.16399485 1.19717444 1.24893329
 1.26650132 1.31943709 1.40782299 1.45436504 1.50484286 1.55420058
 1.59815984 1.77949983 1.97154576 2.05009305 3.45139373 3.45321074]
  14 (-0.000  0.750  0.500)   [-0.11015277 -0.00494752  0.09869134  0.14944873] [0.28638153 0.39916401 0.44684051 0.45719426 0.61310988 0.64237629
 0.70580541 0.70638139 0.71564608 0.86899733 0.94086837 0.9478989
 0.98400993 1.01231674 1.01699881 1.13588565 1.16562607 1.23024536
 1.24341947 1.37503931 1.40913575 1.42726602 1.63587047 1.64660757
 1.82221841 1.82754378 1.92686151 2.06266741 3.44358036 3.46780619]
  15 ( 0.000  0.750  0.750)   [-0.17091857  0.1024004   0.16133467  0.16133472] [0.27137421 0.34811783 0.45127058 0.45127069 0.53024207 0.58808081
 0.64639791 0.72581313 0.72581767 0.74704843 0.89667391 0.89667399
 0.99671301 1.00218973 1.08652762 1.26845413 1.27479923 1.32811352
 1.32811765 1.40102745 1.40114318 1.43968655 1.44064211 1.77284485
 1.88738969 1.88781052 1.98165971 1.98197962 3.43074536 3.47840632]
  16 ( 0.250 -0.000 -0.000)   [-0.18136083  0.08549004  0.20461703  0.20461703] [0.3055859  0.36418282 0.36418282 0.48356605 0.51121745 0.51121751
 0.55802932 0.66631088 0.80192865 0.80192922 0.9176439  0.93001011
 0.93001012 0.964963   1.21120953 1.21120963 1.27834    1.27834008
 1.3300756  1.35985823 1.5089802  1.5089817  1.59920855 1.5992123
 1.75614555 1.92127858 1.96245321 1.96246961 3.43337386 3.47841331]
  17 ( 0.250  0.000  0.250)   [-0.17091857  0.1024004   0.16133467  0.16133472] [0.27137421 0.34811783 0.45127058 0.45127069 0.53024207 0.58808081
 0.64639791 0.72581313 0.72581767 0.74704843 0.89667391 0.89667399
 0.99671301 1.00218973 1.08652762 1.26845413 1.27479923 1.32811352
 1.32811765 1.40102738 1.40114323 1.43968655 1.44064211 1.77284485
 1.88738938 1.88781074 1.98165946 1.98197979 3.43074536 3.47840632]
  18 ( 0.250  0.000  0.500)   [-0.11015277 -0.00494752  0.09869134  0.14944873] [0.28638153 0.39916401 0.44684051 0.45719426 0.61310988 0.64237629
 0.70580541 0.70638139 0.71564608 0.86899733 0.94086837 0.9478989
 0.98400993 1.01231674 1.01699881 1.13588565 1.16562607 1.23024536
 1.24341947 1.37503931 1.40913575 1.42726602 1.63587047 1.64660757
 1.82221841 1.82754377 1.92686151 2.06266744 3.44358036 3.46780619]
  19 ( 0.250  0.000  0.750)   [-0.13522502  0.02882579  0.09004182  0.18303299] [0.32174595 0.41184117 0.42650035 0.45675944 0.484582   0.59343785
 0.70503556 0.73312301 0.73800759 0.87023867 0.89661935 0.9211979
 0.95188867 1.06755974 1.11435957 1.16399485 1.19717444 1.2489333
 1.26650132 1.31943711 1.40782299 1.45436505 1.50484287 1.55420058
 1.59815984 1.77949983 1.97154577 2.05009302 3.45139373 3.45321074]
  20 ( 0.250  0.250  0.000)   [-0.17091857  0.1024004   0.16133467  0.16133472] [0.27137421 0.34811783 0.45127058 0.45127069 0.53024207 0.58808081
 0.64639791 0.72581313 0.72581767 0.74704843 0.8966739  0.89667399
 0.99671301 1.00218973 1.08652762 1.26845413 1.27479923 1.32811352
 1.32811765 1.4010274  1.40114322 1.43968655 1.44064211 1.77284485
 1.88738946 1.88781068 1.98165947 1.9819797  3.43074536 3.47840632]
  21 ( 0.250  0.250  0.250)   [-0.18136084  0.08549004  0.20461703  0.20461703] [0.3055859  0.36418282 0.36418282 0.48356604 0.51121745 0.51121745
 0.55802898 0.6663103  0.80192923 0.80192923 0.91763143 0.9300101
 0.9300101  0.96493911 1.21120952 1.21120952 1.27834006 1.27834006
 1.33007523 1.35978888 1.50898288 1.50898288 1.59921337 1.59921338
 1.75614879 1.9212673  1.962474   1.96247401 3.43337345 3.47841307]
  22 ( 0.250  0.250  0.500)   [-0.13522502  0.02882579  0.09004183  0.18303299] [0.32174595 0.41184117 0.42650035 0.45675944 0.484582   0.59343785
 0.70503562 0.7331228  0.7380073  0.87023731 0.89661962 0.9211979
 0.95189142 1.06755829 1.11435949 1.16399342 1.19717549 1.2489387
 1.26650121 1.31942774 1.40782298 1.45436465 1.50487849 1.55420014
 1.59816261 1.77949706 1.97154353 2.05018017 3.45139419 3.45321036]
  23 ( 0.250  0.250  0.750)   [-0.11015278 -0.00494752  0.09869134  0.14944873] [0.28638153 0.39916401 0.4468405  0.45719426 0.61310972 0.6423763
 0.70580541 0.70638148 0.71564534 0.86899637 0.94086843 0.94789841
 0.98400834 1.01231456 1.01699886 1.13587821 1.16562582 1.23024501
 1.24342055 1.37501982 1.40913266 1.42726827 1.63585815 1.6466108
 1.82220115 1.82755963 1.92685981 2.06254861 3.44358032 3.46780443]
  24 ( 0.250  0.500  0.000)   [-0.11015277 -0.00494752  0.09869134  0.14944873] [0.28638153 0.39916402 0.44684051 0.45719426 0.61310988 0.64237629
 0.70580541 0.70638139 0.71564607 0.86899733 0.94086837 0.9478989
 0.98400993 1.01231675 1.01699881 1.13588564 1.16562606 1.23024536
 1.24341947 1.37503931 1.40913574 1.42726602 1.63587047 1.64660758
 1.82221838 1.82754377 1.92686152 2.06266736 3.44358036 3.46780619]
  25 ( 0.250  0.500  0.250)   [-0.13522502  0.02882579  0.09004183  0.18303299] [0.32174595 0.41184117 0.42650035 0.45675944 0.484582   0.59343785
 0.70503563 0.73312279 0.7380073  0.87023733 0.89661962 0.9211979
 0.95189143 1.06755831 1.11435949 1.16399342 1.19717549 1.2489387
 1.26650121 1.31942778 1.40782298 1.45436466 1.50487848 1.55420013
 1.59816261 1.77949706 1.97154354 2.0501802  3.45139418 3.45321038]
  26 ( 0.250  0.500  0.500)   [-0.11015278 -0.00494753  0.09869134  0.14944873] [0.28638152 0.399164   0.44684051 0.45719426 0.61310981 0.6423763
 0.70580541 0.70638148 0.71564556 0.86899549 0.94086842 0.9478969
 0.98400529 1.01231666 1.01699886 1.1358891  1.16562512 1.23024632
 1.24342049 1.37501562 1.40912365 1.4272682  1.63584918 1.64661064
 1.82213043 1.82755888 1.92685273 2.0625548  3.44358039 3.46780437]
  27 ( 0.250  0.500  0.750)   [-0.05104115 -0.05104115  0.08605122  0.08605123] [0.39272623 0.39272624 0.41855297 0.41855298 0.63769873 0.63769873
 0.7264604  0.7264605  0.85942782 0.85943008 0.93590708 0.93590716
 0.97650513 0.97650532 1.01616565 1.01616569 1.13126923 1.13127542
 1.3301262  1.33012937 1.39724053 1.39724198 1.6984854  1.69848545
 1.7876706  1.7877039  2.17372911 2.17374786 3.44047605 3.44058081]
  28 ( 0.250  0.750  0.000)   [-0.13522502  0.02882579  0.09004182  0.18303299] [0.32174595 0.41184117 0.42650035 0.45675944 0.484582   0.59343785
 0.70503556 0.73312301 0.73800758 0.87023868 0.89661935 0.9211979
 0.95188867 1.06755973 1.11435957 1.16399486 1.19717446 1.2489333
 1.26650132 1.31943711 1.40782299 1.45436504 1.50484288 1.55420058
 1.59815984 1.77949983 1.97154576 2.050093   3.45139373 3.45321077]
  29 ( 0.250  0.750  0.250)   [-0.11015278 -0.00494752  0.09869134  0.14944873] [0.28638153 0.39916401 0.4468405  0.45719426 0.61310972 0.6423763
 0.70580541 0.70638148 0.71564534 0.86899637 0.94086843 0.94789841
 0.98400834 1.01231456 1.01699886 1.13587821 1.16562583 1.23024502
 1.24342055 1.37501985 1.40913266 1.42726827 1.63585814 1.6466108
 1.82220115 1.82755963 1.92685981 2.06254858 3.44358033 3.46780444]
  30 ( 0.250  0.750  0.500)   [-0.05104115 -0.05104115  0.08605122  0.08605123] [0.39272623 0.39272624 0.41855297 0.41855298 0.63769873 0.63769873
 0.7264604  0.7264605  0.85942782 0.85943008 0.93590708 0.93590716
 0.97650513 0.97650532 1.01616565 1.01616569 1.13126923 1.13127541
 1.33012619 1.33012936 1.39724053 1.39724198 1.6984854  1.69848545
 1.78767059 1.7877039  2.1737291  2.17374786 3.44047604 3.4405808 ]
  31 ( 0.250  0.750  0.750)   [-0.11015278 -0.00494752  0.09869134  0.14944873] [0.28638153 0.39916401 0.4468405  0.45719426 0.61310972 0.6423763
 0.70580541 0.70638148 0.71564534 0.86899637 0.94086843 0.94789841
 0.98400834 1.01231457 1.01699886 1.13587822 1.16562583 1.23024502
 1.24342055 1.37501987 1.40913267 1.42726827 1.63585816 1.6466108
 1.82220118 1.82755962 1.92685981 2.06254877 3.44358033 3.46780444]
  32 ( 0.500 -0.000 -0.000)   [-0.12404371 -0.02846936  0.18773337  0.18773337] [0.28748307 0.35814529 0.35814529 0.51169692 0.64620169 0.65239413
 0.65239416 0.66216843 0.66216848 0.70350808 0.97109192 0.98671021
 1.06330554 1.06330574 1.13442105 1.13442114 1.26234968 1.29967293
 1.29967306 1.41735396 1.41735458 1.52991501 1.56206177 1.56206184
 1.690548   1.87896441 1.87897282 2.50816787 3.47058015 3.49900271]
  33 ( 0.500 -0.000  0.250)   [-0.11015277 -0.00494752  0.09869134  0.14944873] [0.28638153 0.39916401 0.44684051 0.45719426 0.61310988 0.64237629
 0.70580541 0.70638139 0.71564608 0.86899733 0.94086837 0.9478989
 0.98400994 1.01231676 1.01699881 1.13588565 1.16562607 1.23024536
 1.24341947 1.37503934 1.40913576 1.42726602 1.63587048 1.64660757
 1.82221842 1.82754376 1.92686151 2.06266753 3.44358037 3.4678062 ]
  34 ( 0.500  0.000  0.500)   [-0.05746515 -0.05746514  0.12498778  0.12498778] [0.2557823  0.2557823  0.60680699 0.60680728 0.67013179 0.67013179
 0.70664012 0.70664015 0.73925466 0.73925466 0.97298852 0.97298853
 0.98237683 0.98237684 0.98619888 0.98646701 1.03458106 1.03458117
 1.26771748 1.26771749 1.42370056 1.42421214 1.68981703 1.68981707
 1.8843505  1.88439951 2.09335622 2.09335625 3.44599861 3.44610386]
  35 ( 0.500  0.000  0.750)   [-0.11015277 -0.00494752  0.09869134  0.14944873] [0.28638153 0.39916401 0.44684051 0.45719426 0.61310988 0.64237629
 0.70580541 0.70638139 0.71564608 0.86899733 0.94086837 0.9478989
 0.98400994 1.01231676 1.01699881 1.13588565 1.16562607 1.23024536
 1.24341947 1.37503934 1.40913576 1.42726602 1.63587049 1.64660757
 1.82221842 1.82754376 1.92686151 2.06266757 3.44358037 3.4678062 ]
  36 ( 0.500  0.250 -0.000)   [-0.11015277 -0.00494752  0.09869134  0.14944873] [0.28638153 0.39916402 0.44684051 0.45719426 0.61310988 0.64237629
 0.70580541 0.70638139 0.71564607 0.86899733 0.94086837 0.9478989
 0.98400994 1.01231675 1.01699881 1.13588565 1.16562606 1.23024536
 1.24341947 1.37503933 1.40913575 1.42726601 1.63587049 1.64660757
 1.82221839 1.82754377 1.92686152 2.06266749 3.44358037 3.46780619]
  37 ( 0.500  0.250  0.250)   [-0.13522502  0.02882579  0.09004183  0.18303299] [0.32174595 0.41184117 0.42650035 0.45675944 0.484582   0.59343785
 0.70503563 0.73312279 0.7380073  0.87023733 0.89661962 0.9211979
 0.95189143 1.06755832 1.11435949 1.16399342 1.19717549 1.24893871
 1.26650121 1.31942781 1.40782298 1.45436466 1.50487849 1.55420013
 1.59816261 1.77949706 1.97154354 2.05018018 3.45139418 3.45321039]
  38 ( 0.500  0.250  0.500)   [-0.11015278 -0.00494753  0.09869134  0.14944873] [0.28638152 0.399164   0.44684051 0.45719426 0.61310981 0.6423763
 0.70580541 0.70638148 0.71564556 0.86899549 0.94086842 0.9478969
 0.98400529 1.01231666 1.01699886 1.1358891  1.16562512 1.23024632
 1.24342049 1.37501561 1.40912365 1.4272682  1.63584918 1.64661064
 1.82213043 1.82755888 1.92685273 2.06255479 3.44358039 3.46780437]
  39 ( 0.500  0.250  0.750)   [-0.05104115 -0.05104115  0.08605122  0.08605123] [0.39272623 0.39272624 0.41855297 0.41855298 0.63769873 0.63769873
 0.7264604  0.7264605  0.85942782 0.85943008 0.93590708 0.93590716
 0.97650513 0.97650532 1.01616565 1.01616569 1.13126923 1.13127542
 1.3301262  1.33012936 1.39724053 1.39724198 1.6984854  1.69848545
 1.7876706  1.7877039  2.17372911 2.17374786 3.44047605 3.44058081]
  40 ( 0.500  0.500  0.000)   [-0.05746515 -0.05746514  0.12498778  0.12498778] [0.2557823  0.2557823  0.60680699 0.60680728 0.67013179 0.67013179
 0.70664012 0.70664015 0.73925466 0.73925466 0.97298852 0.97298853
 0.98237683 0.98237684 0.98619888 0.98646702 1.03458106 1.03458117
 1.26771748 1.26771749 1.42370073 1.42421208 1.68981703 1.68981707
 1.88435051 1.88439951 2.09335622 2.09335625 3.4459986  3.44610385]
  41 ( 0.500  0.500  0.250)   [-0.11015278 -0.00494753  0.09869134  0.14944873] [0.28638152 0.399164   0.44684051 0.45719426 0.61310981 0.6423763
 0.70580541 0.70638148 0.71564557 0.86899548 0.94086842 0.9478969
 0.98400529 1.01231666 1.01699886 1.1358891  1.16562511 1.23024632
 1.2434205  1.3750156  1.40912365 1.4272682  1.63584918 1.64661064
 1.82213042 1.82755887 1.92685273 2.06255474 3.44358039 3.46780437]
  42 ( 0.500  0.500  0.500)   [-0.1240437  -0.02846936  0.18773337  0.18773337] [0.28748306 0.3581453  0.3581453  0.51169702 0.64620157 0.65239413
 0.65239413 0.66216849 0.66216849 0.70350814 0.97110033 0.98671018
 1.06330578 1.06330578 1.13442104 1.13442105 1.26234999 1.29967308
 1.29967308 1.41735392 1.41735392 1.529898   1.56206186 1.56206186
 1.69050941 1.87896379 1.87896379 2.50851404 3.47057996 3.4990174 ]
  43 ( 0.500  0.500  0.750)   [-0.11015278 -0.00494753  0.09869134  0.14944873] [0.28638152 0.399164   0.44684051 0.45719426 0.61310981 0.6423763
 0.70580541 0.70638148 0.71564557 0.86899548 0.94086842 0.9478969
 0.98400529 1.01231666 1.01699886 1.1358891  1.16562511 1.23024632
 1.2434205  1.3750156  1.40912365 1.4272682  1.63584919 1.64661064
 1.82213043 1.82755887 1.92685273 2.06255479 3.44358039 3.46780437]
  44 ( 0.500  0.750  0.000)   [-0.11015277 -0.00494752  0.09869134  0.14944873] [0.28638153 0.39916402 0.44684051 0.45719426 0.61310988 0.64237629
 0.70580541 0.70638139 0.71564607 0.86899733 0.94086837 0.9478989
 0.98400994 1.01231675 1.01699881 1.13588565 1.16562606 1.23024536
 1.24341947 1.37503933 1.40913575 1.42726601 1.63587049 1.64660757
 1.82221839 1.82754377 1.92686152 2.0626675  3.44358037 3.46780619]
  45 ( 0.500  0.750  0.250)   [-0.05104115 -0.05104115  0.08605122  0.08605123] [0.39272623 0.39272624 0.41855297 0.41855298 0.63769873 0.63769873
 0.7264604  0.7264605  0.85942782 0.85943008 0.93590708 0.93590716
 0.97650513 0.97650532 1.01616565 1.01616569 1.13126923 1.13127542
 1.3301262  1.33012936 1.39724053 1.39724198 1.6984854  1.69848545
 1.78767059 1.7877039  2.17372911 2.17374786 3.44047605 3.44058081]
  46 ( 0.500  0.750  0.500)   [-0.11015278 -0.00494753  0.09869134  0.14944873] [0.28638152 0.399164   0.44684051 0.45719426 0.61310981 0.6423763
 0.70580541 0.70638148 0.71564556 0.86899549 0.94086842 0.9478969
 0.98400529 1.01231666 1.01699886 1.1358891  1.16562512 1.23024632
 1.24342049 1.37501561 1.40912365 1.4272682  1.63584918 1.64661064
 1.82213043 1.82755888 1.92685273 2.06255476 3.44358039 3.46780437]
  47 ( 0.500  0.750  0.750)   [-0.13522502  0.02882579  0.09004183  0.18303299] [0.32174595 0.41184117 0.42650035 0.45675944 0.484582   0.59343785
 0.70503563 0.73312279 0.7380073  0.87023733 0.89661962 0.9211979
 0.95189143 1.06755832 1.11435949 1.16399342 1.19717549 1.24893871
 1.26650121 1.31942782 1.40782298 1.45436466 1.50487849 1.55420013
 1.59816261 1.77949706 1.97154354 2.05018019 3.45139418 3.45321039]
  48 ( 0.750 -0.000 -0.000)   [-0.18136083  0.08549004  0.20461703  0.20461703] [0.3055859  0.36418282 0.36418282 0.48356605 0.51121745 0.51121751
 0.55802932 0.66631088 0.80192865 0.80192922 0.9176439  0.93001011
 0.93001012 0.964963   1.21120953 1.21120963 1.27834    1.27834008
 1.3300756  1.35985823 1.5089802  1.5089817  1.59920855 1.5992123
 1.75614555 1.92127859 1.96245321 1.96246961 3.43337386 3.47841331]
  49 ( 0.750 -0.000  0.250)   [-0.13522502  0.02882579  0.09004182  0.18303299] [0.32174595 0.41184117 0.42650035 0.45675944 0.484582   0.59343785
 0.70503556 0.73312301 0.73800759 0.87023867 0.89661935 0.9211979
 0.95188867 1.06755974 1.11435957 1.16399485 1.19717444 1.2489333
 1.26650132 1.31943711 1.40782299 1.45436504 1.50484287 1.55420058
 1.59815984 1.77949983 1.97154577 2.05009302 3.45139373 3.45321074]
  50 ( 0.750 -0.000  0.500)   [-0.11015277 -0.00494752  0.09869134  0.14944873] [0.28638153 0.39916401 0.44684051 0.45719426 0.61310988 0.64237629
 0.70580541 0.70638139 0.71564608 0.86899733 0.94086837 0.9478989
 0.98400993 1.01231674 1.01699881 1.13588565 1.16562607 1.23024536
 1.24341947 1.37503931 1.40913575 1.42726602 1.63587047 1.64660757
 1.8222184  1.82754377 1.92686151 2.06266741 3.44358036 3.46780619]
  51 ( 0.750  0.000  0.750)   [-0.17091857  0.1024004   0.16133467  0.16133472] [0.27137421 0.34811783 0.45127058 0.45127069 0.53024207 0.58808081
 0.64639791 0.72581313 0.72581767 0.74704843 0.89667391 0.89667399
 0.99671301 1.00218973 1.08652762 1.26845413 1.27479923 1.32811352
 1.32811765 1.40102739 1.40114323 1.43968655 1.44064211 1.77284485
 1.88738943 1.88781077 1.98165951 1.98197981 3.43074536 3.47840632]
  52 ( 0.750  0.250 -0.000)   [-0.13522502  0.02882579  0.09004182  0.18303299] [0.32174595 0.41184117 0.42650035 0.45675944 0.484582   0.59343785
 0.70503556 0.73312301 0.73800758 0.87023868 0.89661935 0.9211979
 0.95188867 1.06755973 1.11435957 1.16399486 1.19717446 1.2489333
 1.26650132 1.31943711 1.40782299 1.45436504 1.50484288 1.55420058
 1.59815984 1.77949983 1.97154577 2.05009301 3.45139373 3.45321077]
  53 ( 0.750  0.250  0.250)   [-0.11015278 -0.00494752  0.09869134  0.14944873] [0.28638153 0.39916401 0.4468405  0.45719426 0.61310972 0.6423763
 0.70580541 0.70638148 0.71564534 0.86899637 0.94086843 0.94789841
 0.98400834 1.01231457 1.01699886 1.13587822 1.16562583 1.23024502
 1.24342055 1.37501986 1.40913266 1.42726827 1.63585816 1.6466108
 1.82220116 1.82755963 1.92685981 2.06254874 3.44358033 3.46780444]
  54 ( 0.750  0.250  0.500)   [-0.05104115 -0.05104115  0.08605122  0.08605123] [0.39272623 0.39272624 0.41855297 0.41855298 0.63769873 0.63769873
 0.7264604  0.7264605  0.85942782 0.85943008 0.93590708 0.93590716
 0.97650513 0.97650532 1.01616565 1.01616569 1.13126923 1.13127541
 1.33012619 1.33012936 1.39724053 1.39724198 1.6984854  1.69848545
 1.78767059 1.7877039  2.1737291  2.17374786 3.44047604 3.4405808 ]
  55 ( 0.750  0.250  0.750)   [-0.11015278 -0.00494752  0.09869134  0.14944873] [0.28638153 0.39916401 0.4468405  0.45719426 0.61310972 0.6423763
 0.70580541 0.70638148 0.71564534 0.86899637 0.94086843 0.94789841
 0.98400834 1.01231456 1.01699886 1.13587821 1.16562583 1.23024502
 1.24342055 1.37501985 1.40913266 1.42726827 1.63585815 1.6466108
 1.82220116 1.82755963 1.92685981 2.06254864 3.44358033 3.46780445]
  56 ( 0.750  0.500 -0.000)   [-0.11015277 -0.00494752  0.09869134  0.14944873] [0.28638153 0.39916402 0.44684051 0.45719426 0.61310988 0.64237629
 0.70580541 0.70638139 0.71564607 0.86899733 0.94086837 0.9478989
 0.98400993 1.01231675 1.01699881 1.13588564 1.16562606 1.23024536
 1.24341947 1.37503931 1.40913574 1.42726602 1.63587047 1.64660758
 1.82221837 1.82754377 1.92686152 2.06266738 3.44358036 3.46780619]
  57 ( 0.750  0.500  0.250)   [-0.05104115 -0.05104115  0.08605122  0.08605123] [0.39272623 0.39272624 0.41855297 0.41855298 0.63769873 0.63769873
 0.7264604  0.7264605  0.85942782 0.85943008 0.93590708 0.93590716
 0.97650513 0.97650532 1.01616565 1.01616569 1.13126923 1.13127542
 1.3301262  1.33012936 1.39724053 1.39724198 1.6984854  1.69848545
 1.7876706  1.7877039  2.17372911 2.17374786 3.44047605 3.44058081]
  58 ( 0.750  0.500  0.500)   [-0.11015278 -0.00494753  0.09869134  0.14944873] [0.28638152 0.399164   0.44684051 0.45719426 0.61310981 0.6423763
 0.70580541 0.70638148 0.71564556 0.86899549 0.94086842 0.9478969
 0.98400529 1.01231666 1.01699886 1.1358891  1.16562512 1.23024632
 1.24342049 1.37501561 1.40912365 1.4272682  1.63584918 1.64661064
 1.82213043 1.82755888 1.92685273 2.06255479 3.44358039 3.46780437]
  59 ( 0.750  0.500  0.750)   [-0.13522502  0.02882579  0.09004183  0.18303299] [0.32174595 0.41184117 0.42650035 0.45675944 0.484582   0.59343785
 0.70503563 0.73312279 0.7380073  0.87023733 0.89661962 0.9211979
 0.95189143 1.06755831 1.11435949 1.16399342 1.19717549 1.2489387
 1.26650121 1.31942778 1.40782298 1.45436466 1.50487848 1.55420013
 1.59816261 1.77949706 1.97154354 2.05018021 3.45139418 3.45321038]
  60 ( 0.750  0.750  0.000)   [-0.17091857  0.1024004   0.16133467  0.16133472] [0.27137421 0.34811783 0.45127058 0.45127069 0.53024207 0.58808081
 0.64639791 0.72581313 0.72581767 0.74704843 0.8966739  0.89667399
 0.99671301 1.00218973 1.08652762 1.26845413 1.27479923 1.32811352
 1.32811765 1.40102739 1.40114322 1.43968655 1.44064211 1.77284485
 1.88738945 1.88781069 1.98165946 1.9819797  3.43074536 3.47840632]
  61 ( 0.750  0.750  0.250)   [-0.11015278 -0.00494752  0.09869134  0.14944873] [0.28638153 0.39916401 0.4468405  0.45719426 0.61310972 0.6423763
 0.70580541 0.70638148 0.71564534 0.86899637 0.94086843 0.94789841
 0.98400834 1.01231456 1.01699886 1.13587821 1.16562582 1.23024501
 1.24342055 1.37501981 1.40913265 1.42726827 1.63585815 1.6466108
 1.82220114 1.82755963 1.92685981 2.06254858 3.44358032 3.46780442]
  62 ( 0.750  0.750  0.500)   [-0.13522502  0.02882579  0.09004183  0.18303299] [0.32174595 0.41184117 0.42650035 0.45675944 0.484582   0.59343785
 0.70503562 0.7331228  0.7380073  0.87023731 0.89661962 0.9211979
 0.95189142 1.06755829 1.11435949 1.16399342 1.19717549 1.2489387
 1.26650121 1.31942775 1.40782298 1.45436465 1.5048785  1.55420014
 1.59816261 1.77949706 1.97154353 2.05018016 3.45139419 3.45321036]
  63 ( 0.750  0.750  0.750)   [-0.18136084  0.08549004  0.20461703  0.20461703] [0.3055859  0.36418282 0.36418282 0.48356604 0.51121745 0.51121745
 0.55802898 0.6663103  0.80192923 0.80192923 0.91763143 0.9300101
 0.9300101  0.96493911 1.21120952 1.21120952 1.27834006 1.27834006
 1.33007523 1.35978888 1.50898288 1.50898288 1.59921337 1.59921338
 1.75614879 1.9212673  1.96247401 1.96247401 3.43337345 3.47841307]
nelec by numeric integration = 7.999999999879639
    CPU time for vxc      6.44 sec, wall time      4.76 sec
    CPU time for vj and vk     11.83 sec, wall time      8.97 sec
E1 = (2.4142775026118977-4.788537289943367e-15j)  Ecoul = 0.5317063362147121  Exc = -2.3916767436023014
cycle= 4 E= -7.84361819231253  delta_E= -3.54e-10  |g|= 6.86e-06  |ddm|= 49.9
    CPU time for cycle= 4     18.75 sec, wall time     13.84 sec
HOMO = 0.234077333013  LUMO = 0.255781886683
     k-point                  mo_energy
   0 ( 0.000  0.000  0.000)   [-0.21053565  0.23407733  0.23407733  0.23407733] [0.32776235 0.32776236 0.32776236 0.3510307  0.51560507 0.53868657
 0.53868657 0.65144642 0.65144642 0.65144666 0.78397581 1.15298748
 1.15298748 1.15298778 1.18346301 1.18347077 1.18347077 1.22048369
 1.22048369 1.62490791 1.62491174 1.62491174 1.85764941 1.85764941
 1.85764994 2.12628552 2.12663553 2.12663557 3.39178062 3.49606673]
   1 ( 0.000  0.000  0.250)   [-0.18136123  0.08548965  0.20461663  0.20461663] [0.30558549 0.36418252 0.36418252 0.48356554 0.51121715 0.5112172
 0.55802868 0.66631027 0.80192831 0.80192888 0.91764339 0.93000968
 0.93000969 0.96496225 1.21120915 1.21120926 1.27833952 1.2783396
 1.3300751  1.35985771 1.50897978 1.50898128 1.59920809 1.59921185
 1.75614495 1.92127819 1.96245283 1.96246921 3.43337282 3.47841227]
   2 ( 0.000  0.000  0.500)   [-0.1240441  -0.02846975  0.18773298  0.18773298] [0.28748263 0.358145   0.358145   0.51169632 0.64620103 0.65239383
 0.65239385 0.66216808 0.66216812 0.70350759 0.97109139 0.98670967
 1.06330505 1.06330525 1.13442075 1.13442084 1.26234907 1.29967245
 1.29967257 1.41735351 1.41735413 1.52991454 1.56206136 1.56206144
 1.69054767 1.87896397 1.87897239 2.50816748 3.47057908 3.4990016 ]
   3 ( 0.000  0.000  0.750)   [-0.18136123  0.08548965  0.20461663  0.20461663] [0.30558549 0.36418252 0.36418252 0.48356554 0.51121715 0.5112172
 0.55802868 0.66631027 0.80192831 0.80192888 0.91764339 0.93000968
 0.93000969 0.96496225 1.21120915 1.21120926 1.27833952 1.2783396
 1.3300751  1.3598577  1.50897978 1.50898128 1.59920809 1.59921185
 1.75614495 1.92127819 1.96245283 1.96246921 3.43337282 3.47841227]
   4 (-0.000  0.250  0.000)   [-0.18136122  0.08548965  0.20461663  0.20461663] [0.30558549 0.36418252 0.36418252 0.48356555 0.51121715 0.5112172
 0.55802868 0.66631027 0.80192831 0.80192888 0.91764338 0.93000968
 0.93000969 0.96496226 1.21120915 1.21120926 1.27833952 1.2783396
 1.33007511 1.35985766 1.50897978 1.50898128 1.59920809 1.59921185
 1.75614493 1.92127818 1.96245283 1.96246923 3.43337281 3.47841226]
   5 ( 0.000  0.250  0.250)   [-0.17091896  0.10239998  0.1613343   0.16133434] [0.27137383 0.34811743 0.45127023 0.45127034 0.53024161 0.58808055
 0.64639721 0.72581277 0.72581731 0.74704781 0.89667341 0.89667349
 0.99671256 1.00218944 1.08652713 1.26845349 1.27479878 1.32811305
 1.32811717 1.40102694 1.40114268 1.43968598 1.44064171 1.77284435
 1.88738921 1.88781006 1.98165919 1.98197912 3.4307443  3.47840526]
   6 ( 0.000  0.250  0.500)   [-0.11015317 -0.00494792  0.09869095  0.14944836] [0.28638113 0.3991636  0.4468401  0.45719395 0.61310941 0.64237596
 0.70580494 0.70638108 0.71564549 0.86899676 0.94086803 0.94789848
 0.98400941 1.01231632 1.01699834 1.13588518 1.16562556 1.23024495
 1.24341902 1.37503873 1.40913525 1.4272656  1.63586997 1.64660713
 1.82221794 1.82754341 1.92686106 2.06266697 3.44357931 3.46780515]
   7 ( 0.000  0.250  0.750)   [-0.13522541  0.02882539  0.09004144  0.18303261] [0.32174557 0.41184089 0.42649987 0.45675902 0.48458166 0.59343742
 0.705035   0.73312246 0.73800722 0.87023819 0.89661888 0.92119761
 0.95188832 1.06755935 1.11435896 1.1639943  1.19717377 1.24893293
 1.26650091 1.31943661 1.40782259 1.4543645  1.5048425  1.55420009
 1.59815935 1.77949944 1.97154532 2.05009255 3.45139268 3.45320969]
   8 (-0.000  0.500  0.000)   [-0.1240441  -0.02846975  0.18773298  0.18773298] [0.28748263 0.358145   0.358145   0.51169632 0.64620103 0.65239383
 0.65239385 0.66216808 0.66216812 0.70350758 0.9710914  0.98670966
 1.06330505 1.06330525 1.13442075 1.13442084 1.26234907 1.29967245
 1.29967257 1.41735351 1.41735413 1.52991452 1.56206136 1.56206144
 1.69054754 1.87896397 1.87897239 2.50816743 3.47057911 3.49900167]
   9 (-0.000  0.500  0.250)   [-0.11015317 -0.00494792  0.09869095  0.14944836] [0.28638113 0.3991636  0.4468401  0.45719395 0.61310941 0.64237596
 0.70580494 0.70638109 0.71564549 0.86899676 0.94086803 0.94789848
 0.98400941 1.01231633 1.01699834 1.13588518 1.16562556 1.23024495
 1.24341903 1.37503875 1.40913525 1.4272656  1.63586996 1.64660713
 1.82221793 1.82754339 1.92686106 2.06266693 3.44357932 3.46780515]
  10 ( 0.000  0.500  0.500)   [-0.05746555 -0.05746554  0.12498741  0.12498742] [0.25578189 0.25578189 0.60680666 0.60680694 0.67013138 0.67013139
 0.70663954 0.70663956 0.73925439 0.73925439 0.97298797 0.97298798
 0.98237624 0.98237625 0.9861986  0.98646666 1.03458061 1.03458071
 1.26771708 1.26771709 1.42370021 1.42421161 1.68981659 1.68981663
 1.88435005 1.88439904 2.09335572 2.09335575 3.44599754 3.44610283]
  11 ( 0.000  0.500  0.750)   [-0.11015317 -0.00494792  0.09869095  0.14944836] [0.28638113 0.3991636  0.4468401  0.45719395 0.61310941 0.64237596
 0.70580494 0.70638109 0.71564549 0.86899676 0.94086803 0.94789848
 0.98400941 1.01231633 1.01699834 1.13588519 1.16562556 1.23024495
 1.24341903 1.37503875 1.40913525 1.4272656  1.63586996 1.64660713
 1.82221794 1.82754339 1.92686107 2.06266694 3.44357932 3.46780515]
  12 (-0.000  0.750  0.000)   [-0.18136122  0.08548965  0.20461663  0.20461663] [0.30558549 0.36418252 0.36418252 0.48356555 0.51121715 0.5112172
 0.55802868 0.66631027 0.80192831 0.80192888 0.91764338 0.93000968
 0.93000969 0.96496226 1.21120915 1.21120926 1.27833952 1.2783396
 1.33007511 1.35985766 1.50897978 1.50898128 1.59920809 1.59921185
 1.75614493 1.92127818 1.96245283 1.96246923 3.43337281 3.47841226]
  13 (-0.000  0.750  0.250)   [-0.13522541  0.02882539  0.09004144  0.18303261] [0.32174557 0.41184089 0.42649987 0.45675902 0.48458166 0.59343742
 0.705035   0.73312246 0.73800722 0.87023819 0.89661888 0.92119761
 0.95188832 1.06755935 1.11435896 1.1639943  1.19717376 1.24893293
 1.26650091 1.31943661 1.40782259 1.4543645  1.5048425  1.55420009
 1.59815935 1.77949944 1.97154532 2.05009254 3.45139268 3.45320969]
  14 (-0.000  0.750  0.500)   [-0.11015317 -0.00494792  0.09869095  0.14944836] [0.28638113 0.3991636  0.4468401  0.45719395 0.61310941 0.64237596
 0.70580494 0.70638108 0.71564549 0.86899676 0.94086803 0.94789848
 0.98400941 1.01231632 1.01699834 1.13588518 1.16562556 1.23024495
 1.24341902 1.37503873 1.40913525 1.4272656  1.63586997 1.64660713
 1.82221794 1.82754341 1.92686107 2.06266697 3.44357931 3.46780515]
  15 ( 0.000  0.750  0.750)   [-0.17091896  0.10239998  0.1613343   0.16133434] [0.27137383 0.34811743 0.45127023 0.45127034 0.53024161 0.58808055
 0.64639721 0.72581277 0.72581731 0.74704781 0.89667341 0.89667349
 0.99671256 1.00218944 1.08652713 1.26845349 1.27479878 1.32811305
 1.32811717 1.40102695 1.40114268 1.43968598 1.44064171 1.77284435
 1.88738927 1.88781009 1.98165924 1.98197914 3.4307443  3.47840526]
  16 ( 0.250 -0.000 -0.000)   [-0.18136122  0.08548965  0.20461663  0.20461663] [0.30558549 0.36418252 0.36418252 0.48356555 0.51121715 0.5112172
 0.55802868 0.66631027 0.80192831 0.80192888 0.91764338 0.93000968
 0.93000969 0.96496227 1.21120915 1.21120926 1.27833952 1.2783396
 1.33007511 1.35985765 1.50897978 1.50898128 1.59920809 1.59921185
 1.75614492 1.92127819 1.96245283 1.96246923 3.43337281 3.47841225]
  17 ( 0.250  0.000  0.250)   [-0.17091896  0.10239998  0.1613343   0.16133434] [0.27137383 0.34811743 0.45127023 0.45127034 0.53024161 0.58808055
 0.64639721 0.72581277 0.72581731 0.74704781 0.89667341 0.89667349
 0.99671256 1.00218944 1.08652713 1.26845349 1.27479878 1.32811305
 1.32811717 1.40102689 1.40114273 1.43968598 1.44064171 1.77284435
 1.88738895 1.88781032 1.98165899 1.98197932 3.4307443  3.47840526]
  18 ( 0.250  0.000  0.500)   [-0.11015317 -0.00494792  0.09869095  0.14944836] [0.28638113 0.3991636  0.4468401  0.45719395 0.61310941 0.64237596
 0.70580494 0.70638108 0.71564549 0.86899676 0.94086803 0.94789848
 0.98400941 1.01231632 1.01699834 1.13588518 1.16562556 1.23024495
 1.24341902 1.37503874 1.40913525 1.4272656  1.63586997 1.64660713
 1.82221794 1.8275434  1.92686106 2.062667   3.44357932 3.46780515]
  19 ( 0.250  0.000  0.750)   [-0.13522541  0.02882539  0.09004144  0.18303261] [0.32174557 0.41184089 0.42649987 0.45675902 0.48458166 0.59343742
 0.705035   0.73312246 0.73800722 0.87023819 0.89661888 0.92119761
 0.95188832 1.06755936 1.11435896 1.1639943  1.19717376 1.24893293
 1.26650091 1.31943664 1.40782259 1.4543645  1.50484251 1.55420009
 1.59815935 1.77949944 1.97154533 2.05009252 3.45139268 3.45320969]
  20 ( 0.250  0.250  0.000)   [-0.17091896  0.10239998  0.1613343   0.16133434] [0.27137383 0.34811743 0.45127023 0.45127034 0.53024161 0.58808055
 0.64639721 0.72581277 0.72581731 0.74704781 0.89667341 0.89667349
 0.99671256 1.00218944 1.08652713 1.26845349 1.27479878 1.32811304
 1.32811717 1.4010269  1.40114272 1.43968599 1.44064171 1.77284435
 1.88738904 1.88781026 1.981659   1.98197922 3.43074431 3.47840526]
  21 ( 0.250  0.250  0.250)   [-0.18136123  0.08548964  0.20461663  0.20461663] [0.30558548 0.36418252 0.36418252 0.48356554 0.51121714 0.51121714
 0.55802834 0.66630969 0.8019289  0.8019289  0.9176309  0.93000967
 0.93000967 0.96493838 1.21120914 1.21120914 1.27833958 1.27833958
 1.33007474 1.3597883  1.50898246 1.50898246 1.59921292 1.59921292
 1.75614817 1.92126691 1.96247362 1.96247363 3.4333724  3.47841202]
  22 ( 0.250  0.250  0.500)   [-0.13522541  0.02882539  0.09004144  0.18303261] [0.32174557 0.41184089 0.42649987 0.45675902 0.48458166 0.59343742
 0.70503506 0.73312225 0.73800694 0.87023683 0.89661916 0.92119761
 0.95189107 1.06755792 1.11435889 1.16399287 1.19717482 1.24893833
 1.2665008  1.31942727 1.40782258 1.45436411 1.50487813 1.55419965
 1.59816212 1.77949668 1.97154309 2.05017967 3.45139314 3.45320931]
  23 ( 0.250  0.250  0.750)   [-0.11015317 -0.00494792  0.09869095  0.14944836] [0.28638113 0.3991636  0.4468401  0.45719394 0.61310925 0.64237596
 0.70580493 0.70638118 0.71564476 0.8689958  0.94086809 0.94789799
 0.98400781 1.01231413 1.01699838 1.13587774 1.16562532 1.23024461
 1.24342011 1.37501924 1.40913215 1.42726786 1.63585765 1.64661036
 1.82220068 1.82755926 1.92685937 2.06254817 3.44357927 3.46780338]
  24 ( 0.250  0.500  0.000)   [-0.11015317 -0.00494792  0.09869095  0.14944836] [0.28638113 0.3991636  0.4468401  0.45719395 0.61310941 0.64237596
 0.70580494 0.70638109 0.71564549 0.86899677 0.94086803 0.94789848
 0.98400941 1.01231632 1.01699834 1.13588518 1.16562556 1.23024495
 1.24341902 1.37503873 1.40913524 1.4272656  1.63586997 1.64660714
 1.82221791 1.82754341 1.92686107 2.06266692 3.44357932 3.46780515]
  25 ( 0.250  0.500  0.250)   [-0.13522541  0.02882539  0.09004144  0.18303261] [0.32174557 0.41184089 0.42649987 0.45675902 0.48458166 0.59343742
 0.70503506 0.73312224 0.73800694 0.87023684 0.89661916 0.92119761
 0.95189107 1.06755793 1.11435889 1.16399287 1.19717482 1.24893834
 1.2665008  1.31942731 1.40782258 1.45436412 1.50487812 1.55419963
 1.59816212 1.77949668 1.97154309 2.0501797  3.45139313 3.45320933]
  26 ( 0.250  0.500  0.500)   [-0.11015317 -0.00494793  0.09869095  0.14944836] [0.28638112 0.39916359 0.4468401  0.45719394 0.61310934 0.64237596
 0.70580493 0.70638118 0.71564498 0.86899492 0.94086809 0.94789648
 0.98400477 1.01231624 1.01699838 1.13588864 1.16562461 1.23024592
 1.24342005 1.37501504 1.40912315 1.42726778 1.63584868 1.6466102
 1.82212996 1.82755851 1.92685228 2.06255436 3.44357934 3.46780333]
  27 ( 0.250  0.500  0.750)   [-0.05104155 -0.05104154  0.08605085  0.08605085] [0.39272579 0.3927258  0.41855263 0.41855263 0.63769834 0.63769834
 0.72646    0.72646011 0.85942723 0.85942949 0.93590658 0.93590665
 0.97650477 0.97650495 1.01616529 1.01616533 1.13126875 1.13127493
 1.3301257  1.33012887 1.39724002 1.39724147 1.69848494 1.69848499
 1.7876702  1.7877035  2.17372857 2.17374732 3.44047499 3.44057979]
  28 ( 0.250  0.750  0.000)   [-0.13522541  0.02882539  0.09004144  0.18303261] [0.32174557 0.41184089 0.42649987 0.45675902 0.48458166 0.59343742
 0.705035   0.73312246 0.73800722 0.87023819 0.89661888 0.92119761
 0.95188832 1.06755936 1.11435896 1.16399431 1.19717378 1.24893293
 1.26650091 1.31943663 1.40782259 1.45436449 1.50484252 1.55420008
 1.59815935 1.77949944 1.97154532 2.0500925  3.45139268 3.45320972]
  29 ( 0.250  0.750  0.250)   [-0.11015317 -0.00494792  0.09869095  0.14944836] [0.28638113 0.3991636  0.4468401  0.45719394 0.61310925 0.64237596
 0.70580493 0.70638118 0.71564476 0.86899581 0.94086809 0.94789799
 0.98400782 1.01231414 1.01699838 1.13587775 1.16562532 1.23024461
 1.24342011 1.37501927 1.40913216 1.42726785 1.63585764 1.64661036
 1.82220068 1.82755926 1.92685936 2.06254814 3.44357928 3.4678034 ]
  30 ( 0.250  0.750  0.500)   [-0.05104155 -0.05104154  0.08605085  0.08605085] [0.39272579 0.3927258  0.41855263 0.41855263 0.63769834 0.63769834
 0.72646    0.72646011 0.85942723 0.85942949 0.93590657 0.93590665
 0.97650477 0.97650495 1.01616529 1.01616533 1.13126875 1.13127493
 1.33012569 1.33012886 1.39724002 1.39724147 1.69848494 1.69848499
 1.7876702  1.7877035  2.17372857 2.17374732 3.44047497 3.44057978]
  31 ( 0.250  0.750  0.750)   [-0.11015317 -0.00494792  0.09869095  0.14944836] [0.28638113 0.3991636  0.4468401  0.45719394 0.61310925 0.64237596
 0.70580493 0.70638118 0.71564476 0.86899581 0.94086809 0.94789799
 0.98400782 1.01231414 1.01699838 1.13587775 1.16562532 1.23024461
 1.24342011 1.37501929 1.40913216 1.42726785 1.63585766 1.64661036
 1.82220071 1.82755925 1.92685937 2.06254833 3.44357928 3.4678034 ]
  32 ( 0.500 -0.000 -0.000)   [-0.1240441  -0.02846975  0.18773298  0.18773298] [0.28748263 0.358145   0.358145   0.51169632 0.64620103 0.65239383
 0.65239385 0.66216808 0.66216812 0.70350758 0.9710914  0.98670966
 1.06330505 1.06330525 1.13442075 1.13442084 1.26234907 1.29967245
 1.29967257 1.41735351 1.41735413 1.52991449 1.56206136 1.56206144
 1.69054745 1.87896397 1.87897239 2.50816749 3.47057911 3.49900168]
  33 ( 0.500 -0.000  0.250)   [-0.11015317 -0.00494792  0.09869095  0.14944836] [0.28638113 0.3991636  0.4468401  0.45719395 0.61310941 0.64237596
 0.70580494 0.70638109 0.71564549 0.86899676 0.94086803 0.94789848
 0.98400941 1.01231633 1.01699834 1.13588519 1.16562556 1.23024496
 1.24341903 1.37503876 1.40913526 1.4272656  1.63586998 1.64660713
 1.82221795 1.82754339 1.92686106 2.06266709 3.44357932 3.46780515]
  34 ( 0.500  0.000  0.500)   [-0.05746555 -0.05746554  0.12498741  0.12498742] [0.25578189 0.25578189 0.60680666 0.60680694 0.67013138 0.67013139
 0.70663954 0.70663956 0.73925439 0.73925439 0.97298797 0.97298798
 0.98237624 0.98237625 0.98619856 0.98646669 1.03458061 1.03458071
 1.26771708 1.26771709 1.42370011 1.42421168 1.68981659 1.68981663
 1.88435004 1.88439905 2.09335572 2.09335575 3.44599754 3.44610283]
  35 ( 0.500  0.000  0.750)   [-0.11015317 -0.00494792  0.09869095  0.14944836] [0.28638113 0.3991636  0.4468401  0.45719395 0.61310941 0.64237596
 0.70580494 0.70638109 0.71564549 0.86899676 0.94086803 0.94789848
 0.98400941 1.01231634 1.01699834 1.13588519 1.16562556 1.23024496
 1.24341903 1.37503877 1.40913526 1.4272656  1.63586998 1.64660713
 1.82221795 1.82754339 1.92686106 2.06266713 3.44357932 3.46780515]
  36 ( 0.500  0.250 -0.000)   [-0.11015317 -0.00494792  0.09869095  0.14944836] [0.28638113 0.3991636  0.4468401  0.45719395 0.61310941 0.64237596
 0.70580494 0.70638109 0.71564549 0.86899677 0.94086803 0.94789848
 0.98400941 1.01231633 1.01699834 1.13588518 1.16562556 1.23024495
 1.24341902 1.37503875 1.40913524 1.4272656  1.63586999 1.64660713
 1.82221792 1.8275434  1.92686107 2.06266705 3.44357932 3.46780515]
  37 ( 0.500  0.250  0.250)   [-0.13522541  0.02882539  0.09004144  0.18303261] [0.32174557 0.41184089 0.42649987 0.45675902 0.48458166 0.59343742
 0.70503506 0.73312224 0.73800694 0.87023685 0.89661916 0.92119761
 0.95189107 1.06755794 1.11435889 1.16399287 1.19717481 1.24893834
 1.2665008  1.31942734 1.40782258 1.45436412 1.50487813 1.55419964
 1.59816212 1.77949667 1.9715431  2.05017968 3.45139313 3.45320934]
  38 ( 0.500  0.250  0.500)   [-0.11015317 -0.00494793  0.09869095  0.14944836] [0.28638112 0.39916359 0.4468401  0.45719394 0.61310934 0.64237596
 0.70580493 0.70638118 0.71564498 0.86899492 0.94086809 0.94789648
 0.98400477 1.01231624 1.01699838 1.13588864 1.16562461 1.23024591
 1.24342005 1.37501504 1.40912315 1.42726778 1.63584867 1.6466102
 1.82212996 1.82755851 1.92685228 2.06255434 3.44357934 3.46780333]
  39 ( 0.500  0.250  0.750)   [-0.05104155 -0.05104154  0.08605085  0.08605085] [0.39272579 0.3927258  0.41855263 0.41855263 0.63769834 0.63769834
 0.72646    0.72646011 0.85942723 0.85942949 0.93590658 0.93590665
 0.97650477 0.97650495 1.01616529 1.01616533 1.13126875 1.13127494
 1.3301257  1.33012887 1.39724002 1.39724147 1.69848494 1.69848499
 1.7876702  1.7877035  2.17372857 2.17374732 3.44047499 3.44057979]
  40 ( 0.500  0.500  0.000)   [-0.05746555 -0.05746554  0.12498741  0.12498742] [0.25578189 0.25578189 0.60680666 0.60680695 0.67013138 0.67013139
 0.70663953 0.70663956 0.73925439 0.73925439 0.97298797 0.97298798
 0.98237624 0.98237625 0.98619856 0.9864667  1.03458061 1.03458071
 1.26771708 1.26771709 1.42370027 1.42421162 1.68981659 1.68981664
 1.88435005 1.88439905 2.09335573 2.09335575 3.44599753 3.44610282]
  41 ( 0.500  0.500  0.250)   [-0.11015318 -0.00494793  0.09869095  0.14944836] [0.28638112 0.39916359 0.4468401  0.45719394 0.61310934 0.64237596
 0.70580493 0.70638117 0.71564498 0.86899492 0.94086809 0.94789648
 0.98400476 1.01231624 1.01699838 1.13588864 1.16562461 1.23024591
 1.24342005 1.37501503 1.40912315 1.42726778 1.63584868 1.6466102
 1.82212996 1.8275585  1.92685229 2.0625543  3.44357934 3.46780332]
  42 ( 0.500  0.500  0.500)   [-0.1240441  -0.02846975  0.18773298  0.18773298] [0.28748262 0.358145   0.358145   0.51169642 0.64620091 0.65239383
 0.65239383 0.66216813 0.66216813 0.70350764 0.97109982 0.98670963
 1.06330529 1.06330529 1.13442074 1.13442074 1.26234938 1.2996726
 1.2996726  1.41735347 1.41735347 1.52989747 1.56206145 1.56206145
 1.69050886 1.87896335 1.87896335 2.50851364 3.47057893 3.49901637]
  43 ( 0.500  0.500  0.750)   [-0.11015318 -0.00494793  0.09869095  0.14944836] [0.28638112 0.39916359 0.4468401  0.45719394 0.61310934 0.64237596
 0.70580493 0.70638117 0.71564498 0.86899492 0.94086809 0.94789648
 0.98400477 1.01231624 1.01699838 1.13588864 1.16562461 1.23024591
 1.24342005 1.37501503 1.40912315 1.42726778 1.63584869 1.6466102
 1.82212996 1.8275585  1.92685229 2.06255435 3.44357934 3.46780333]
  44 ( 0.500  0.750  0.000)   [-0.11015317 -0.00494792  0.09869095  0.14944836] [0.28638113 0.3991636  0.4468401  0.45719395 0.61310941 0.64237596
 0.70580494 0.70638109 0.71564549 0.86899677 0.94086803 0.94789848
 0.98400941 1.01231633 1.01699834 1.13588518 1.16562556 1.23024495
 1.24341902 1.37503875 1.40913524 1.4272656  1.63586999 1.64660713
 1.82221792 1.8275434  1.92686107 2.06266706 3.44357932 3.46780515]
  45 ( 0.500  0.750  0.250)   [-0.05104155 -0.05104154  0.08605085  0.08605085] [0.39272579 0.3927258  0.41855263 0.41855263 0.63769834 0.63769834
 0.72646    0.72646011 0.85942723 0.85942949 0.93590658 0.93590665
 0.97650477 0.97650495 1.01616529 1.01616533 1.13126875 1.13127494
 1.3301257  1.33012887 1.39724002 1.39724147 1.69848494 1.69848499
 1.7876702  1.7877035  2.17372857 2.17374732 3.44047499 3.44057979]
  46 ( 0.500  0.750  0.500)   [-0.11015317 -0.00494793  0.09869095  0.14944836] [0.28638112 0.39916359 0.4468401  0.45719394 0.61310934 0.64237596
 0.70580493 0.70638118 0.71564498 0.86899492 0.94086809 0.94789648
 0.98400477 1.01231624 1.01699838 1.13588864 1.16562461 1.23024591
 1.24342005 1.37501504 1.40912315 1.42726778 1.63584867 1.6466102
 1.82212996 1.82755851 1.92685228 2.06255432 3.44357934 3.46780333]
  47 ( 0.500  0.750  0.750)   [-0.13522541  0.02882539  0.09004144  0.18303261] [0.32174557 0.41184089 0.42649987 0.45675902 0.48458166 0.59343742
 0.70503506 0.73312224 0.73800694 0.87023685 0.89661916 0.92119761
 0.95189107 1.06755794 1.11435889 1.16399287 1.19717481 1.24893834
 1.2665008  1.31942734 1.40782258 1.45436412 1.50487813 1.55419964
 1.59816212 1.77949668 1.9715431  2.05017969 3.45139313 3.45320934]
  48 ( 0.750 -0.000 -0.000)   [-0.18136122  0.08548965  0.20461663  0.20461663] [0.30558549 0.36418252 0.36418252 0.48356555 0.51121715 0.5112172
 0.55802868 0.66631027 0.80192831 0.80192888 0.91764338 0.93000968
 0.93000969 0.96496227 1.21120915 1.21120926 1.27833952 1.2783396
 1.33007511 1.35985765 1.50897978 1.50898128 1.59920809 1.59921185
 1.75614493 1.92127819 1.96245283 1.96246923 3.43337281 3.47841225]
  49 ( 0.750 -0.000  0.250)   [-0.13522541  0.02882539  0.09004144  0.18303261] [0.32174557 0.41184089 0.42649987 0.45675902 0.48458166 0.59343742
 0.705035   0.73312246 0.73800722 0.87023819 0.89661888 0.92119761
 0.95188832 1.06755936 1.11435896 1.1639943  1.19717376 1.24893293
 1.26650091 1.31943664 1.40782259 1.4543645  1.50484251 1.55420009
 1.59815935 1.77949944 1.97154532 2.05009252 3.45139268 3.45320969]
  50 ( 0.750 -0.000  0.500)   [-0.11015317 -0.00494792  0.09869095  0.14944836] [0.28638113 0.3991636  0.4468401  0.45719395 0.61310941 0.64237596
 0.70580494 0.70638108 0.71564549 0.86899676 0.94086803 0.94789848
 0.98400941 1.01231632 1.01699834 1.13588518 1.16562556 1.23024495
 1.24341902 1.37503873 1.40913525 1.4272656  1.63586996 1.64660713
 1.82221793 1.82754341 1.92686106 2.06266697 3.44357932 3.46780515]
  51 ( 0.750  0.000  0.750)   [-0.17091896  0.10239998  0.1613343   0.16133434] [0.27137383 0.34811743 0.45127023 0.45127034 0.53024161 0.58808055
 0.64639721 0.72581277 0.72581731 0.74704781 0.89667341 0.89667349
 0.99671256 1.00218944 1.08652713 1.26845349 1.27479878 1.32811305
 1.32811717 1.4010269  1.40114273 1.43968598 1.44064171 1.77284435
 1.88738901 1.88781034 1.98165903 1.98197934 3.4307443  3.47840526]
  52 ( 0.750  0.250 -0.000)   [-0.13522541  0.02882539  0.09004144  0.18303261] [0.32174557 0.41184089 0.42649987 0.45675902 0.48458166 0.59343742
 0.705035   0.73312246 0.73800722 0.87023819 0.89661888 0.92119761
 0.95188832 1.06755936 1.11435896 1.16399431 1.19717378 1.24893293
 1.26650091 1.31943664 1.40782259 1.45436449 1.50484252 1.55420008
 1.59815935 1.77949944 1.97154532 2.05009251 3.45139268 3.45320972]
  53 ( 0.750  0.250  0.250)   [-0.11015317 -0.00494792  0.09869095  0.14944836] [0.28638113 0.3991636  0.4468401  0.45719394 0.61310925 0.64237596
 0.70580493 0.70638118 0.71564476 0.86899581 0.94086809 0.94789799
 0.98400782 1.01231414 1.01699838 1.13587775 1.16562532 1.23024461
 1.24342011 1.37501929 1.40913216 1.42726785 1.63585765 1.64661036
 1.8222007  1.82755926 1.92685937 2.06254829 3.44357928 3.4678034 ]
  54 ( 0.750  0.250  0.500)   [-0.05104155 -0.05104154  0.08605085  0.08605085] [0.39272579 0.3927258  0.41855263 0.41855263 0.63769834 0.63769834
 0.72646    0.72646011 0.85942723 0.85942949 0.93590657 0.93590665
 0.97650477 0.97650495 1.01616529 1.01616533 1.13126875 1.13127493
 1.33012569 1.33012886 1.39724002 1.39724147 1.69848494 1.69848499
 1.7876702  1.7877035  2.17372857 2.17374732 3.44047497 3.44057978]
  55 ( 0.750  0.250  0.750)   [-0.11015317 -0.00494792  0.09869095  0.14944836] [0.28638113 0.3991636  0.4468401  0.45719394 0.61310925 0.64237596
 0.70580493 0.70638118 0.71564476 0.86899581 0.94086809 0.94789799
 0.98400782 1.01231414 1.01699838 1.13587775 1.16562532 1.23024461
 1.24342011 1.37501928 1.40913216 1.42726785 1.63585764 1.64661036
 1.82220069 1.82755926 1.92685937 2.0625482  3.44357928 3.4678034 ]
  56 ( 0.750  0.500 -0.000)   [-0.11015317 -0.00494792  0.09869095  0.14944836] [0.28638113 0.3991636  0.4468401  0.45719395 0.61310941 0.64237596
 0.70580494 0.70638109 0.71564549 0.86899677 0.94086803 0.94789848
 0.98400941 1.01231632 1.01699834 1.13588518 1.16562556 1.23024495
 1.24341902 1.37503874 1.40913524 1.4272656  1.63586997 1.64660714
 1.8222179  1.82754341 1.92686107 2.06266694 3.44357932 3.46780515]
  57 ( 0.750  0.500  0.250)   [-0.05104155 -0.05104154  0.08605085  0.08605085] [0.39272579 0.3927258  0.41855263 0.41855263 0.63769834 0.63769834
 0.72646    0.72646011 0.85942723 0.85942949 0.93590658 0.93590665
 0.97650477 0.97650495 1.01616529 1.01616533 1.13126875 1.13127493
 1.3301257  1.33012887 1.39724002 1.39724147 1.69848494 1.69848499
 1.7876702  1.7877035  2.17372857 2.17374732 3.44047499 3.44057979]
  58 ( 0.750  0.500  0.500)   [-0.11015317 -0.00494793  0.09869095  0.14944836] [0.28638112 0.39916359 0.4468401  0.45719394 0.61310934 0.64237596
 0.70580493 0.70638118 0.71564498 0.86899492 0.94086809 0.94789648
 0.98400477 1.01231624 1.01699838 1.13588864 1.16562461 1.23024591
 1.24342005 1.37501504 1.40912315 1.42726778 1.63584867 1.6466102
 1.82212996 1.82755851 1.92685228 2.06255436 3.44357934 3.46780333]
  59 ( 0.750  0.500  0.750)   [-0.13522541  0.02882539  0.09004144  0.18303261] [0.32174557 0.41184089 0.42649987 0.45675902 0.48458166 0.59343742
 0.70503506 0.73312224 0.73800694 0.87023684 0.89661916 0.92119761
 0.95189107 1.06755793 1.11435889 1.16399287 1.19717482 1.24893834
 1.2665008  1.31942731 1.40782258 1.45436412 1.50487812 1.55419963
 1.59816212 1.77949668 1.97154309 2.05017971 3.45139313 3.45320933]
  60 ( 0.750  0.750  0.000)   [-0.17091896  0.10239998  0.1613343   0.16133434] [0.27137383 0.34811743 0.45127023 0.45127034 0.53024161 0.58808055
 0.64639721 0.72581277 0.72581731 0.74704781 0.89667341 0.89667349
 0.99671256 1.00218944 1.08652713 1.26845349 1.27479878 1.32811304
 1.32811717 1.40102689 1.40114272 1.43968599 1.44064171 1.77284435
 1.88738903 1.88781026 1.98165899 1.98197923 3.43074431 3.47840526]
  61 ( 0.750  0.750  0.250)   [-0.11015317 -0.00494792  0.09869095  0.14944836] [0.28638113 0.3991636  0.4468401  0.45719394 0.61310925 0.64237596
 0.70580493 0.70638118 0.71564476 0.8689958  0.94086809 0.94789799
 0.98400781 1.01231413 1.01699838 1.13587775 1.16562532 1.23024461
 1.24342011 1.37501924 1.40913215 1.42726786 1.63585765 1.64661036
 1.82220067 1.82755926 1.92685937 2.06254814 3.44357927 3.46780338]
  62 ( 0.750  0.750  0.500)   [-0.13522541  0.02882539  0.09004144  0.18303261] [0.32174557 0.41184089 0.42649987 0.45675902 0.48458166 0.59343742
 0.70503506 0.73312225 0.73800694 0.87023683 0.89661916 0.92119761
 0.95189107 1.06755792 1.11435889 1.16399287 1.19717482 1.24893833
 1.2665008  1.31942727 1.40782258 1.45436411 1.50487813 1.55419965
 1.59816212 1.77949668 1.97154309 2.05017966 3.45139314 3.45320931]
  63 ( 0.750  0.750  0.750)   [-0.18136123  0.08548964  0.20461663  0.20461663] [0.30558548 0.36418252 0.36418252 0.48356554 0.51121714 0.51121714
 0.55802834 0.66630969 0.8019289  0.8019289  0.9176309  0.93000967
 0.93000967 0.96493838 1.21120914 1.21120914 1.27833958 1.27833958
 1.33007474 1.3597883  1.50898246 1.50898246 1.59921292 1.59921292
 1.75614817 1.92126691 1.96247362 1.96247363 3.4333724  3.47841202]
nelec by numeric integration = 7.999999999879634
    CPU time for vxc      6.47 sec, wall time      4.77 sec
    CPU time for vj and vk     12.38 sec, wall time      9.61 sec
E1 = (2.4142773412093397-3.848481490355705e-15j)  Ecoul = 0.5317065778292838  Exc = -2.3916768238146178
Extra cycle  E= -7.84361819231283  delta_E= -3.02e-13  |g|= 8.91e-07  |ddm|= 1.32
    CPU time for scf_cycle    126.44 sec, wall time     95.33 sec
    CPU time for SCF    128.11 sec, wall time     95.64 sec
converged SCF energy = -7.84361819231283
-7.84361819231283
nelec by numeric integration = 7.999999999879633
    CPU time for vxc     13.11 sec, wall time      8.78 sec
    CPU time for vj and vk     13.71 sec, wall time     11.30 sec
